???,Unnamed: 1,dlnC_RAW,dlnY_RAW,dlnC_NOME,dlnY_NOME,POP,RGDPPC_PPP,TO,FO
AUS,1875,7.929,6.453,4.066,3.039,1874.0,4138.207,0.339,
AUS,1876,-4.501,-4.682,-0.263,-1.009,1929.0,4007.258,0.318,
AUS,1877,0.563,-0.629,0.911,0.217,1995.0,4036.09,0.328,
AUS,1878,4.111,4.626,1.608,1.492,2062.0,4277.401,0.315,
AUS,1879,-1.236,-3.133,-0.311,-0.946,2127.0,4204.984,0.275,
AUS,1880,-4.336,0.586,-0.833,0.091,2197.0,4285.389,0.305,
AUS,1881,6.852,2.632,2.028,-0.224,2269.0,4454.826,0.309,
AUS,1882,-4.511,-10.924,-0.782,-3.693,2348.0,4062.606,0.337,
AUS,1883,5.282,8.692,1.643,1.981,2447.0,4475.276,0.325,
AUS,1884,-3.117,-5.46,-0.663,-2.081,2556.0,4303.599,0.3,
AUS,1885,1.777,1.448,0.597,0.093,2650.0,4422.264,0.301,
AUS,1886,-2.077,-3.566,-0.434,-1.132,2741.0,4329.442,0.243,
AUS,1887,4.774,5.603,1.012,1.542,2835.0,4631.746,0.226,
AUS,1888,-5.713,-4.27,-2.376,-1.591,2932.0,4503.752,0.262,
AUS,1889,3.034,4.044,-0.68,0.228,3022.0,4746.856,0.246,
AUS,1890,-8.488,-7.839,-5.123,-4.174,3107.0,4457.676,0.232,1.0
AUS,1891,0.8,3.335,-3.852,-2.083,3196.0,4666.458,0.285,1.0
AUS,1892,-18.998,-17.306,-13.296,-10.733,3274.0,3995.418,0.26,1.0
AUS,1893,-14.76,-8.982,-11.925,-7.398,3334.0,3707.858,0.278,1.0
AUS,1894,-1.102,0.201,-4.437,-3.252,3395.0,3765.538,0.287,1.0
AUS,1895,-8.718,-9.2,-5.436,-5.602,3460.0,3487.283,0.342,1.0
AUS,1896,10.651,4.24,2.782,0.065,3523.0,3684.928,0.349,1.0
AUS,1897,-18.916,-8.971,-7.344,-3.179,3586.0,3419.966,0.347,1.0
AUS,1898,18.469,11.729,9.008,4.625,3642.0,3891.268,0.388,1.0
AUS,1899,0.48,-2.725,2.119,-0.405,3691.0,3839.61,0.362,1.0
AUS,1900,5.567,3.114,2.983,0.931,3741.0,4013.365,0.372,1.0
AUS,1901,-5.594,-5.885,-2.107,-2.672,3795.0,3838.735,0.355,1.0
AUS,1902,-0.155,-1.798,0.182,-0.232,3850.0,3822.597,0.303,1.0
AUS,1903,1.019,5.128,0.939,2.718,3896.0,4076.232,0.32,1.0
AUS,1904,3.426,3.916,1.59,2.317,3946.0,4294.729,0.334,1.0
AUS,1905,0.356,-1.672,0.342,0.552,4004.0,4281.968,0.337,1.0
AUS,1906,-3.96,3.832,-0.3,2.406,4062.0,4507.386,0.374,1.0
AUS,1907,10.159,1.057,2.935,1.408,4127.0,4616.428,0.366,1.0
AUS,1908,-6.695,0.305,-2.191,1.449,4197.0,4693.114,0.338,1.0
AUS,1909,-2.731,4.686,-1.012,2.881,4278.0,4980.598,0.32,1.0
AUS,1910,-0.411,3.229,0.071,1.464,4375.0,5209.829,0.341,1.0
AUS,1911,7.174,-3.487,2.447,-1.29,4500.0,5103.778,0.338,1.0
AUS,1912,-2.255,-1.478,-0.599,-1.236,4661.0,5098.477,0.336,1.0
AUS,1913,1.595,-0.194,-0.608,-1.429,4821.0,5156.814,0.31,1.0
AUS,1914,-4.979,-3.985,-3.534,-2.712,4933.0,5026.759,0.27,0.987
AUS,1915,-7.794,-4.015,-5.549,-3.187,4971.0,4896.6,0.23,0.953
AUS,1916,-1.763,-1.744,-4.865,-2.62,4955.0,4878.305,0.23,0.897
AUS,1917,-15.886,-3.172,-8.934,-2.852,4950.0,4791.111,0.253,0.817
AUS,1918,-2.154,-5.476,-2.557,-2.918,5032.0,4601.55,0.204,0.725
AUS,1919,4.812,1.155,1.256,-0.4,5193.0,4715.579,0.281,0.638
AUS,1920,-0.558,-0.282,0.611,-0.096,5358.0,4765.584,0.31,0.572
AUS,1921,4.531,1.688,2.611,1.008,5461.0,4910.822,0.332,0.53
AUS,1922,-1.54,1.757,1.543,1.307,5574.0,5063.689,0.263,0.532
AUS,1923,8.344,1.187,5.754,1.304,5697.0,5192.031,0.26,0.593
AUS,1924,9.263,2.968,6.043,1.72,5819.0,5417.426,0.259,0.694
AUS,1925,0.71,1.155,1.857,0.704,5943.0,5553.088,0.284,0.806
AUS,1926,-1.642,-1.013,-0.106,-0.7,6064.0,5572.559,0.281,0.907
AUS,1927,1.461,-1.899,-0.529,-2.115,6188.0,5543.794,0.271,0.949
AUS,1928,-4.646,-3.076,-3.228,-3.305,6304.0,5451.777,0.26,0.907
AUS,1929,-5.263,-4.947,-3.693,-5.23,6396.0,5262.977,0.261,0.806
AUS,1930,3.684,-12.642,-2.757,-8.767,6469.0,4708.301,0.23,0.694
AUS,1931,-23.17,-9.276,-11.947,-6.148,6527.0,4353.608,0.196,0.593
AUS,1932,-2.713,3.38,-2.989,0.892,6579.0,4563.764,0.202,0.525
AUS,1933,6.557,4.601,2.329,2.706,6631.0,4842.407,0.214,0.5
AUS,1934,3.338,3.055,1.838,2.816,6682.0,5059.862,0.223,0.5
AUS,1935,-2.688,3.634,0.147,3.004,6732.0,5317.588,0.217,0.5
AUS,1936,7.162,2.317,3.204,2.315,6783.0,5515.848,0.231,0.499
AUS,1937,1.58,2.745,0.826,2.389,6841.0,5745.651,0.243,0.498
AUS,1938,0.241,1.071,-1.767,1.16,6904.0,5886.327,0.241,0.493
AUS,1939,-11.901,-2.073,-7.312,0.322,6971.0,5845.561,0.215,0.487
AUS,1940,-8.286,4.022,-6.393,3.659,7042.0,6166.139,0.237,0.479
AUS,1941,-3.518,8.331,-4.146,6.429,7111.0,6788.23,0.201,0.469
AUS,1942,-0.001,8.757,-3.038,6.109,7173.0,7505.452,0.22,0.458
AUS,1943,-10.803,1.248,-6.831,0.849,7236.0,7702.832,0.215,0.448
AUS,1944,-7.838,-5.943,-3.989,-4.14,7309.0,7362.027,0.223,0.438
AUS,1945,11.257,-7.678,5.421,-5.616,7389.0,6916.898,0.216,0.427
AUS,1946,0.816,-6.193,3.156,-4.158,7474.0,6594.933,0.212,0.417
AUS,1947,15.968,-0.308,12.531,-0.638,7578.0,6664.399,0.275,0.406
AUS,1948,9.739,3.155,9.27,1.631,7715.0,6967.46,0.411,0.396
AUS,1949,4.054,2.521,4.682,1.767,7919.0,7236.792,0.398,0.401
AUS,1950,2.072,1.12,1.605,0.827,8267.337,7411.576,0.471,0.428
AUS,1951,-2.424,-0.049,-1.859,-0.229,8510.6,7507.344,0.483,0.474
AUS,1952,-3.178,-2.596,-2.54,-1.103,8691.212,7417.838,0.375,0.529
AUS,1953,-5.455,-0.177,-2.354,0.243,8857.924,7505.257,0.31,0.578
AUS,1954,4.19,2.446,2.14,1.24,9064.017,7790.586,0.289,0.612
AUS,1955,5.317,1.693,2.621,0.945,9277.087,8027.412,0.302,0.625
AUS,1956,-1.114,-0.344,-0.072,0.102,9500.606,8108.325,0.273,0.625
AUS,1957,-2.616,-1.599,-0.811,-0.348,9712.569,8090.238,0.271,0.625
AUS,1958,1.71,1.309,0.978,1.05,9915.267,8305.475,0.235,0.625
AUS,1959,-0.258,2.526,0.835,1.525,10131.73,8628.438,0.244,0.625
AUS,1960,5.864,0.537,2.68,0.601,10361.27,8790.908,0.254,0.625
AUS,1961,-1.203,0.889,-0.086,0.467,10598.81,8653.138,0.241,0.625
AUS,1962,-2.637,-3.271,-0.559,-0.766,10794.97,9026.798,0.246,0.625
AUS,1963,2.426,3.586,1.685,2.312,11001.48,9399.914,0.26,0.625
AUS,1964,2.943,2.579,2.303,2.505,11218.3,9848.904,0.268,0.625
AUS,1965,2.61,4.223,2.319,3.44,11439.38,10151.858,0.261,0.625
AUS,1966,1.492,2.819,2.119,2.921,11655.08,10241.283,0.249,0.619
AUS,1967,3.072,1.149,2.345,1.994,11872.26,10732.747,0.244,0.602
AUS,1968,2.329,5.345,2.327,3.774,12101.66,11148.305,0.242,0.577
AUS,1969,2.667,1.864,2.31,2.144,12379.38,11560.995,0.239,0.542
AUS,1970,1.076,1.241,1.26,1.188,12660.16,12023.545,0.238,0.5
AUS,1971,-0.72,-0.884,0.517,-0.125,12937.2,12289.522,0.229,0.458
AUS,1972,1.948,-0.338,1.745,0.091,13177.0,12404.417,0.217,0.423
AUS,1973,3.202,1.358,1.735,0.016,13380.4,12878.09,0.239,0.398
AUS,1974,0.297,-2.772,0.705,-1.143,13599.1,12985.124,0.266,0.381
AUS,1975,-1.09,0.149,0.302,0.122,13771.4,13169.83,0.243,0.381
AUS,1976,2.361,1.032,1.112,0.176,13915.5,13558.837,0.25,0.398
AUS,1977,-0.157,-1.492,0.227,-0.358,14074.1,13546.372,0.253,0.423
AUS,1978,-0.125,1.572,0.039,0.616,14248.6,13768.651,0.25,0.452
AUS,1979,-0.001,0.701,0.413,0.555,14421.9,14319.542,0.278,0.477
AUS,1980,1.328,0.776,1.121,0.509,14615.9,14411.839,0.29,0.5
AUS,1981,2.176,0.187,0.994,-0.506,14923.26,14660.336,0.273,0.523
AUS,1982,-0.951,-5.504,-0.191,-2.118,15162.0,14411.819,0.269,0.555
AUS,1983,-0.706,1.996,-0.19,0.943,15348.0,14238.924,0.244,0.6
AUS,1984,-0.3,2.754,0.027,1.514,15510.0,15062.411,0.262,0.65
AUS,1985,2.188,1.629,0.951,1.317,15695.0,15638.356,0.296,0.695
AUS,1986,-1.578,-0.749,-0.372,0.345,15900.0,15757.17,0.28,0.727
AUS,1987,0.789,2.501,0.754,1.529,16137.0,16293.301,0.279,0.744
AUS,1988,1.753,0.983,1.255,0.795,16400.0,16752.256,0.272,0.75
AUS,1989,2.371,0.833,1.107,0.05,16681.0,17194.413,0.282,0.75
AUS,1990,-1.767,-3.461,-0.574,-1.835,16956.0,17172.682,0.259,0.75
AUS,1991,-0.496,-2.548,-0.231,-1.19,17202.0,16743.324,0.258,0.75
AUS,1992,-0.706,1.137,-0.136,0.564,17419.0,16988.874,0.279,0.75
AUS,1993,0.202,1.745,0.465,1.128,17608.0,17478.185,0.293,0.75
AUS,1994,2.916,1.979,1.697,1.552,17781.0,18145.568,0.295,0.75
AUS,1995,1.294,1.492,1.214,1.446,17976.0,18529.558,0.31,0.75
AUS,1996,0.197,1.208,1.146,1.572,18195.0,19075.082,0.304,0.75
AUS,1997,2.474,1.928,2.138,1.97,18415.0,19612.092,0.312,0.75
AUS,1998,2.641,2.675,2.043,1.903,18621.0,20377.95,0.326,0.75
AUS,1999,1.833,1.422,1.761,1.212,18830.0,20970.894,0.313,0.75
AUS,2000,1.342,-0.634,1.562,0.454,19053.0,21377.823,0.354,0.75
AUS,2001,0.48,1.015,0.958,0.712,19294.0,21662.026,0.35,0.75
AUS,2002,1.342,0.68,1.532,0.7,19345.0,22236.935,0.336,0.75
AUS,2003,3.153,1.39,2.273,0.868,19767.0,22666.278,0.305,0.75
AUS,2004,2.039,-0.152,1.768,0.316,19995.0,23322.008,0.31,0.75
AUS,2005,0.713,0.475,0.94,0.414,20232.0,23764.614,0.329,0.75
AUS,2006,1.019,0.089,0.841,0.557,20489.0,24097.573,0.349,0.75
AUS,2007,-0.712,1.686,-0.425,0.691,20750.0,24911.578,0.336,0.75
AUS,2008,-0.828,0.257,-0.407,0.079,21007.0,25218.302,0.39,0.75
AUS,2009,-0.49,-1.636,-0.363,-0.854,21388.483,25255.639,0.322,0.75
AUS,2010,-0.385,-0.94,-0.109,-0.611,21687.801,25584.488,0.347,0.75
AUS,2011,1.269,-0.415,0.41,-0.351,22035.048,25873.432,0.353,0.75
AUS,2012,-0.328,0.414,-0.259,-0.089,22440.985,26395.155,0.335,0.75
AUS,2013,-1.316,-0.592,-0.651,-0.447,22812.686,26527.066,0.336,0.75
AUS,2014,0.023,-0.33,-0.18,-0.375,23156.021,26817.468,0.332,0.75
AUS,2015,0.046,-0.442,-0.252,-0.578,23488.596,27091.147,0.327,0.75
AUS,2016,0.261,-0.141,-0.261,-0.596,23853.45,27382.671,0.316,0.75
CAN,1875,-7.036,-5.688,-4.822,-3.828,4071.0,1783.967,0.382,
CAN,1876,-10.79,-10.211,-5.49,-4.934,4128.0,1640.917,0.401,
CAN,1877,5.19,3.286,-0.295,-0.891,4184.0,1727.441,0.389,
CAN,1878,-7.09,-7.217,-3.048,-2.678,4244.0,1637.202,0.366,
CAN,1879,3.712,5.677,1.343,2.265,4312.0,1765.234,0.35,
CAN,1880,-0.417,0.977,1.454,2.046,4384.0,1815.887,0.388,
CAN,1881,12.639,9.765,5.994,5.362,4451.0,2039.578,0.375,
CAN,1882,-0.525,1.498,0.41,1.745,4503.0,2109.072,0.354,
CAN,1883,-4.626,-2.743,-1.802,-0.36,4560.0,2090.366,0.319,
CAN,1884,-2.371,4.656,-1.571,0.647,4617.0,2230.934,0.32,
CAN,1885,-0.137,-9.204,-0.432,-4.209,4666.0,2072.81,0.326,
CAN,1886,-0.059,-1.735,-0.279,-1.223,4711.0,2075.245,0.348,
CAN,1887,-1.794,0.277,-0.413,0.16,4760.0,2119.9,0.313,
CAN,1888,3.642,4.054,1.801,1.35,4813.0,2248.901,0.311,
CAN,1889,0.362,-2.284,1.238,-0.31,4865.0,2239.217,0.314,
CAN,1890,6.569,4.177,2.533,1.394,4918.0,2378.377,0.305,1.0
CAN,1891,-3.692,-0.585,-1.396,-0.648,4972.0,2408.726,0.323,1.0
CAN,1892,-1.055,-3.438,-1.251,-1.953,5022.0,2370.84,0.327,1.0
CAN,1893,-4.427,-3.431,-2.42,-1.933,5072.0,2333.7,0.33,1.0
CAN,1894,1.363,1.798,-1.038,-0.695,5121.0,2420.461,0.322,1.0
CAN,1895,-4.931,-3.919,-3.007,-2.121,5169.0,2370.965,0.349,1.0
CAN,1896,-5.222,-5.394,-2.548,-1.767,5218.0,2288.477,0.376,1.0
CAN,1897,2.278,7.447,0.598,3.127,5269.0,2511.513,0.399,1.0
CAN,1898,-0.053,0.972,1.438,2.014,5325.0,2583.456,0.395,1.0
CAN,1899,10.719,6.04,5.889,4.312,5383.0,2795.615,0.431,1.0
CAN,1900,2.485,2.201,2.825,2.955,5457.0,2911.266,0.411,1.0
CAN,1901,-0.854,4.325,1.419,3.787,5536.0,3096.777,0.411,1.0
CAN,1902,6.488,5.436,2.943,3.494,5650.0,3330.925,0.402,1.0
CAN,1903,-4.85,-1.771,-1.56,0.067,5813.0,3333.628,0.386,1.0
CAN,1904,-1.369,-3.488,-0.045,-0.326,5994.0,3279.564,0.376,1.0
CAN,1905,4.3,6.404,2.333,3.784,6166.0,3561.817,0.39,1.0
CAN,1906,5.872,5.829,2.136,2.879,6282.0,3846.207,0.29,1.0
CAN,1907,-2.739,-1.111,-2.369,-0.672,6596.0,3874.85,0.356,1.0
CAN,1908,-13.742,-9.989,-5.166,-3.575,6813.0,3572.061,0.332,1.0
CAN,1909,6.305,5.63,1.749,2.391,6993.0,3849.598,0.364,1.0
CAN,1910,1.791,3.61,0.796,2.129,7188.0,4065.761,0.367,1.0
CAN,1911,2.405,1.694,0.729,1.603,7410.0,4212.538,0.372,1.0
CAN,1912,-0.305,1.98,-1.289,0.649,7602.0,4377.131,0.42,1.0
CAN,1913,-4.121,-0.274,-4.103,-1.275,7852.0,4446.765,0.405,1.0
CAN,1914,-13.222,-11.81,-6.981,-4.87,8093.0,4025.285,0.375,0.987
CAN,1915,-2.031,3.176,-2.262,1.167,8191.0,4232.888,0.479,0.953
CAN,1916,4.783,7.462,0.642,2.63,8214.0,4646.115,0.624,0.891
CAN,1917,-0.406,1.418,-1.188,-0.836,8277.0,4800.581,0.639,0.8
CAN,1918,-0.095,-9.647,-2.401,-6.522,8374.0,4440.595,0.514,0.7
CAN,1919,-14.958,-11.819,-7.124,-8.797,8548.0,4019.343,0.511,0.609
CAN,1920,7.956,-5.86,-0.507,-7.067,8798.0,3861.476,0.521,0.547
CAN,1921,-20.233,-15.852,-9.23,-8.582,9028.0,3357.01,0.396,0.513
CAN,1922,7.671,10.362,1.858,3.691,9159.0,3793.146,0.391,0.5
CAN,1923,-1.321,2.855,-0.338,1.793,9256.0,3975.958,0.421,0.525
CAN,1924,2.31,-1.826,2.492,0.702,9394.0,3977.019,0.411,0.593
CAN,1925,6.417,6.888,4.577,4.234,9549.0,4340.276,0.429,0.694
CAN,1926,5.964,1.696,5.766,2.398,9713.0,4497.057,0.427,0.806
CAN,1927,7.469,5.641,6.385,4.033,9905.0,4846.996,0.417,0.907
CAN,1928,5.419,4.63,4.29,2.028,10107.0,5171.589,0.427,0.975
CAN,1929,2.357,-3.927,0.593,-3.362,10305.0,5065.446,0.403,0.975
CAN,1930,-7.96,-7.014,-5.693,-7.227,10488.0,4810.604,0.331,0.907
CAN,1931,-8.517,-20.213,-7.178,-14.511,10657.0,4003.693,0.262,0.806
CAN,1932,-11.351,-10.515,-8.691,-10.63,10794.0,3671.453,0.249,0.694
CAN,1933,-5.539,-10.408,-4.189,-7.218,10919.0,3370.406,0.268,0.593
CAN,1934,2.272,7.235,0.052,3.487,11030.0,3691.03,0.295,0.525
CAN,1935,1.581,4.944,0.793,3.387,11136.0,3950.625,0.299,0.5
CAN,1936,1.711,2.447,1.251,3.282,11243.0,4124.206,0.342,0.5
CAN,1937,3.431,6.276,1.481,4.378,11341.0,4473.41,0.347,0.5
CAN,1938,-4.234,-0.245,-1.316,1.49,11452.0,4545.91,0.289,0.5
CAN,1939,-0.006,2.92,0.549,4.065,11570.0,4768.131,0.3,0.5
CAN,1940,4.331,10.002,2.729,8.322,11688.0,5368.245,0.339,0.5
CAN,1941,3.713,10.116,2.47,9.738,11818.0,6050.767,0.373,0.5
CAN,1942,-0.541,13.196,0.736,10.364,11969.0,7033.376,0.392,0.5
CAN,1943,-0.086,1.357,1.298,2.615,12115.0,7262.759,0.428,0.5
CAN,1944,3.955,0.593,3.671,-0.154,12268.0,7442.561,0.442,0.5
CAN,1945,6.817,-6.102,5.53,-3.917,12404.0,7132.953,0.407,0.5
CAN,1946,7.046,-4.721,5.555,-3.18,12634.0,6931.243,0.354,0.5
CAN,1947,3.017,0.387,1.955,-0.972,12901.0,7088.21,0.4,0.5
CAN,1948,-6.486,-2.176,-2.802,-1.706,13180.0,7065.324,0.369,0.5
CAN,1949,1.682,-1.87,0.619,-0.983,13469.0,7064.08,0.344,0.525
CAN,1950,0.699,1.316,-0.169,0.569,14011.42,7291.48,0.343,0.593
CAN,1951,-3.35,1.413,-1.342,0.908,14330.67,7533.49,0.372,0.694
CAN,1952,1.948,2.047,1.043,0.836,14785.58,7833.035,0.344,0.806
CAN,1953,2.367,0.059,1.478,-0.123,15183.38,7984.259,0.332,0.907
CAN,1954,-1.119,-5.485,0.554,-1.748,15636.25,7699.419,0.311,0.975
CAN,1955,3.917,4.462,2.419,1.856,16050.36,8201.251,0.317,1.0
CAN,1956,3.112,3.497,1.871,1.495,16445.09,8651.946,0.33,1.0
CAN,1957,-1.5,-2.376,-0.303,-1.185,17010.15,8606.742,0.315,1.0
CAN,1958,-0.88,-2.701,-0.089,-1.431,17462.0,8534.015,0.291,1.0
CAN,1959,1.365,-0.2,0.304,-0.55,17872.03,8676.237,0.293,1.0
CAN,1960,-0.526,-0.977,-0.49,-0.73,18266.77,8752.508,0.288,1.0
CAN,1961,-2.72,-0.94,-1.196,-0.174,18634.98,8832.745,0.295,1.0
CAN,1962,1.335,3.054,0.612,1.859,18985.85,9276.909,0.293,1.0
CAN,1963,0.383,1.22,0.448,1.437,19342.84,9566.382,0.293,1.0
CAN,1964,1.482,2.574,1.204,2.172,19711.05,9999.364,0.312,1.0
CAN,1965,2.014,2.775,1.465,2.541,20071.1,10472.917,0.313,0.994
CAN,1966,1.182,2.567,1.276,1.981,20448.5,10946.135,0.328,0.977
CAN,1967,-0.002,-0.653,0.425,0.512,20819.77,11078.27,0.332,0.952
CAN,1968,0.913,1.702,0.735,1.552,21143.1,11479.064,0.355,0.923
CAN,1969,1.366,1.853,0.855,1.318,21448.07,11912.352,0.359,0.898
CAN,1970,-1.359,-0.7,0.039,0.338,21749.99,12050.491,0.355,0.875
CAN,1971,2.226,2.304,1.877,1.851,22026.4,12561.926,0.352,0.852
CAN,1972,3.726,2.131,3.026,2.013,22284.5,13072.494,0.366,0.827
CAN,1973,3.548,3.837,2.834,2.679,22559.5,13837.895,0.391,0.798
CAN,1974,1.731,0.764,2.067,1.039,22874.7,14204.689,0.431,0.773
CAN,1975,0.525,-1.07,1.049,0.3,23209.2,14316.263,0.406,0.756
CAN,1976,1.924,2.16,1.24,1.191,23517.5,14902.392,0.393,0.75
CAN,1977,-0.224,0.274,0.028,0.373,23796.4,15222.681,0.407,0.75
CAN,1978,0.151,1.109,-0.03,0.874,24036.3,15680.2,0.437,0.75
CAN,1979,-0.526,1.224,-0.82,0.373,24276.9,16170.145,0.476,0.75
CAN,1980,-1.401,-1.818,-1.316,-1.179,24593.3,16175.706,0.479,0.75
CAN,1981,-1.853,-0.035,-2.07,-1.119,24900.0,16472.45,0.469,0.75
CAN,1982,-5.612,-6.151,-2.935,-2.804,25201.9,15779.406,0.415,0.756
CAN,1983,-0.204,0.012,-0.639,-0.217,25456.3,16076.413,0.419,0.773
CAN,1984,1.413,2.763,0.642,1.287,25701.8,16835.825,0.479,0.798
CAN,1985,2.142,2.485,1.282,1.464,25941.6,17582.069,0.477,0.833
CAN,1986,0.877,-0.272,0.852,0.499,26203.8,17862.104,0.471,0.875
CAN,1987,1.001,0.832,0.804,0.654,26549.7,18348.155,0.447,0.917
CAN,1988,1.159,1.602,0.462,0.267,26894.8,18993.077,0.456,0.952
CAN,1989,-0.188,-1.247,-0.527,-1.312,27379.3,19108.487,0.43,0.977
CAN,1990,-2.156,-3.096,-1.859,-2.52,27790.6,18872.389,0.425,0.994
CAN,1991,-4.594,-5.178,-2.747,-3.393,28117.6,18262.464,0.416,1.0
CAN,1992,-1.712,-2.415,-1.779,-2.1,28545.0,18146.725,0.45,1.0
CAN,1993,-1.415,-0.917,-1.387,-0.983,28953.0,18309.108,0.498,1.0
CAN,1994,0.03,1.671,-0.465,0.381,29331.0,18941.768,0.561,1.0
CAN,1995,-0.971,-0.319,-0.862,-0.508,29691.0,19237.798,0.603,1.0
CAN,1996,-0.464,-1.477,-0.059,-0.494,30026.0,19330.597,0.606,1.0
CAN,1997,1.675,1.234,0.58,0.822,30305.84,19961.823,0.644,1.0
CAN,1998,-0.122,1.087,0.302,1.192,30552.0,20612.387,0.673,1.0
CAN,1999,0.888,2.54,0.549,1.773,30821.0,21563.041,0.685,1.0
CAN,2000,1.137,2.234,0.782,1.42,31100.0,22487.708,0.712,1.0
CAN,2001,-0.551,-1.103,0.172,-0.178,31377.0,22686.646,0.673,1.0
CAN,2002,0.806,0.195,0.583,0.029,31641.0,23155.137,0.644,1.0
CAN,2003,0.201,-0.835,0.379,-0.417,31889.0,23406.98,0.589,1.0
CAN,2004,0.533,-0.094,0.496,-0.203,32135.0,23952.909,0.582,1.0
CAN,2005,1.114,0.276,0.976,-0.251,32386.0,24484.345,0.597,1.0
CAN,2006,1.421,-0.06,0.779,-0.392,32657.0,24967.167,0.582,1.0
CAN,2007,0.618,-0.781,0.451,-1.189,32386.0,25300.084,0.56,1.0
CAN,2008,0.122,-1.939,0.066,-1.995,33213.0,25262.071,0.573,1.0
CAN,2009,-2.608,-5.991,-1.041,-3.257,33590.814,24361.021,0.473,1.0
CAN,2010,1.868,0.07,0.607,-0.839,33964.716,24941.236,0.495,1.0
CAN,2011,-0.527,0.253,-0.554,-0.607,34307.773,25992.744,0.52,1.0
CAN,2012,-1.088,-1.302,-0.549,-1.046,34702.84,26626.972,0.504,1.0
CAN,2013,-0.405,-0.557,-0.541,-0.823,35107.908,27407.231,0.504,1.0
CAN,2014,-0.248,-0.403,-0.59,-1.0,35501.974,28296.954,0.524,1.0
CAN,2015,-0.735,-1.748,-0.744,-1.495,35827.029,28611.426,0.536,1.0
CAN,2016,-0.689,-1.594,-1.187,-1.626,36235.098,29070.44,0.519,1.0
CHE,1885,8.169,2.908,2.463,1.876,2896.0,4455.422,0.792,
CHE,1886,-16.395,1.902,-5.464,1.29,2907.0,4623.497,0.818,
CHE,1887,14.851,-1.667,3.596,-0.018,2918.0,4560.879,0.832,
CHE,1888,-18.315,-0.489,-7.968,0.232,2929.0,4708.034,0.812,
CHE,1889,0.419,1.194,-0.724,1.07,2940.0,4557.506,0.828,
CHE,1890,-0.514,5.818,0.509,1.897,2951.0,4830.036,0.771,1.0
CHE,1891,4.666,-8.308,4.689,-2.278,2965.0,4558.058,0.751,1.0
CHE,1892,21.394,5.723,10.769,2.478,3002.0,4816.413,0.678,1.0
CHE,1893,-6.256,1.808,-1.386,0.717,3040.0,4863.618,0.644,1.0
CHE,1894,-4.138,-5.277,-0.934,-0.784,3077.0,4750.667,0.633,1.0
CHE,1895,-0.995,7.903,0.057,3.622,3114.0,4944.244,0.636,1.0
CHE,1896,4.294,-0.622,2.237,0.637,3151.0,5203.847,0.636,1.0
CHE,1897,3.103,2.137,1.81,1.296,3188.0,5335.547,0.608,1.0
CHE,1898,1.896,-1.224,1.053,-0.11,3226.0,5501.353,0.613,1.0
CHE,1899,-4.877,2.686,-0.758,0.741,3263.0,5608.257,0.657,1.0
CHE,1900,8.646,-1.697,1.769,-1.228,3300.0,5898.959,0.634,1.0
CHE,1901,-8.757,-3.887,-3.368,-2.086,3341.0,5635.668,0.614,1.0
CHE,1902,-1.136,-0.299,-1.353,-0.986,3384.0,5791.702,0.624,1.0
CHE,1903,-3.012,-4.487,-1.44,-1.874,3428.0,5678.997,0.642,1.0
CHE,1904,2.353,1.9,0.068,0.56,3472.0,6067.478,0.619,1.0
CHE,1905,-2.362,1.227,-0.608,1.081,3461.0,6301.792,0.642,1.0
CHE,1906,5.563,5.92,0.88,2.429,3560.0,6591.671,0.629,1.0
CHE,1907,-5.216,-2.056,-2.236,-0.764,3604.0,6557.288,0.666,1.0
CHE,1908,-4.025,-4.225,-1.442,-1.272,3647.0,6572.756,0.589,1.0
CHE,1909,3.012,2.488,0.287,0.717,3691.0,6664.735,0.589,1.0
CHE,1910,0.181,1.014,-0.477,0.221,3735.0,6884.952,0.611,1.0
CHE,1911,-1.068,-0.259,-0.816,-0.727,3776.0,6926.688,0.613,1.0
CHE,1912,0.696,-1.284,-0.793,-1.623,3819.0,7211.932,0.644,1.0
CHE,1913,-2.074,-4.297,-2.177,-2.701,3864.0,7092.612,0.635,1.0
CHE,1914,-9.113,-4.473,-3.679,-2.612,3897.0,6638.709,0.548,1.0
CHE,1915,3.541,2.09,-0.685,-0.957,3883.0,6623.334,0.641,1.0
CHE,1916,-4.575,-0.8,-2.61,-2.594,3883.0,7058.37,0.738,0.975
CHE,1917,-0.983,-9.235,-1.525,-6.256,3888.0,6820.661,0.597,0.907
CHE,1918,-5.521,-12.543,-2.078,-6.568,3880.0,6217.18,0.456,0.806
CHE,1919,4.503,4.769,1.343,1.271,3869.0,6175.758,0.7,0.694
CHE,1920,4.372,6.888,1.114,2.167,3877.0,6567.966,0.679,0.593
CHE,1921,-7.558,-7.943,-1.026,-2.119,3876.0,5543.014,0.538,0.525
CHE,1922,8.918,7.912,3.953,4.891,3874.0,6486.719,0.477,0.525
CHE,1923,5.442,6.042,2.447,4.035,3883.0,6711.095,0.479,0.593
CHE,1924,-5.086,2.01,-0.122,2.62,3896.0,7226.394,0.504,0.694
CHE,1925,3.366,0.861,1.528,1.634,3910.0,7361.068,0.503,0.806
CHE,1926,-1.117,1.021,0.601,1.934,3932.0,7497.244,0.462,0.907
CHE,1927,3.74,4.09,2.132,3.239,3956.0,7962.014,0.478,0.975
CHE,1928,2.017,3.992,1.268,3.005,3988.0,8353.462,0.471,1.0
CHE,1929,1.773,2.789,0.452,1.51,4022.0,8635.802,0.461,1.0
CHE,1930,-7.764,-1.531,-1.923,-1.172,4051.0,8491.669,0.42,1.0
CHE,1931,7.121,-4.626,2.262,-2.642,4080.0,8437.191,0.363,1.0
CHE,1932,-2.342,-4.661,-0.179,-2.368,4102.0,7862.16,0.287,1.0
CHE,1933,3.173,3.702,1.242,0.407,4122.0,8057.293,0.278,1.0
CHE,1934,0.35,-1.484,-0.16,-1.403,4140.0,8086.254,0.264,1.0
CHE,1935,-1.133,-2.788,-1.281,-1.773,4155.0,7697.797,0.257,1.0
CHE,1936,-7.926,-2.916,-2.732,-1.495,4168.0,7574.233,0.263,1.0
CHE,1937,5.312,2.388,0.418,-0.099,4180.0,8360.382,0.329,1.0
CHE,1938,-4.367,-1.254,-1.467,-1.374,4192.0,7966.641,0.315,1.0
CHE,1939,4.869,-0.434,0.355,-1.715,4206.0,8092.206,0.329,1.0
CHE,1940,-3.156,-5.908,-2.85,-4.411,4226.0,8138.787,0.292,1.0
CHE,1941,-8.296,-6.866,-4.694,-4.56,4254.0,8046.674,0.295,1.0
CHE,1942,-5.367,-4.709,-3.951,-3.379,4286.0,7668.759,0.283,1.0
CHE,1943,-1.6,0.056,-2.631,-0.711,4323.0,7642.794,0.249,1.0
CHE,1944,-5.006,-0.854,-2.848,0.056,4364.0,7724.139,0.166,1.0
CHE,1945,-2.803,4.469,-0.006,3.521,4412.0,7475.094,0.182,1.0
CHE,1946,23.196,10.549,13.532,6.881,4467.0,8996.931,0.336,1.0
CHE,1947,2.365,4.953,2.814,3.761,4524.0,9182.169,0.4,1.0
CHE,1948,-3.958,-2.001,-1.456,-0.606,4582.0,9115.653,0.42,1.0
CHE,1949,-2.244,-6.212,-0.924,-2.331,4640.0,8756.594,0.343,1.0
CHE,1950,1.607,4.38,0.315,2.564,4694.0,9063.698,0.364,1.0
CHE,1951,-1.094,4.84,-0.839,2.652,4749.0,9684.144,0.433,1.0
CHE,1952,-1.742,-1.943,-0.866,-0.11,4815.0,9630.114,0.387,1.0
CHE,1953,0.221,0.678,0.419,1.237,4878.0,9840.303,0.376,1.0
CHE,1954,1.733,3.023,1.046,2.549,4929.0,10287.076,0.37,1.0
CHE,1955,1.626,3.94,1.292,3.111,4980.0,10866.867,0.38,1.0
CHE,1956,2.437,3.605,1.389,2.669,5045.0,11439.049,0.41,1.0
CHE,1957,-0.289,1.023,0.319,1.0,5126.0,11705.423,0.439,1.0
CHE,1958,-1.064,-4.964,0.136,-1.607,5199.0,11296.788,0.381,1.0
CHE,1959,2.375,3.64,1.627,2.415,5259.0,11870.127,0.385,1.0
CHE,1960,1.731,3.405,1.672,2.682,5362.0,12456.733,0.391,1.0
CHE,1961,2.596,4.071,2.334,3.054,5512.0,13098.694,0.406,0.987
CHE,1962,2.456,0.868,2.137,1.704,5666.0,13353.512,0.407,0.953
CHE,1963,1.444,1.412,1.618,1.546,5789.0,13710.485,0.398,0.916
CHE,1964,1.498,2.013,1.502,1.656,5887.0,14190.759,0.411,0.893
CHE,1965,1.238,0.756,1.292,0.818,5943.0,14503.618,0.408,0.893
CHE,1966,0.894,0.173,0.983,0.525,5996.0,14727.318,0.41,0.916
CHE,1967,0.586,0.53,1.121,0.816,6063.0,15010.391,0.406,0.953
CHE,1968,1.62,1.192,1.762,1.474,6132.0,15373.777,0.418,0.987
CHE,1969,2.83,2.877,2.362,2.478,6212.0,16030.908,0.436,1.0
CHE,1970,3.19,3.994,2.484,3.015,6267.0,16903.622,0.449,1.0
CHE,1971,2.266,1.677,2.527,1.624,6343.293,17381.035,0.422,0.994
CHE,1972,3.218,1.174,2.222,1.298,6401.4,17774.393,0.416,0.977
CHE,1973,0.958,1.174,0.735,0.305,6441.1,18203.568,0.436,0.952
CHE,1974,-1.923,-0.456,-0.926,-1.003,6460.0,18414.396,0.517,0.923
CHE,1975,-3.071,-7.35,-1.223,-3.583,6403.5,17224.018,0.441,0.898
CHE,1976,1.046,-1.079,0.429,-1.18,6333.313,17170.318,0.469,0.888
CHE,1977,2.012,1.257,0.9,-0.132,6316.424,17635.295,0.518,0.898
CHE,1978,0.66,-0.998,0.479,-0.406,6332.568,17662.187,0.491,0.923
CHE,1979,-0.39,0.786,0.093,0.463,6350.84,18050.211,0.504,0.952
CHE,1980,0.834,2.436,0.117,0.844,6385.229,18779.123,0.559,0.977
CHE,1981,-0.77,-0.202,-0.588,-0.386,6425.45,18956.182,0.54,0.994
CHE,1982,-1.497,-3.348,-0.682,-1.442,6468.126,18560.399,0.514,1.0
CHE,1983,-0.488,-1.314,-0.53,-0.548,6501.073,18559.859,0.499,1.0
CHE,1984,-0.178,1.318,-0.134,0.4,6529.684,19037.828,0.531,1.0
CHE,1985,0.051,1.612,-0.12,0.62,6563.77,19586.457,0.551,1.0
CHE,1986,0.73,-0.234,0.463,0.071,6603.192,19786.34,0.528,1.0
CHE,1987,0.497,-0.79,0.35,0.061,6649.942,19791.752,0.505,1.0
CHE,1988,-0.021,1.099,0.04,0.83,6704.112,20242.651,0.513,1.0
CHE,1989,0.46,2.262,-0.087,0.937,6763.653,20935.285,0.542,1.0
CHE,1990,-0.822,1.347,-0.632,0.219,6836.626,21487.195,0.517,1.0
CHE,1991,-0.745,-3.533,-0.964,-2.043,6920.562,21039.628,0.49,1.0
CHE,1992,-1.961,-2.322,-1.638,-1.722,6995.447,20803.54,0.454,1.0
CHE,1993,-2.657,-2.424,-1.692,-1.724,7058.211,20590.813,0.438,1.0
CHE,1994,-0.93,-0.943,-1.237,-1.39,7114.53,20685.449,0.445,1.0
CHE,1995,-1.168,-1.584,-1.017,-1.294,7157.106,20659.518,0.452,1.0
CHE,1996,-0.48,-1.042,-0.407,-0.732,7181.024,20688.712,0.457,1.0
CHE,1997,0.038,0.545,-0.046,0.18,7193.761,21071.99,0.501,1.0
CHE,1998,0.744,1.076,0.316,0.409,7207.995,21603.491,0.506,1.0
CHE,1999,0.727,-0.373,0.419,0.031,7232.809,21828.105,0.524,1.0
CHE,2000,0.711,1.728,0.33,0.654,7266.92,22521.381,0.556,1.0
CHE,2001,0.418,-0.795,-0.047,-0.637,7311.237,22692.357,0.556,1.0
CHE,2002,-1.823,-1.584,-0.803,-0.928,7361.757,22621.668,0.562,1.0
CHE,2003,-0.923,-2.169,-0.668,-1.016,7408.319,22516.482,0.557,1.0
CHE,2004,-0.236,0.604,-0.402,0.246,7450.867,22959.647,0.58,1.0
CHE,2005,0.078,1.017,-0.276,0.701,7489.37,23480.64,0.603,1.0
CHE,2006,-0.158,1.948,-0.302,1.159,7523.934,24262.436,0.637,1.0
CHE,2007,-0.904,1.8,-0.49,0.691,7554.661,25025.241,0.665,1.0
CHE,2008,0.33,-0.474,-0.062,-0.572,7581.52,25293.204,0.659,1.0
CHE,2009,-0.178,-4.832,-0.255,-2.27,7690.355,24538.195,0.58,1.0
CHE,2010,-0.636,0.582,-0.585,-0.367,7774.228,25033.239,0.603,1.0
CHE,2011,-1.583,-0.769,-0.936,-1.047,7858.101,25741.232,0.599,1.0
CHE,2012,0.036,-1.396,-0.403,-0.967,7942.973,26218.716,0.603,1.0
CHE,2013,0.225,-0.65,-0.273,-0.852,8026.846,26898.534,0.593,1.0
CHE,2014,-1.169,-0.136,-0.81,-0.531,8127.693,27672.943,0.596,1.0
CHE,2015,-0.566,-1.255,-0.698,-0.943,8225.545,27809.296,0.565,1.0
CHE,2016,-0.788,-1.05,-0.939,-1.193,8314.41,28151.393,0.582,1.0
DEU,1875,-0.446,1.231,-0.849,0.249,42518.0,2112.352,0.383,
DEU,1876,-4.635,-1.645,-2.218,-0.917,43059.0,2070.67,0.395,
DEU,1877,-1.415,-2.028,-1.109,-1.05,43610.0,2032.629,0.409,
DEU,1878,2.225,1.47,-0.446,0.036,44129.0,2102.998,0.397,
DEU,1879,-3.444,-0.517,-2.577,-0.965,44641.0,2028.667,0.407,
DEU,1880,-6.325,-5.178,-3.339,-2.287,45095.0,1991.406,0.35,
DEU,1881,0.34,1.285,-0.946,-0.077,45426.0,2025.285,0.359,
DEU,1882,-2.422,-0.752,-0.98,-0.017,45717.0,2044.481,0.37,
DEU,1883,4.043,1.856,1.372,1.092,46014.0,2143.278,0.377,
DEU,1884,-0.042,2.156,0.257,1.404,46335.0,2178.428,0.36,
DEU,1885,0.691,0.8,0.315,0.753,46705.0,2216.236,0.322,
DEU,1886,-0.679,-0.015,-0.395,0.39,47103.0,2211.378,0.321,
DEU,1887,-1.514,-0.116,-0.494,0.03,47540.0,2275.242,0.334,
DEU,1888,1.022,1.368,0.089,0.477,48020.0,2340.784,0.329,
DEU,1889,-0.073,-1.061,-0.007,-0.696,48512.0,2379.218,0.345,
DEU,1890,-0.568,-1.178,-0.269,-0.896,49239.0,2427.809,0.346,1.0
DEU,1891,-0.734,-2.154,-0.227,-1.194,49767.0,2396.546,0.332,1.0
DEU,1892,0.03,-1.252,0.677,-0.179,50279.0,2469.311,0.314,1.0
DEU,1893,4.511,4.387,1.854,1.895,50778.0,2565.464,0.314,1.0
DEU,1894,-1.452,0.415,0.031,0.624,51339.0,2597.602,0.303,1.0
DEU,1895,2.364,-0.11,0.835,0.335,52001.0,2686.084,0.312,1.0
DEU,1896,-1.944,0.506,-0.548,0.412,52753.0,2739.643,0.314,1.0
DEU,1897,-0.352,-0.274,-0.38,-0.075,53549.0,2774.61,0.319,1.0
DEU,1898,0.781,2.193,-0.28,0.37,54406.0,2847.822,0.321,1.0
DEU,1899,-0.928,-3.234,-0.954,-1.755,55248.0,2905.094,0.343,1.0
DEU,1900,-3.142,-1.717,-1.869,-1.582,56046.0,2984.759,0.353,1.0
DEU,1901,-1.936,-2.286,-1.394,-1.485,56874.0,2871.333,0.333,1.0
DEU,1902,-0.852,-1.097,-0.95,-0.714,57767.0,2893.467,0.338,1.0
DEU,1903,0.802,0.698,-0.155,-0.06,58629.0,3008.158,0.348,1.0
DEU,1904,-0.418,0.507,-0.659,0.292,59475.0,3083.354,0.353,1.0
DEU,1905,-1.207,1.599,-0.828,0.298,60314.0,3104.046,0.362,1.0
DEU,1906,-2.443,-2.691,-1.172,-0.847,61153.0,3152.137,0.382,1.0
DEU,1907,1.746,0.384,0.147,0.072,62013.0,3244.873,0.404,1.0
DEU,1908,0.901,1.493,-0.046,0.22,62863.0,3254.311,0.348,1.0
DEU,1909,-2.029,-1.778,-1.524,-0.793,63717.0,3274.706,0.359,1.0
DEU,1910,-4.359,-1.258,-2.456,-0.737,64568.0,3347.648,0.369,1.0
DEU,1911,0.482,1.304,-0.723,0.112,65359.0,3408.404,0.384,1.0
DEU,1912,1.654,-0.12,-0.893,-0.552,66146.0,3523.694,0.407,0.995
DEU,1913,-2.689,1.771,-4.606,-1.291,66978.0,3648.006,0.411,0.976
DEU,1914,-20.921,-9.53,-14.455,-7.608,67790.0,3059.29,0.4,0.938
DEU,1915,-9.047,-15.521,-10.642,-11.105,67883.0,2899.012,0.388,0.876
DEU,1916,-12.541,-2.623,-12.644,-6.812,67715.0,2934.503,0.377,0.795
DEU,1917,-14.696,-17.111,-12.064,-12.333,67368.0,2952.079,0.365,0.705
DEU,1918,-5.001,-3.525,-3.332,-4.775,66811.0,2983.157,0.354,0.611
DEU,1919,16.845,-5.585,10.121,-3.077,62897.0,2586.272,0.342,0.516
DEU,1920,-5.784,9.095,-0.968,4.85,61974.0,2795.596,0.33,0.427
DEU,1921,13.571,3.147,9.125,2.329,62473.0,3077.826,0.319,0.39
DEU,1922,2.988,3.668,2.154,0.658,61185.0,3330.986,0.307,0.436
DEU,1923,-15.174,-16.353,-6.776,-7.242,61577.0,2749.579,0.296,0.553
DEU,1924,18.556,8.617,12.569,4.259,61953.0,3198.829,0.284,0.71
DEU,1925,10.135,4.682,7.886,3.2,62411.0,3531.678,0.333,0.86
DEU,1926,-3.861,-1.075,0.519,1.047,62866.0,3604.636,0.302,0.962
DEU,1927,10.549,7.536,6.384,4.459,63252.0,3941.099,0.328,1.0
DEU,1928,-0.699,0.997,-0.471,0.175,63618.0,4089.994,0.32,0.949
DEU,1929,-3.002,-3.719,-2.575,-3.689,63957.0,4051.406,0.331,0.814
DEU,1930,-6.41,-9.109,-5.021,-8.257,64294.0,3973.358,0.298,0.613
DEU,1931,-5.597,-15.873,-4.374,-12.424,64631.0,3651.514,0.265,0.387
DEU,1932,-4.292,-10.662,-2.902,-8.188,64911.0,3361.678,0.204,0.186
DEU,1933,1.654,5.367,0.493,3.11,65218.0,3555.788,0.173,0.051
DEU,1934,3.907,7.559,1.499,6.395,65595.0,3858.212,0.148,0.0
DEU,1935,-1.83,9.28,-0.434,8.456,66871.0,4119.813,0.129,0.0
DEU,1936,-0.841,8.554,0.257,8.606,67349.0,4450.742,0.124,0.001
DEU,1937,3.484,8.257,1.754,8.113,67831.0,4684.923,0.141,0.002
DEU,1938,1.279,6.423,0.994,7.845,68424.0,4993.597,0.118,0.007
DEU,1939,5.074,14.672,1.014,12.993,69314.0,5406.244,0.099,0.013
DEU,1940,-10.157,12.569,-6.325,12.539,69838.0,5402.506,0.081,0.021
DEU,1941,-4.921,11.134,-5.616,10.54,70244.0,5711.15,0.103,0.031
DEU,1942,-12.54,3.053,-9.434,3.524,70834.0,5739.927,0.117,0.042
DEU,1943,-2.607,5.1,-5.565,4.083,70411.0,5889.648,0.112,0.052
DEU,1944,-10.419,-9.648,-10.536,-12.336,64247.0,6083.747,0.102,0.062
DEU,1945,-22.073,-109.703,-16.258,-102.385,65884.0,4514.284,0.093,0.073
DEU,1946,3.707,-18.872,0.146,-20.239,49260.0,2216.843,0.083,0.083
DEU,1947,-4.048,13.401,-1.489,12.198,49188.0,2436.091,0.074,0.094
DEU,1948,12.857,14.054,9.51,14.204,49311.0,2833.717,0.065,0.104
DEU,1949,8.084,15.853,8.134,15.01,49987.0,3282.464,0.114,0.118
DEU,1950,10.102,5.448,9.079,6.22,50799.0,3880.887,0.183,0.154
DEU,1951,4.948,6.661,6.019,6.611,51157.0,4205.812,0.209,0.23
DEU,1952,6.562,6.515,6.918,6.542,51611.0,4552.602,0.209,0.344
DEU,1953,7.871,5.859,7.052,5.8,52148.0,4905.088,0.205,0.477
DEU,1954,3.276,4.749,4.436,5.243,52665.0,5246.8,0.229,0.613
DEU,1955,7.41,8.75,6.487,7.467,52229.0,5796.972,0.252,0.737
DEU,1956,5.716,4.527,5.124,4.767,53931.0,6176.635,0.254,0.834
DEU,1957,3.312,2.87,3.708,3.103,54657.0,6492.214,0.283,0.903
DEU,1958,2.144,1.445,2.67,2.411,55292.0,6736.765,0.268,0.953
DEU,1959,2.947,4.798,3.356,4.295,56002.0,7176.689,0.273,0.987
DEU,1960,5.155,5.673,4.281,4.567,55433.0,7705.233,0.287,1.0
DEU,1961,2.932,1.455,2.976,2.147,56185.0,7952.16,0.275,1.0
DEU,1962,2.598,1.681,2.276,1.66,56837.0,8222.122,0.272,1.0
DEU,1963,0.234,0.137,1.189,1.099,57389.0,8385.523,0.277,1.0
DEU,1964,2.566,3.809,2.461,2.573,57971.0,8822.354,0.282,1.0
DEU,1965,3.984,2.486,2.75,1.942,58619.0,9185.729,0.296,1.0
DEU,1966,0.542,0.272,1.158,0.761,59148.0,9387.599,0.301,1.0
DEU,1967,-0.782,-2.174,0.705,-0.076,59286.0,9396.681,0.305,1.0
DEU,1968,2.697,3.403,2.474,2.513,59500.0,9864.45,0.324,1.0
DEU,1969,5.181,4.603,4.205,3.242,60067.0,10440.36,0.339,1.0
DEU,1970,4.791,2.374,4.155,2.195,60651.0,10839.145,0.333,0.994
DEU,1971,2.715,0.264,2.919,1.452,61284.0,11076.769,0.327,0.983
DEU,1972,3.05,1.941,2.589,1.435,61672.0,11480.849,0.325,0.975
DEU,1973,0.738,2.634,0.945,1.398,61976.0,11966.464,0.341,0.972
DEU,1974,-1.901,-1.49,-0.244,-0.535,62054.0,12063.032,0.399,0.975
DEU,1975,2.413,-2.68,1.906,-0.449,61829.0,12040.608,0.377,0.977
DEU,1976,3.051,4.061,2.533,2.12,61531.0,12683.847,0.41,0.97
DEU,1977,2.766,1.379,2.288,1.404,61400.0,13071.902,0.409,0.952
DEU,1978,2.053,1.451,1.937,1.484,61326.0,13455.32,0.398,0.93
DEU,1979,1.543,2.333,1.01,1.243,61359.0,13993.301,0.421,0.922
DEU,1980,-0.441,-0.889,-0.301,-0.432,61566.0,14114.03,0.449,0.93
DEU,1981,-2.165,-1.727,-1.529,-1.315,61682.0,14148.598,0.474,0.952
DEU,1982,-2.537,-2.498,-1.291,-1.253,61638.0,14039.641,0.478,0.977
DEU,1983,0.146,0.466,-0.161,0.226,61423.0,14328.857,0.468,0.994
DEU,1984,0.742,1.546,0.478,0.891,61175.0,14783.184,0.501,1.0
DEU,1985,0.48,0.621,0.719,0.517,61024.0,15139.762,0.52,1.0
DEU,1986,2.084,0.62,1.463,0.602,61066.0,15469.014,0.463,1.0
DEU,1987,1.889,-0.174,1.309,0.408,61077.0,15701.373,0.45,1.0
DEU,1988,0.425,1.414,0.749,1.006,61449.0,16160.115,0.458,1.0
DEU,1989,0.423,0.931,0.621,1.114,62063.0,16558.121,0.489,1.0
DEU,1990,0.249,1.589,0.628,1.41,63253.0,15928.845,0.476,1.0
DEU,1991,1.842,2.431,0.965,1.272,80013.9,16649.524,0.437,1.0
DEU,1992,0.915,-0.183,0.383,-0.114,80624.6,16890.561,0.4,1.0
DEU,1993,-1.459,-3.107,-0.339,-1.335,81156.36,16644.68,0.363,1.0
DEU,1994,0.03,0.652,-0.061,0.0,81438.35,17027.786,0.378,1.0
DEU,1995,0.27,-0.047,-0.132,-0.377,81678.05,17298.819,0.391,1.0
DEU,1996,-0.583,-0.93,-0.309,-0.326,81914.83,17420.221,0.403,1.0
DEU,1997,-0.908,0.013,-0.493,0.042,82034.77,17708.525,0.443,1.0
DEU,1998,-0.17,0.364,-0.037,0.241,82047.19,18028.881,0.464,1.0
DEU,1999,1.271,0.299,0.436,0.149,82100.24,18380.044,0.478,1.0
DEU,2000,0.621,1.395,0.344,0.504,82211.5,18943.516,0.555,1.0
DEU,2001,0.143,-0.51,-0.382,-0.536,82349.93,19156.69,0.561,1.0
DEU,2002,-2.472,-1.716,-1.578,-1.037,82488.5,19140.378,0.548,1.0
DEU,2003,-1.526,-1.877,-1.456,-1.226,82534.18,19087.572,0.557,1.0
DEU,2004,-1.435,-0.423,-1.477,-0.424,82516.26,19283.67,0.576,1.0
DEU,2005,-1.677,-0.87,-1.298,-0.286,82469.42,19417.057,0.616,1.0
DEU,2006,-0.622,2.115,-1.026,0.883,82376.45,20040.62,0.681,1.0
DEU,2007,-1.697,1.711,-1.369,0.669,82266.37,20546.936,0.691,1.0
DEU,2008,-1.127,-0.364,-1.181,-0.889,82110.1,20801.437,0.7,1.0
DEU,2009,-1.567,-7.16,-1.175,-2.774,81909.836,19789.845,0.598,1.0
DEU,2010,-1.073,2.521,-0.677,0.838,81859.77,20661.445,0.678,1.0
DEU,2011,1.598,3.817,0.164,1.405,81869.968,21874.573,0.726,1.0
DEU,2012,-0.451,-1.328,-0.438,-0.392,81716.257,22388.891,0.726,1.0
DEU,2013,-1.258,-1.415,-1.022,-0.769,81493.337,22824.425,0.705,1.0
DEU,2014,-1.06,-0.137,-1.007,-0.476,81154.213,23583.266,0.694,1.0
DEU,2015,-0.761,-0.768,-0.955,-0.869,80454.805,23988.968,0.704,1.0
DEU,2016,-0.53,-0.682,-0.891,-1.001,79669.685,24504.336,0.688,1.0
DNK,1875,-10.738,-0.858,-3.326,-1.111,1973.0,2111.602,0.448,
DNK,1876,7.773,-0.757,1.275,-1.157,1994.0,2130.331,0.442,
DNK,1877,-4.292,-5.788,-1.682,-2.727,2019.0,2046.152,0.451,
DNK,1878,0.909,1.039,0.083,-0.371,2043.0,2102.085,0.412,
DNK,1879,0.928,0.546,-0.354,-0.172,2064.0,2148.546,0.426,
DNK,1880,-1.072,-0.201,-1.156,-0.352,2081.0,2181.466,0.458,
DNK,1881,-7.939,-1.732,-2.073,-0.615,2101.0,2182.918,0.46,
DNK,1882,8.654,1.085,3.255,0.13,2120.0,2240.42,0.455,
DNK,1883,3.146,0.798,1.38,-0.26,2137.0,2299.05,0.486,
DNK,1884,-2.037,-2.254,-0.392,-1.153,2160.0,2285.375,0.472,
DNK,1885,-1.724,-2.261,-0.935,-1.054,2186.0,2274.209,0.434,
DNK,1886,-2.492,1.158,-0.752,0.164,2213.0,2336.109,0.399,
DNK,1887,2.061,0.652,0.849,-0.192,2237.0,2394.515,0.453,
DNK,1888,2.009,-1.745,0.873,-0.775,2257.0,2388.808,0.478,
DNK,1889,-0.152,-1.281,0.318,-0.211,2276.0,2399.631,0.494,
DNK,1890,0.534,3.35,0.235,1.165,2294.0,2523.243,0.48,
DNK,1891,-0.016,-0.545,0.14,0.074,2311.0,2555.18,0.499,
DNK,1892,0.136,0.061,0.056,0.066,2327.0,2597.791,0.486,
DNK,1893,0.726,-0.561,0.565,-0.146,2344.0,2628.737,0.482,
DNK,1894,-0.462,-0.597,0.107,0.209,2367.0,2657.427,0.534,
DNK,1895,2.848,2.596,0.869,1.035,2397.0,2770.225,0.509,
DNK,1896,-1.239,0.643,-0.99,0.391,2428.0,2835.791,0.508,
DNK,1897,-4.931,-0.703,-1.772,-0.233,2462.0,2862.989,0.519,
DNK,1898,0.545,-1.506,-0.236,-0.504,2497.0,2869.596,0.524,
DNK,1899,0.72,1.226,0.105,0.706,2530.0,2952.095,0.551,
DNK,1900,1.394,0.478,0.353,0.452,2561.0,3016.611,0.528,
DNK,1901,-0.887,1.196,-0.229,0.761,2594.0,3104.202,0.501,
DNK,1902,-1.344,-0.439,-0.107,0.248,2623.0,3141.068,0.539,
DNK,1903,2.243,2.965,1.117,1.59,2653.0,3290.298,0.544,
DNK,1904,1.693,-0.559,1.177,-0.132,2681.0,3325.58,0.558,
DNK,1905,-0.352,-1.135,0.686,-0.172,2710.0,3345.974,0.561,
DNK,1906,2.529,0.004,1.625,0.045,2741.0,3401.799,0.586,
DNK,1907,2.819,0.739,1.508,0.367,2775.0,3486.281,0.585,
DNK,1908,-2.391,0.23,-0.209,0.365,2809.0,3552.1,0.559,
DNK,1909,2.187,0.837,1.175,0.512,2845.0,3642.517,0.553,
DNK,1910,-0.712,0.039,0.387,0.477,2882.0,3705.083,0.553,
DNK,1911,3.978,2.351,1.89,0.819,2917.0,3856.661,0.566,
DNK,1912,0.002,-2.825,0.296,-1.086,2951.0,3812.226,0.619,
DNK,1913,0.488,0.913,0.019,0.178,2983.0,3912.169,0.615,
DNK,1914,-5.485,3.299,-1.424,-0.431,3018.0,4110.408,0.592,
DNK,1915,3.565,-10.186,2.053,-4.884,3055.0,3777.948,0.696,
DNK,1916,8.19,1.291,3.034,-1.87,3092.0,3891.258,0.644,
DNK,1917,-9.056,-9.12,-2.361,-5.391,3130.0,3616.582,0.498,
DNK,1918,2.314,-6.203,3.13,-2.652,3165.0,3458.597,0.34,
DNK,1919,20.534,9.372,9.014,3.257,3202.0,3859.628,0.54,0.5
DNK,1920,-8.692,1.735,-5.629,0.714,3242.0,3991.99,0.613,0.5
DNK,1921,-21.548,-6.031,-10.618,-1.317,3285.0,3826.055,0.489,0.5
DNK,1922,4.474,6.889,2.083,4.185,3322.0,4166.352,0.487,0.5
DNK,1923,11.968,7.399,4.671,4.01,3356.0,4558.811,0.571,0.5
DNK,1924,-5.06,-2.355,-2.922,-0.719,3389.0,4528.194,0.639,0.525
DNK,1925,-7.138,-5.097,-3.345,-1.723,3425.0,4378.38,0.606,0.593
DNK,1926,0.076,3.264,-0.21,1.324,3452.0,4597.682,0.531,0.694
DNK,1927,2.864,-0.428,1.498,0.26,3475.0,4657.925,0.569,0.806
DNK,1928,2.631,1.041,1.93,1.35,3497.0,4785.468,0.586,0.869
DNK,1929,2.296,4.223,2.047,2.558,3518.0,5075.355,0.574,0.835
DNK,1930,4.096,3.471,2.469,1.91,3542.0,5340.788,0.557,0.71
DNK,1931,0.377,-1.365,0.431,-0.79,3569.0,5359.241,0.497,0.54
DNK,1932,-3.152,-5.349,-0.76,-2.286,3603.0,5169.392,0.428,0.39
DNK,1933,2.184,0.67,0.452,-0.27,3633.0,5290.528,0.434,0.288
DNK,1934,-1.261,0.372,-0.947,-0.113,3666.0,5402.07,0.416,0.25
DNK,1935,-3.719,-0.24,-1.337,-0.251,3695.0,5479.689,0.392,0.25
DNK,1936,2.966,0.04,0.604,-0.058,3722.0,5574.761,0.414,0.25
DNK,1937,-0.065,-0.014,-0.494,-0.404,3749.0,5668.464,0.454,0.25
DNK,1938,0.345,-0.02,-1.046,-0.868,3777.0,5762.391,0.421,0.25
DNK,1939,0.108,2.239,-3.905,-1.931,3805.0,5992.951,0.408,0.25
DNK,1940,-27.363,-17.63,-15.584,-11.016,3832.0,5116.284,0.336,0.25
DNK,1941,-5.546,-13.008,-5.352,-9.162,3863.0,4573.746,0.265,0.25
DNK,1942,7.377,-0.47,2.146,-1.342,3903.0,4628.532,0.205,0.25
DNK,1943,-1.898,7.743,-0.04,4.176,3949.0,5079.952,0.205,0.25
DNK,1944,3.285,7.099,3.945,3.375,3998.0,5543.104,0.183,0.25
DNK,1945,12.503,-10.767,10.124,-3.342,4045.0,5066.136,0.114,0.25
DNK,1946,18.989,11.614,12.383,6.48,4101.0,5776.664,0.302,0.25
DNK,1947,-15.873,2.685,-9.188,2.57,4146.0,6034.848,0.331,0.25
DNK,1948,-2.349,0.543,-0.859,1.73,4190.0,6133.017,0.348,0.25
DNK,1949,2.988,1.804,1.885,2.041,4230.0,6494.369,0.411,0.256
DNK,1950,5.391,4.395,2.579,2.59,4271.0,6943.105,0.486,0.273
DNK,1951,-1.46,-1.891,-0.643,-0.429,4303.62,6936.486,0.553,0.298
DNK,1952,-3.337,-0.756,-1.307,0.236,4334.0,6955.238,0.507,0.327
DNK,1953,0.323,3.288,0.164,1.686,4369.28,7291.59,0.495,0.358
DNK,1954,2.739,0.21,0.762,0.204,4406.0,7371.312,0.532,0.392
DNK,1955,-1.792,-1.4,-0.805,-0.384,4439.0,7395.359,0.534,0.423
DNK,1956,-0.718,-0.316,-0.26,0.311,4466.471,7438.759,0.541,0.458
DNK,1957,0.095,2.764,0.118,1.554,4487.831,7965.095,0.532,0.5
DNK,1958,0.313,-0.067,0.607,1.12,4515.132,8095.223,0.526,0.548
DNK,1959,1.429,3.795,1.396,3.079,4546.636,8637.155,0.544,0.6
DNK,1960,4.141,3.729,2.909,3.243,4581.0,8811.832,0.559,0.65
DNK,1961,3.723,3.895,2.677,3.533,4609.817,9311.866,0.516,0.695
DNK,1962,0.568,3.058,1.646,2.573,4646.899,9747.361,0.511,0.727
DNK,1963,0.623,-1.851,1.351,0.692,4683.579,9731.66,0.514,0.744
DNK,1964,3.073,6.467,1.914,4.353,4720.171,10559.575,0.526,0.75
DNK,1965,0.212,1.99,0.817,1.845,4758.1,10953.322,0.51,0.75
DNK,1966,0.777,0.191,0.846,1.103,4797.5,11159.771,0.478,0.75
DNK,1967,1.029,2.195,1.095,2.038,4838.8,11436.513,0.456,0.75
DNK,1968,0.25,1.179,1.027,1.779,4867.3,11836.747,0.455,0.75
DNK,1969,3.799,4.499,1.985,3.016,4890.687,12530.55,0.464,0.75
DNK,1970,0.914,-0.169,0.565,0.612,4928.757,12685.551,0.477,0.75
DNK,1971,-1.494,0.607,-0.431,0.987,4963.126,12933.583,0.455,0.75
DNK,1972,-1.992,2.487,-0.698,1.438,4991.596,13538.355,0.426,0.75
DNK,1973,3.666,0.751,0.984,-0.035,5021.861,13945.428,0.474,0.75
DNK,1974,-4.75,-4.214,-1.644,-1.911,5045.297,13751.222,0.538,0.75
DNK,1975,1.369,-2.065,0.964,-0.747,5059.861,13621.125,0.491,0.75
DNK,1976,4.951,3.952,2.219,1.297,5072.596,14466.36,0.502,0.75
DNK,1977,-0.519,-0.762,-0.037,-0.081,5088.419,14655.436,0.486,0.75
DNK,1978,-0.673,0.712,-0.706,0.189,5104.247,14825.693,0.457,0.75
DNK,1979,-1.492,0.064,-1.792,-0.582,5116.8,15313.477,0.487,0.75
DNK,1980,-5.003,-2.195,-3.165,-1.555,5123.027,15227.326,0.527,0.75
DNK,1981,-4.022,-3.849,-2.406,-1.677,5121.572,15096.146,0.566,0.75
DNK,1982,0.636,0.837,-0.433,-0.016,5117.81,15563.298,0.554,0.75
DNK,1983,-0.009,0.902,0.143,0.535,5114.297,15966.222,0.556,0.75
DNK,1984,1.811,1.375,1.295,1.109,5111.619,16675.93,0.578,0.75
DNK,1985,2.542,2.191,1.701,1.619,5113.691,17384.116,0.585,0.763
DNK,1986,4.969,2.812,1.902,1.432,5120.534,17993.241,0.52,0.797
DNK,1987,-3.805,-1.134,-1.683,-0.556,5127.024,18023.321,0.484,0.847
DNK,1988,-3.461,-2.46,-1.883,-1.625,5129.516,18224.331,0.499,0.903
DNK,1989,-1.611,-2.778,-1.627,-1.735,5132.593,18261.335,0.532,0.953
DNK,1990,-1.091,-0.725,-0.998,-0.97,5140.954,18452.426,0.515,0.987
DNK,1991,-0.425,-0.679,-0.609,-1.059,5154.352,18643.79,0.525,1.0
DNK,1992,0.532,-0.551,-0.454,-0.868,5171.393,18949.445,0.513,1.0
DNK,1993,-3.434,-2.828,-1.053,-1.063,5188.386,18870.434,0.494,1.0
DNK,1994,3.931,2.753,1.333,1.203,5205.603,19847.266,0.517,1.0
DNK,1995,-0.596,0.77,-0.214,0.548,5232.612,20350.03,0.534,1.0
DNK,1996,-0.25,0.112,0.19,0.374,5262.075,20809.661,0.523,1.0
DNK,1997,0.913,0.529,0.225,0.383,5283.663,21387.538,0.548,1.0
DNK,1998,0.245,-0.257,-0.35,0.07,5302.767,21770.865,0.547,1.0
DNK,1999,-2.261,0.694,-1.397,0.297,5320.134,22255.437,0.546,1.0
DNK,2000,-1.857,1.208,-1.28,0.446,5337.416,22966.118,0.593,1.0
DNK,2001,-1.585,-1.32,-1.141,-0.8,5355.826,23048.491,0.593,1.0
DNK,2002,-0.104,-1.465,-0.249,-1.101,5374.693,23074.607,0.603,1.0
DNK,2003,-0.567,-1.491,0.057,-0.763,5394.138,23079.655,0.57,1.0
DNK,2004,3.187,0.165,1.891,-0.03,5413.392,23525.719,0.566,1.0
DNK,2005,2.517,0.441,1.667,0.156,5432.335,24016.886,0.584,1.0
DNK,2006,1.815,1.818,1.082,0.381,5450.661,24748.726,0.617,1.0
DNK,2007,0.144,-1.23,-0.328,-1.529,5468.12,25060.288,0.621,1.0
DNK,2008,-2.673,-2.793,-2.221,-2.657,5484.723,24788.6,0.634,1.0
DNK,2009,-6.392,-7.258,-3.652,-4.058,5519.779,23275.489,0.537,1.0
DNK,2010,-1.026,-0.282,-1.545,-1.281,5543.817,23512.631,0.555,1.0
DNK,2011,-1.481,-0.776,-1.796,-1.583,5569.858,23715.906,0.605,1.0
DNK,2012,-1.21,-1.842,-1.301,-1.433,5589.89,23685.472,0.606,1.0
DNK,2013,-1.482,-1.18,-1.408,-1.23,5611.925,23812.61,0.61,1.0
DNK,2014,-0.944,-0.592,-1.091,-0.768,5635.964,24091.597,0.593,1.0
DNK,2015,-0.489,-0.804,-0.673,-1.036,5669.016,24338.067,0.593,1.0
DNK,2016,-0.091,-0.527,-0.844,-0.923,5716.091,24610.052,0.584,1.0
ESP,1875,-2.451,0.936,-0.282,0.343,16538.415,1542.132,0.136,
ESP,1876,8.933,1.224,3.146,1.185,16574.727,1589.163,0.134,
ESP,1877,6.973,8.552,1.972,2.774,16634.488,1762.14,0.127,
ESP,1878,-8.5,-5.955,-3.164,-2.97,16732.149,1690.093,0.122,
ESP,1879,-6.969,-9.212,-2.956,-3.511,16848.28,1569.034,0.135,
ESP,1880,2.176,6.653,-0.432,1.707,16967.672,1707.086,0.151,
ESP,1881,0.931,-1.082,-0.911,-0.867,17094.463,1719.044,0.155,
ESP,1882,-3.622,-1.403,-1.889,-0.989,17201.33,1725.544,0.152,
ESP,1883,-1.061,-0.393,-1.535,-1.296,17263.319,1749.651,0.158,
ESP,1884,0.596,-1.499,-1.559,-2.145,17335.969,1754.573,0.144,
ESP,1885,-7.064,-5.594,-3.599,-3.616,17373.395,1688.923,0.15,
ESP,1886,-2.756,-4.147,-2.661,-3.17,17430.485,1649.42,0.155,
ESP,1887,-5.356,-4.009,-2.411,-2.549,17515.661,1613.066,0.161,
ESP,1888,5.979,2.083,0.644,-0.65,17562.245,1676.597,0.168,
ESP,1889,-3.011,-2.034,-1.409,-1.484,17591.189,1672.346,0.195,
ESP,1890,-2.155,-2.033,-1.065,-0.909,17590.227,1668.117,0.194,0.5
ESP,1891,-1.448,0.091,-0.311,-0.083,17609.213,1699.619,0.194,0.5
ESP,1892,8.144,6.292,1.471,1.464,17658.203,1842.497,0.193,0.5
ESP,1893,-6.018,-6.185,-2.559,-2.685,17721.597,1763.097,0.193,0.5
ESP,1894,0.338,-0.648,-2.084,-1.865,17780.326,1783.174,0.201,0.5
ESP,1895,-5.964,-3.485,-5.261,-3.638,17848.052,1753.038,0.181,0.5
ESP,1896,-19.979,-12.238,-8.231,-5.191,17936.048,1578.963,0.226,0.5
ESP,1897,6.472,3.968,1.277,0.604,18071.61,1672.377,0.223,0.5
ESP,1898,7.239,4.452,2.516,1.299,18254.136,1779.922,0.224,0.5
ESP,1899,-0.044,-1.469,0.651,-0.037,18438.911,1785.461,0.224,0.5
ESP,1900,-2.724,-0.281,0.898,0.299,18583.514,1812.42,0.237,0.5
ESP,1901,14.815,5.752,4.61,1.283,18707.89,1954.206,0.217,0.5
ESP,1902,-8.59,-6.956,-3.022,-3.251,18882.144,1855.633,0.22,0.5
ESP,1903,-2.89,-2.783,-2.315,-2.547,19093.332,1837.123,0.219,0.5
ESP,1904,-5.522,-3.708,-3.166,-2.535,19268.119,1802.036,0.213,0.5
ESP,1905,-4.517,-3.228,-2.238,-1.614,19382.496,1776.125,0.238,0.5
ESP,1906,5.041,3.864,1.1,0.922,19470.775,1879.256,0.216,0.5
ESP,1907,-1.016,0.122,-0.199,0.22,19574.641,1915.35,0.213,0.5
ESP,1908,5.032,1.31,0.904,0.299,19694.022,1975.464,0.19,0.5
ESP,1909,-2.484,0.308,-2.09,-0.62,19819.512,2017.147,0.177,0.5
ESP,1910,-11.524,-7.132,-4.38,-2.454,19938.823,1912.03,0.205,0.5
ESP,1911,6.882,5.219,-0.877,0.517,20035.553,2050.653,0.217,0.497
ESP,1912,-13.012,-5.575,-4.949,-2.104,20141.093,1974.301,0.231,0.485
ESP,1913,5.973,3.317,-0.558,0.012,20266.841,2077.542,0.232,0.461
ESP,1914,-5.491,-5.272,-4.301,-2.4,20472.193,2006.253,0.171,0.423
ESP,1915,-13.43,-1.43,-5.183,-1.266,20747.347,2013.3,0.169,0.372
ESP,1916,8.812,1.67,2.324,-0.568,20982.257,2083.981,0.182,0.312
ESP,1917,-0.001,-3.839,0.681,-2.107,21150.561,2041.508,0.188,0.253
ESP,1918,5.459,-2.935,2.308,-1.331,21192.701,2018.065,0.131,0.202
ESP,1919,-8.085,-0.272,-0.965,0.073,21235.824,2048.737,0.23,0.164
ESP,1920,14.126,5.203,6.271,2.394,21361.206,2196.912,0.241,0.14
ESP,1921,-4.039,0.615,1.374,0.763,21536.019,2250.175,0.179,0.128
ESP,1922,12.648,1.346,6.583,0.96,21757.408,2321.634,0.156,0.125
ESP,1923,-1.427,-1.616,0.861,-0.248,21934.499,2325.45,0.194,0.125
ESP,1924,-3.101,0.668,-0.322,0.968,22099.314,2383.084,0.178,0.125
ESP,1925,5.629,3.927,1.954,1.615,22290.779,2523.037,0.173,0.125
ESP,1926,-7.495,-3.806,-1.202,-0.473,22527.928,2472.443,0.14,0.125
ESP,1927,13.455,6.345,4.273,2.463,22781.149,2681.731,0.144,0.125
ESP,1928,-8.936,-3.113,-2.782,-0.793,23030.967,2646.232,0.156,0.125
ESP,1929,5.658,4.831,-0.003,0.757,23279.776,2827.098,0.168,0.119
ESP,1930,-14.916,-7.971,-6.616,-4.552,23583.396,2657.374,0.169,0.102
ESP,1931,1.574,-5.321,-0.629,-3.557,23967.305,2564.918,0.151,0.077
ESP,1932,2.811,0.03,-0.352,-2.165,24378.748,2611.779,0.153,0.048
ESP,1933,-6.405,-6.167,-3.476,-4.094,24792.067,2499.687,0.112,0.023
ESP,1934,3.243,0.687,-0.401,-2.2,25177.001,2562.137,0.102,0.006
ESP,1935,-1.243,-1.134,-6.43,-5.27,25542.523,2578.738,0.093,0.0
ESP,1936,-54.296,-29.836,-39.81,-19.859,25874.735,1947.877,0.104,0.001
ESP,1937,-14.561,-9.825,-15.637,-9.674,26046.89,1797.314,0.1,0.002
ESP,1938,7.921,-2.445,5.46,-2.742,26122.962,1785.401,0.079,0.007
ESP,1939,13.292,7.251,11.684,4.804,25929.386,1954.156,0.067,0.013
ESP,1940,19.641,7.67,14.144,5.149,25699.593,2147.842,0.05,0.021
ESP,1941,-6.218,-1.14,-1.77,1.143,25659.869,2161.636,0.045,0.031
ESP,1942,1.974,4.358,0.894,3.142,25633.098,2298.481,0.041,0.042
ESP,1943,-4.158,2.763,-1.741,1.669,25795.525,2405.311,0.058,0.052
ESP,1944,6.618,1.663,1.24,-0.593,26038.583,2489.574,0.062,0.062
ESP,1945,-14.681,-10.839,-5.688,-5.103,26293.768,2273.963,0.056,0.073
ESP,1946,16.216,1.6,7.864,-0.294,26557.638,2352.142,0.057,0.083
ESP,1947,-2.891,-0.608,-2.148,-1.383,26837.639,2379.864,0.064,0.094
ESP,1948,-9.929,-2.787,-5.617,-1.791,27249.361,2356.021,0.063,0.104
ESP,1949,-2.962,-3.032,-1.607,-1.522,27709.705,2326.71,0.079,0.112
ESP,1950,2.655,-0.946,2.458,0.313,28000.277,2346.199,0.083,0.118
ESP,1951,11.344,7.239,6.794,4.161,28155.692,2567.645,0.137,0.123
ESP,1952,3.28,6.174,2.705,3.934,28341.541,2780.22,0.141,0.124
ESP,1953,-5.349,-2.701,-1.559,0.465,28570.961,2754.732,0.162,0.125
ESP,1954,2.424,4.429,1.663,3.375,28800.581,2931.197,0.15,0.125
ESP,1955,1.328,0.84,1.954,1.845,29027.268,3009.004,0.168,0.125
ESP,1956,5.826,5.336,4.788,4.035,29255.078,3230.929,0.154,0.138
ESP,1957,5.543,0.902,4.844,1.559,29499.414,3318.774,0.152,0.172
ESP,1958,6.221,3.696,4.628,1.855,29786.417,3505.566,0.149,0.222
ESP,1959,-0.252,-3.534,0.654,-1.234,30100.212,3444.626,0.125,0.278
ESP,1960,-5.943,-2.73,-1.45,0.073,30436.647,3412.076,0.151,0.335
ESP,1961,8.24,8.588,5.715,5.703,30772.853,3784.84,0.163,0.386
ESP,1962,6.352,6.706,5.942,6.153,31060.833,4120.035,0.181,0.423
ESP,1963,8.126,6.968,6.796,6.346,31326.376,4496.698,0.176,0.452
ESP,1964,2.489,2.74,3.922,3.891,31602.525,4704.621,0.185,0.477
ESP,1965,5.161,4.822,4.729,4.53,31949.111,5025.684,0.197,0.494
ESP,1966,4.393,4.25,4.231,4.127,32368.082,5338.085,0.207,0.5
ESP,1967,3.568,2.372,3.615,2.844,32798.888,5564.415,0.189,0.5
ESP,1968,2.692,2.879,3.336,3.404,33205.585,5829.784,0.215,0.5
ESP,1969,4.598,6.047,3.92,4.424,33552.639,6304.401,0.228,0.506
ESP,1970,1.595,0.381,2.369,1.867,33878.187,6442.154,0.241,0.517
ESP,1971,2.759,2.162,3.276,3.08,34216.856,6701.161,0.237,0.525
ESP,1972,5.899,6.95,5.12,5.642,34595.886,7312.484,0.252,0.528
ESP,1973,5.123,5.735,4.379,4.989,34980.317,7883.219,0.265,0.525
ESP,1974,2.61,4.471,2.897,4.038,35363.89,8391.738,0.317,0.517
ESP,1975,0.945,0.081,1.677,1.336,35750.033,8549.357,0.29,0.506
ESP,1976,2.549,1.576,1.768,1.228,36127.525,8841.191,0.311,0.5
ESP,1977,0.228,0.406,0.345,0.349,36506.811,9036.599,0.301,0.5
ESP,1978,0.359,-0.06,0.096,0.089,36868.1,9193.409,0.287,0.5
ESP,1979,-1.397,-0.986,-0.926,-0.606,37194.315,9266.676,0.295,0.5
ESP,1980,-0.223,0.584,-0.82,-0.435,37493.072,9488.377,0.337,0.5
ESP,1981,-3.279,-2.589,-2.029,-1.339,37764.458,9411.907,0.374,0.5
ESP,1982,-2.007,-0.705,-1.736,-0.686,37987.108,9513.64,0.384,0.513
ESP,1983,-1.478,-0.417,-1.152,-0.438,38160.263,9644.173,0.419,0.547
ESP,1984,-1.951,-1.295,-0.936,-0.598,38325.244,9691.069,0.434,0.597
ESP,1985,1.793,0.86,1.012,0.921,38467.025,9950.375,0.43,0.653
ESP,1986,1.684,1.875,1.649,1.879,38571.941,10320.804,0.371,0.703
ESP,1987,4.1,4.769,3.178,3.849,38682.322,11019.373,0.379,0.737
ESP,1988,3.336,4.208,3.381,3.983,38764.307,11699.377,0.379,0.75
ESP,1989,4.104,4.326,3.348,3.885,38821.377,12435.985,0.383,0.75
ESP,1990,2.228,2.774,2.316,2.538,38860.827,13015.443,0.362,0.75
ESP,1991,1.394,1.213,1.202,1.165,38941.622,13410.879,0.358,0.75
ESP,1992,0.413,-0.738,-0.054,-0.566,39147.94,13551.404,0.362,0.75
ESP,1993,-4.018,-3.936,-1.884,-1.748,39356.082,13262.43,0.373,0.75
ESP,1994,-0.826,0.454,-0.708,0.092,39547.353,13562.098,0.419,0.75
ESP,1995,-0.099,1.44,-0.105,0.967,39718.895,14005.89,0.448,0.75
ESP,1996,0.518,0.454,0.463,0.685,39884.246,14322.327,0.463,0.763
ESP,1997,0.921,1.515,1.187,1.582,40049.974,14802.118,0.513,0.797
ESP,1998,2.459,2.362,1.964,2.02,40214.066,15428.173,0.529,0.847
ESP,1999,2.912,2.497,2.393,2.262,40369.667,16102.436,0.547,0.903
ESP,2000,2.472,2.924,2.018,2.284,40554.387,16877.986,0.602,0.953
ESP,2001,1.671,1.619,1.478,1.292,40766.049,17461.565,0.581,0.987
ESP,2002,-0.115,-0.473,0.429,0.183,41423.52,17691.372,0.55,1.0
ESP,2003,-0.989,-0.453,-0.078,-0.039,42196.231,17927.811,0.531,1.0
ESP,2004,0.902,-0.173,0.42,-0.098,42859.172,18218.277,0.542,1.0
ESP,2005,0.616,0.035,0.288,0.025,43662.613,18551.947,0.543,1.0
ESP,2006,0.626,0.675,-0.037,-0.064,44360.521,19013.017,0.557,1.0
ESP,2007,-0.203,-0.019,-1.147,-0.789,45236.004,19350.805,0.574,1.0
ESP,2008,-3.779,-2.248,-3.089,-2.376,45983.169,19260.534,0.558,1.0
ESP,2009,-5.999,-6.221,-3.842,-3.905,46367.55,18423.922,0.465,1.0
ESP,2010,-1.662,-2.213,-2.936,-2.927,46562.483,18344.351,0.523,1.0
ESP,2011,-4.263,-3.168,-3.835,-3.197,46736.257,18091.557,0.581,1.0
ESP,2012,-5.184,-4.981,-4.007,-3.671,46766.403,17521.592,0.599,1.0
ESP,2013,-4.316,-3.203,-3.114,-2.244,46591.857,17273.999,0.612,1.0
ESP,2014,0.32,0.015,-0.577,-0.581,46455.123,17586.858,0.63,1.0
ESP,2015,1.556,1.813,0.377,0.26,46410.149,18230.34,0.636,1.0
ESP,2016,1.343,1.291,-0.016,-0.048,46450.439,18798.948,0.629,1.0
FIN,1875,3.467,-1.335,1.107,-0.918,1912.647,1211.185,0.449,
FIN,1876,-1.86,1.879,-1.355,-1.04,1942.656,1259.243,0.427,
FIN,1877,-4.291,-5.953,-2.744,-3.835,1971.431,1211.2,0.455,
FIN,1878,-5.533,-5.476,-3.427,-3.691,1994.573,1172.766,0.447,
FIN,1879,-1.878,-2.605,-2.413,-3.059,2032.669,1167.404,0.445,
FIN,1880,-2.68,-3.034,-2.049,-2.838,2060.782,1154.827,0.508,
FIN,1881,-4.35,-6.075,-1.437,-2.673,2082.643,1110.058,0.506,
FIN,1882,8.23,6.057,2.344,1.385,2113.302,1202.886,0.529,
FIN,1883,-0.832,0.176,-0.533,-0.464,2146.395,1229.808,0.484,
FIN,1884,-2.471,-3.063,-1.56,-1.379,2180.547,1219.342,0.467,
FIN,1885,-4.427,-1.084,-1.972,-0.694,2208.518,1231.229,0.4,
FIN,1886,2.199,1.569,0.101,-0.038,2238.572,1275.502,0.362,
FIN,1887,0.012,-1.954,-0.47,-0.874,2278.14,1275.537,0.378,
FIN,1888,-2.35,-0.128,-1.19,-0.328,2314.179,1302.288,0.4,
FIN,1889,0.148,-0.139,-0.488,-0.253,2347.702,1326.588,0.42,
FIN,1890,1.633,2.109,-0.631,-0.174,2380.14,1381.04,0.391,
FIN,1891,-4.611,-4.343,-3.367,-2.878,2408.3,1350.39,0.399,
FIN,1892,-10.286,-7.564,-4.706,-3.263,2422.5,1279.885,0.391,
FIN,1893,1.366,2.497,0.4,0.784,2436.7,1340.901,0.39,
FIN,1894,6.102,2.34,3.516,1.74,2465.7,1399.422,0.43,
FIN,1895,5.645,4.291,4.252,2.83,2499.9,1492.396,0.441,
FIN,1896,2.354,2.976,2.793,2.31,2530.9,1569.941,0.46,
FIN,1897,4.497,1.376,3.25,1.219,2567.5,1624.195,0.467,
FIN,1898,1.742,0.759,1.287,-0.291,2610.3,1668.198,0.476,
FIN,1899,-4.164,-5.9,-1.093,-2.561,2635.3,1606.989,0.482,
FIN,1900,5.312,1.752,1.079,-0.702,2655.9,1668.48,0.483,
FIN,1901,-7.928,-4.152,-3.969,-2.669,2678.5,1636.178,0.426,
FIN,1902,-4.01,-4.836,-1.647,-2.109,2693.9,1591.303,0.474,
FIN,1903,6.325,3.741,1.873,0.79,2717.1,1685.789,0.475,
FIN,1904,-2.327,0.672,-0.619,0.037,2751.9,1730.987,0.466,
FIN,1905,-0.08,-1.541,0.266,-0.403,2773.0,1741.824,0.475,
FIN,1906,1.881,0.928,1.103,0.235,2803.7,1794.328,0.513,
FIN,1907,2.655,0.233,0.417,-0.303,2838.7,1834.488,0.526,
FIN,1908,-4.029,-2.409,-1.421,-0.905,2883.0,1828.938,0.486,
FIN,1909,-0.31,0.981,-0.606,-0.103,2914.8,1884.303,0.484,
FIN,1910,-0.528,-0.92,-0.617,-0.348,2943.4,1906.448,0.505,
FIN,1911,-0.371,-0.351,-0.442,-0.053,2980.0,1939.133,0.54,
FIN,1912,0.762,2.185,-0.363,0.545,3015.5,2022.402,0.53,
FIN,1913,1.696,2.267,-1.015,-0.298,3035.8,2110.671,0.564,
FIN,1914,-10.195,-7.447,-5.486,-5.196,3069.5,2000.617,0.423,
FIN,1915,-2.273,-8.344,-2.983,-6.443,3096.3,1881.678,0.489,
FIN,1916,2.248,-1.41,-2.736,-5.327,3114.2,1893.037,0.607,
FIN,1917,-15.987,-20.276,-12.486,-14.957,3134.3,1580.889,0.445,
FIN,1918,-28.734,-16.344,-17.362,-10.917,3115.3,1369.802,0.135,
FIN,1919,20.688,16.962,10.521,10.115,3118.0,1658.229,0.395,0.5
FIN,1920,1.444,8.714,1.857,6.944,3147.6,1845.53,0.48,0.5
FIN,1921,1.263,0.04,2.545,2.494,3193.2,1884.453,0.433,0.5
FIN,1922,7.253,6.821,5.225,5.624,3227.8,2058.014,0.477,0.5
FIN,1923,4.367,4.083,3.165,3.246,3258.6,2186.799,0.474,0.525
FIN,1924,-2.238,-0.389,-0.3,1.036,3286.2,2224.044,0.481,0.593
FIN,1925,-1.613,2.55,-0.191,2.237,3322.1,2328.195,0.511,0.694
FIN,1926,3.627,0.674,2.253,1.523,3355.2,2391.809,0.499,0.806
FIN,1927,2.48,4.63,2.161,3.23,3380.6,2557.118,0.502,0.907
FIN,1928,6.633,3.7,2.597,2.06,3412.1,2707.235,0.522,0.949
FIN,1929,-4.12,-1.68,-3.412,-1.155,3435.3,2716.818,0.506,0.92
FIN,1930,-9.459,-4.022,-6.927,-2.999,3462.7,2665.634,0.441,0.853
FIN,1931,-9.372,-5.34,-6.971,-3.371,3489.6,2580.597,0.369,0.79
FIN,1932,-7.512,-3.3,-4.852,-1.489,3516.0,2549.764,0.375,0.746
FIN,1933,2.461,3.804,1.11,2.374,3536.6,2701.645,0.399,0.729
FIN,1934,7.515,8.061,4.016,4.747,3561.6,2988.374,0.419,0.737
FIN,1935,1.077,1.399,2.52,2.696,3589.6,3092.662,0.42,0.75
FIN,1936,4.663,3.771,4.092,3.179,3612.4,3278.776,0.447,0.747
FIN,1937,7.415,2.797,4.43,2.164,3640.2,3441.18,0.521,0.735
FIN,1938,2.126,2.195,0.265,0.08,3672.1,3589.444,0.442,0.711
FIN,1939,-7.478,-7.286,-6.902,-4.352,3699.7,3407.698,0.408,0.673
FIN,1940,-19.581,-7.836,-12.705,-4.402,3695.617,3220.415,0.281,0.622
FIN,1941,-5.047,1.125,-5.761,-0.785,3707.815,3322.211,0.273,0.562
FIN,1942,-3.528,-2.234,-3.115,-0.573,3708.801,3327.173,0.269,0.5
FIN,1943,4.416,8.668,0.317,3.058,3732.532,3696.726,0.256,0.438
FIN,1944,-10.538,-2.448,-3.619,-1.701,3737.096,3684.58,0.161,0.375
FIN,1945,12.084,-8.717,6.725,-3.765,3778.89,3449.516,0.083,0.312
FIN,1946,4.117,4.458,4.104,1.68,3833.072,3682.992,0.216,0.25
FIN,1947,4.835,-1.182,5.371,0.156,3885.284,3716.845,0.31,0.188
FIN,1948,7.997,4.177,6.52,2.934,3937.84,3957.195,0.3,0.128
FIN,1949,1.878,2.725,3.281,2.293,3987.996,4143.258,0.297,0.077
FIN,1950,5.839,0.637,5.32,1.652,4029.803,4253.286,0.312,0.039
FIN,1951,4.466,5.154,3.782,3.265,4064.727,4571.196,0.429,0.015
FIN,1952,2.957,0.296,2.178,0.957,4116.228,4674.49,0.409,0.01
FIN,1953,-5.213,-2.43,-1.666,-0.25,4162.609,4651.64,0.311,0.023
FIN,1954,3.576,5.222,2.348,2.97,4211.191,5001.552,0.341,0.048
FIN,1955,5.045,1.673,3.001,1.645,4258.571,5196.817,0.358,0.077
FIN,1956,1.015,-0.284,0.091,0.424,4304.832,5295.327,0.343,0.102
FIN,1957,-5.044,1.811,-2.964,1.229,4343.19,5490.056,0.361,0.119
FIN,1958,-5.612,-2.564,-2.448,-0.349,4376.314,5474.334,0.365,0.125
FIN,1959,4.128,3.036,2.265,2.718,4413.046,5753.521,0.377,0.125
FIN,1960,5.09,5.979,3.959,4.385,4446.222,6230.359,0.405,0.125
FIN,1961,4.616,4.804,4.033,3.659,4475.787,6657.918,0.385,0.125
FIN,1962,3.116,0.178,3.157,1.342,4507.098,6818.967,0.38,0.125
FIN,1963,1.565,0.324,2.093,1.077,4539.519,6993.995,0.353,0.125
FIN,1964,2.767,2.578,2.541,2.078,4557.567,7306.734,0.372,0.131
FIN,1965,3.041,2.764,2.526,1.893,4569.896,7669.6,0.369,0.148
FIN,1966,0.075,-0.182,0.383,0.525,4591.842,7824.498,0.362,0.18
FIN,1967,-0.526,-0.396,0.19,0.314,4619.645,7946.599,0.352,0.225
FIN,1968,-2.461,-0.138,0.127,1.328,4633.292,8092.997,0.378,0.275
FIN,1969,8.171,7.144,5.166,4.884,4614.277,8877.575,0.411,0.32
FIN,1970,5.573,5.413,4.287,4.373,4598.336,9576.869,0.454,0.358
FIN,1971,-0.538,-0.044,1.766,1.942,4625.912,9764.698,0.43,0.392
FIN,1972,5.421,4.72,4.288,3.938,4653.401,10447.54,0.43,0.423
FIN,1973,3.165,3.775,2.198,2.837,4678.761,11085.105,0.437,0.452
FIN,1974,-0.831,0.463,0.221,0.506,4702.387,11361.296,0.515,0.477
FIN,1975,0.591,-1.319,-0.01,-0.862,4720.492,11441.303,0.447,0.494
FIN,1976,-1.227,-2.106,-0.769,-1.382,4730.836,11358.404,0.433,0.5
FIN,1977,-3.014,-2.02,-1.63,-0.997,4746.967,11354.529,0.458,0.5
FIN,1978,-0.335,0.216,-0.105,0.673,4758.088,11558.901,0.453,0.5
FIN,1979,3.108,4.438,1.375,2.47,4771.292,12331.547,0.507,0.5
FIN,1980,0.519,2.623,0.32,1.673,4787.778,12948.958,0.554,0.5
FIN,1981,-1.228,-1.234,0.041,-0.02,4812.15,13134.057,0.537,0.5
FIN,1982,1.912,0.362,1.136,0.43,4841.715,13484.753,0.502,0.5
FIN,1983,0.508,0.253,0.69,0.238,4869.858,13766.872,0.497,0.5
FIN,1984,0.432,0.405,0.524,0.434,4893.748,14106.717,0.489,0.5
FIN,1985,1.025,0.759,1.017,0.797,4910.664,14522.063,0.478,0.506
FIN,1986,0.948,0.211,1.238,0.54,4925.644,14819.459,0.429,0.53
FIN,1987,2.425,1.143,2.104,1.015,4938.602,15382.232,0.418,0.578
FIN,1988,2.904,2.615,1.834,1.57,4954.359,16087.913,0.405,0.648
FIN,1989,2.826,2.899,0.832,0.676,4974.383,16945.693,0.402,0.727
FIN,1990,-3.696,-2.474,-2.975,-2.635,4998.478,16866.375,0.378,0.797
FIN,1991,-6.537,-9.106,-5.026,-5.822,5029.002,15767.888,0.349,0.852
FIN,1992,-6.759,-6.444,-5.246,-4.829,5054.982,15136.115,0.401,0.892
FIN,1993,-6.44,-3.473,-4.248,-2.729,5077.912,14942.828,0.465,0.923
FIN,1994,-0.055,1.038,-0.82,-0.227,5098.754,15424.269,0.509,0.952
FIN,1995,3.419,1.427,1.339,0.734,5116.826,15976.988,0.52,0.977
FIN,1996,1.137,1.259,1.046,1.41,5132.32,16496.669,0.541,0.994
FIN,1997,0.975,3.582,1.15,2.66,5147.349,17472.304,0.568,1.0
FIN,1998,1.792,2.752,1.448,2.398,5159.646,18306.525,0.564,1.0
FIN,1999,1.215,1.535,1.039,1.943,5171.302,18981.003,0.543,1.0
FIN,2000,0.609,2.624,0.514,1.903,5181.115,19950.892,0.634,1.0
FIN,2001,-0.454,0.31,-0.104,0.49,5194.901,20360.392,0.579,1.0
FIN,2002,-0.869,-0.684,-0.024,0.072,5206.295,20683.001,0.559,1.0
FIN,2003,1.984,-0.528,1.351,0.046,5219.732,21053.138,0.549,1.0
FIN,2004,0.924,1.401,1.11,0.583,5236.611,21879.093,0.566,1.0
FIN,2005,1.585,0.329,1.597,0.6,5255.58,22478.604,0.605,1.0
FIN,2006,3.418,1.52,1.995,0.967,5276.955,23434.467,0.676,1.0
FIN,2007,0.289,2.558,0.183,0.533,5300.484,24651.34,0.672,1.0
FIN,2008,-1.049,-1.819,-0.905,-2.382,5326.314,24694.058,0.661,1.0
FIN,2009,-4.505,-11.18,-2.465,-5.646,5351.427,22561.74,0.49,1.0
FIN,2010,0.487,0.42,-0.427,-1.531,5375.276,23290.483,0.558,1.0
FIN,2011,0.348,0.004,-0.763,-1.78,5401.267,23783.247,0.596,1.0
FIN,2012,-2.216,-3.983,-1.653,-3.13,5426.674,23331.24,0.583,1.0
FIN,2013,-2.991,-3.293,-2.259,-2.911,5451.27,23045.852,0.563,1.0
FIN,2014,-1.732,-3.119,-1.575,-2.715,5471.753,22796.939,0.554,1.0
FIN,2015,-0.752,-2.409,-1.201,-2.302,5487.308,22742.28,0.517,1.0
FIN,2016,-0.545,-0.45,-1.438,-1.466,5503.297,23162.072,0.493,1.0
FRA,1875,8.516,-3.691,2.999,-2.22,38221.0,2219.069,0.282,
FRA,1876,0.005,-2.879,-0.544,-2.41,38398.0,2028.22,0.307,
FRA,1877,-7.792,-2.049,-3.561,-2.729,38576.0,2127.482,0.278,
FRA,1878,-3.989,-7.4,-2.564,-3.63,38763.0,2091.126,0.295,
FRA,1879,0.805,-2.657,-0.776,-1.559,38909.0,1953.307,0.341,
FRA,1880,-2.805,4.217,-1.144,1.224,39045.0,2120.43,0.335,
FRA,1881,2.679,4.587,1.145,1.571,39191.0,2193.64,0.318,
FRA,1882,5.31,1.713,1.24,-0.254,39337.0,2288.346,0.301,
FRA,1883,-5.638,-6.073,-2.88,-3.625,39472.0,2287.84,0.303,
FRA,1884,-6.097,-7.006,-3.107,-4.672,39629.0,2253.254,0.291,
FRA,1885,0.544,-4.616,-0.967,-3.626,39733.0,2207.355,0.286,
FRA,1886,-1.42,-2.918,-1.26,-2.64,39858.0,2236.683,0.296,
FRA,1887,-2.026,-0.806,-0.45,-1.296,39889.0,2249.434,0.289,
FRA,1888,6.053,0.682,1.558,-0.511,39920.0,2269.404,0.286,
FRA,1889,-5.315,-1.317,-1.604,-0.487,40004.0,2322.428,0.292,
FRA,1890,0.769,1.991,0.373,0.485,40014.0,2376.012,0.283,1.0
FRA,1891,2.514,-0.535,0.961,-0.332,39983.0,2432.061,0.284,1.0
FRA,1892,1.892,0.47,0.539,-0.375,39993.0,2492.872,0.267,1.0
FRA,1893,-1.539,-5.469,-1.608,-1.291,40014.0,2534.895,0.252,1.0
FRA,1894,-4.614,7.667,-2.956,2.116,40056.0,2626.023,0.244,1.0
FRA,1895,-5.609,-3.687,-3.533,-1.062,40098.0,2569.222,0.261,1.0
FRA,1896,-0.088,1.484,-1.964,0.233,40192.0,2685.442,0.25,1.0
FRA,1897,-6.792,-4.571,-2.646,-1.312,40348.0,2639.248,0.248,1.0
FRA,1898,5.763,4.111,1.349,1.236,40473.0,2759.617,0.25,1.0
FRA,1899,-0.129,1.837,-0.229,0.552,40546.0,2911.447,0.266,1.0
FRA,1900,-0.206,-0.363,-0.84,-0.997,40598.0,2875.686,0.268,1.0
FRA,1901,-2.573,-6.709,-1.818,-3.3,40640.0,2826.495,0.271,1.0
FRA,1902,-5.279,-2.881,-2.481,-1.784,40713.0,2775.29,0.271,1.0
FRA,1903,0.216,1.616,-0.625,-0.009,40786.0,2830.548,0.267,1.0
FRA,1904,2.197,0.297,-0.048,-0.023,40859.0,2846.708,0.271,1.0
FRA,1905,-2.814,0.844,-0.937,0.142,40890.0,2894.02,0.29,1.0
FRA,1906,-0.751,-3.068,-0.174,-0.532,40942.0,2943.281,0.306,1.0
FRA,1907,4.467,6.091,1.11,2.292,40942.0,3070.33,0.305,1.0
FRA,1908,-3.092,-2.018,-1.003,-0.427,41046.0,3044.949,0.286,1.0
FRA,1909,2.065,1.473,-0.514,0.22,41109.0,3166.815,0.298,1.0
FRA,1910,-10.464,-6.599,-3.33,-1.564,41224.0,2965.207,0.328,1.0
FRA,1911,9.128,8.067,2.73,3.528,41307.0,3249.577,0.314,1.0
FRA,1912,-0.211,6.338,-0.853,2.284,41359.0,3514.493,0.303,1.0
FRA,1913,-2.298,-2.487,-3.175,-3.35,41463.0,3484.77,0.309,0.975
FRA,1914,-10.957,-19.233,-8.223,-11.85,41476.0,3236.336,0.24,0.907
FRA,1915,-15.181,-14.355,-9.415,-9.22,40481.0,3248.067,0.276,0.806
FRA,1916,2.804,12.012,-1.068,3.271,39884.0,3463.331,0.41,0.694
FRA,1917,-0.888,-2.565,-1.454,-3.608,39288.0,2978.927,0.516,0.593
FRA,1918,-5.829,-17.067,-1.034,-8.439,38542.0,2395.529,0.406,0.525
FRA,1919,15.976,8.156,8.432,3.655,38700.0,2811.375,0.484,0.5
FRA,1920,2.41,4.993,3.039,2.437,39000.0,3226.921,0.438,0.5
FRA,1921,-4.091,-6.747,0.639,-0.466,39240.0,3074.626,0.318,0.5
FRA,1922,13.88,16.487,7.036,9.793,39420.0,3610.392,0.293,0.5
FRA,1923,-5.147,2.932,-1.06,4.76,39880.0,3753.526,0.337,0.5
FRA,1924,0.662,8.749,0.561,6.256,40310.0,4179.464,0.38,0.525
FRA,1925,2.134,-0.985,0.517,1.029,40610.0,4166.378,0.362,0.593
FRA,1926,-5.832,1.701,-1.886,1.021,40870.0,4249.468,0.368,0.694
FRA,1927,5.388,-3.74,1.751,-0.819,40940.0,4153.971,0.355,0.806
FRA,1928,-2.467,4.073,-0.91,2.256,41050.0,4431.465,0.317,0.907
FRA,1929,2.612,6.49,0.15,2.139,41230.0,4709.998,0.313,0.975
FRA,1930,-4.642,-5.181,-2.342,-3.43,41610.0,4531.558,0.285,1.0
FRA,1931,-1.325,-6.187,-1.334,-5.156,41860.0,4235.26,0.243,1.0
FRA,1932,-1.991,-10.838,-1.444,-6.693,41860.0,3959.123,0.186,1.0
FRA,1933,2.232,1.261,-0.669,-1.961,41890.0,4239.126,0.189,1.0
FRA,1934,-6.416,-5.193,-3.023,-4.273,41950.0,4191.731,0.178,0.962
FRA,1935,-0.65,-4.135,-1.901,-3.053,41940.0,4085.931,0.178,0.86
FRA,1936,-3.602,-0.229,-2.494,-1.342,41910.0,4243.998,0.166,0.711
FRA,1937,-0.785,0.656,-1.188,-1.264,41930.0,4486.637,0.191,0.548
FRA,1938,2.403,-4.163,-0.624,-3.261,41960.0,4466.212,0.185,0.409
FRA,1939,-8.914,2.427,-6.821,-3.073,41900.0,4793.31,0.16,0.327
FRA,1940,-5.705,-25.298,-8.664,-15.101,41000.0,4042.168,0.137,0.314
FRA,1941,-38.545,-4.939,-32.142,-6.497,39600.0,3309.382,0.095,0.344
FRA,1942,-24.733,-0.947,-25.29,-3.628,39400.0,2981.461,0.12,0.375
FRA,1943,-16.05,-1.876,-15.173,-4.925,39000.0,2860.141,0.091,0.406
FRA,1944,12.532,-28.314,11.668,-17.139,38900.0,2421.769,0.063,0.438
FRA,1945,26.322,19.097,24.12,13.792,39700.0,2573.142,0.076,0.469
FRA,1946,22.559,27.294,21.808,22.325,40290.0,3855.192,0.175,0.5
FRA,1947,9.075,3.59,9.713,6.084,40680.0,4137.898,0.183,0.531
FRA,1948,5.629,9.848,5.675,9.177,41110.0,4393.365,0.192,0.561
FRA,1949,2.722,3.61,3.311,4.267,41480.0,4946.345,0.194,0.586
FRA,1950,2.916,5.507,3.001,4.883,42518.0,5185.851,0.213,0.605
FRA,1951,5.106,3.112,4.36,2.845,42862.0,5461.108,0.251,0.618
FRA,1952,1.67,0.07,2.129,0.684,43184.0,5564.26,0.207,0.623
FRA,1953,1.813,0.398,1.864,0.945,43495.0,5683.941,0.189,0.625
FRA,1954,1.636,2.699,2.078,2.543,43822.0,5915.18,0.189,0.625
FRA,1955,3.014,3.178,2.754,2.705,44218.0,6198.788,0.198,0.625
FRA,1956,3.417,3.04,2.728,3.018,44657.0,6448.463,0.189,0.631
FRA,1957,2.295,3.601,1.553,2.779,45152.0,6761.782,0.195,0.648
FRA,1958,-2.091,0.603,-0.472,1.365,45654.0,6855.172,0.184,0.673
FRA,1959,-0.348,0.477,0.407,1.513,46129.0,6978.777,0.198,0.702
FRA,1960,2.693,4.835,2.178,3.604,46584.0,7397.583,0.219,0.727
FRA,1961,3.296,2.767,3.021,2.814,47128.0,7718.426,0.212,0.744
FRA,1962,3.897,3.154,3.474,2.935,48089.0,8067.063,0.202,0.75
FRA,1963,4.013,1.949,3.698,2.559,48799.0,8362.671,0.207,0.75
FRA,1964,3.027,3.746,3.005,3.022,49357.0,8819.337,0.211,0.75
FRA,1965,1.625,2.184,2.286,2.376,49802.0,9165.415,0.21,0.737
FRA,1966,2.493,2.694,2.414,2.627,50254.0,9544.136,0.215,0.703
FRA,1967,2.698,2.238,2.704,2.436,50650.0,9907.187,0.209,0.666
FRA,1968,2.038,1.864,2.402,2.414,51034.0,10267.018,0.216,0.643
FRA,1969,4.198,4.405,3.419,3.513,51470.0,10885.564,0.241,0.643
FRA,1970,2.033,3.121,2.535,3.002,51918.0,11410.089,0.261,0.666
FRA,1971,2.953,2.174,2.912,2.463,52432.0,11844.961,0.264,0.703
FRA,1972,2.694,1.897,2.645,2.012,52894.0,12263.546,0.273,0.737
FRA,1973,3.568,2.935,2.972,2.039,53333.0,12824.424,0.292,0.75
FRA,1974,1.362,0.829,1.628,0.658,53690.0,13112.535,0.366,0.75
FRA,1975,-0.162,-2.331,1.103,-0.324,53955.0,12957.205,0.312,0.75
FRA,1976,3.495,2.179,2.24,1.344,54159.0,13466.386,0.342,0.75
FRA,1977,0.739,1.139,1.257,1.122,54378.0,13912.704,0.347,0.75
FRA,1978,1.875,1.279,1.595,0.977,54602.0,14240.211,0.32,0.75
FRA,1979,0.932,1.456,0.747,0.894,54836.0,14634.383,0.342,0.744
FRA,1980,-0.582,-0.31,0.104,0.09,55110.0,14766.159,0.364,0.727
FRA,1981,0.1,-0.704,0.172,-0.094,55399.0,14839.907,0.376,0.702
FRA,1982,1.204,0.689,0.349,0.211,55697.0,15131.641,0.37,0.68
FRA,1983,-1.086,0.112,-0.586,-0.0,55929.0,15245.114,0.363,0.672
FRA,1984,-1.13,-0.414,-0.302,-0.093,56246.0,15381.929,0.384,0.68
FRA,1985,0.144,0.006,0.32,-0.001,56490.0,15530.271,0.38,0.702
FRA,1986,1.692,0.415,0.96,0.485,56725.0,15833.037,0.332,0.727
FRA,1987,1.276,0.282,1.195,0.587,56989.0,16157.89,0.33,0.75
FRA,1988,1.153,2.506,0.906,1.526,57255.0,16789.573,0.344,0.773
FRA,1989,0.576,1.318,0.626,1.301,57821.0,17299.701,0.369,0.798
FRA,1990,0.474,0.549,0.009,0.134,58168.0,17647.005,0.363,0.827
FRA,1991,-1.269,-0.768,-0.818,-0.31,58514.0,17724.135,0.361,0.852
FRA,1992,-1.031,-0.287,-0.947,-0.71,58859.0,17879.522,0.347,0.869
FRA,1993,-2.288,-3.102,-1.41,-1.609,59169.0,17666.018,0.32,0.875
FRA,1994,-0.414,0.092,-0.609,-0.191,59445.0,17978.2,0.342,0.875
FRA,1995,-0.165,0.273,-0.349,-0.178,59712.0,18261.961,0.36,0.881
FRA,1996,-0.18,-0.834,-0.262,-0.289,59981.0,18373.418,0.362,0.898
FRA,1997,-1.274,0.289,-0.151,0.145,60254.0,18690.444,0.394,0.923
FRA,1998,2.028,1.504,1.243,1.108,60535.0,19233.286,0.404,0.952
FRA,1999,1.617,1.218,1.214,0.953,60824.0,19771.392,0.396,0.977
FRA,2000,1.682,1.902,1.441,1.087,61137.0,20391.877,0.445,0.994
FRA,2001,0.585,-0.253,0.611,-0.237,61479.0,20648.034,0.436,1.0
FRA,2002,0.098,-1.254,0.248,-0.677,61829.0,20719.526,0.416,1.0
FRA,2003,-0.199,-1.44,0.137,-0.887,62171.0,20789.047,0.401,1.0
FRA,2004,0.545,0.102,0.319,-0.3,62534.0,21193.4,0.41,1.0
FRA,2005,0.222,-0.753,0.153,-0.527,62912.0,21450.001,0.424,1.0
FRA,2006,0.376,0.056,-0.136,-0.424,63293.0,21841.592,0.445,1.0
FRA,2007,-0.882,0.121,-0.65,-0.639,63682.0,22202.173,0.443,1.0
FRA,2008,-1.52,-1.958,-1.019,-2.013,64058.0,22057.35,0.451,1.0
FRA,2009,-1.301,-5.094,-0.95,-2.674,64399.244,21244.207,0.383,1.0
FRA,2010,-0.09,-0.142,-0.728,-1.09,64707.498,21477.477,0.425,1.0
FRA,2011,-1.43,-0.02,-1.372,-0.955,65021.937,22268.372,0.453,1.0
FRA,2012,-2.122,-1.896,-1.463,-1.395,65337.407,22610.446,0.457,1.0
FRA,2013,-1.442,-1.534,-1.18,-1.406,65669.373,22991.207,0.442,1.0
FRA,2014,-1.154,-1.155,-1.268,-1.144,66009.586,23503.817,0.434,1.0
FRA,2015,-0.442,-0.972,-0.563,-1.153,66335.366,23894.297,0.435,1.0
FRA,2016,0.357,-0.815,-0.553,-1.327,66604.443,24387.769,0.426,1.0
GBR,1875,-0.943,0.214,-0.714,-0.516,32839.0,3433.668,0.507,
GBR,1876,-1.381,-1.903,-0.872,-1.333,33200.0,3430.16,0.493,
GBR,1877,-1.131,-1.144,-0.991,-1.412,33576.0,3425.197,0.51,
GBR,1878,-1.256,-3.065,-1.453,-1.909,33932.0,3402.501,0.499,
GBR,1879,-3.719,-1.71,-1.734,-0.914,34304.0,3352.508,0.516,
GBR,1880,2.876,1.348,0.118,0.33,34623.0,3477.32,0.553,
GBR,1881,-2.926,1.796,-1.24,0.72,34935.0,3568.427,0.542,
GBR,1882,-0.327,0.521,-0.364,0.002,35206.0,3643.04,0.544,
GBR,1883,1.299,-1.038,-0.032,-0.592,35450.0,3643.31,0.551,
GBR,1884,-1.74,-1.652,-1.09,-1.123,35724.0,3621.654,0.533,
GBR,1885,-1.198,-2.923,-0.811,-1.639,36015.0,3573.681,0.507,
GBR,1886,-1.56,-0.486,-0.927,-0.311,36313.0,3600.024,0.487,
GBR,1887,1.599,1.382,0.214,0.608,36598.0,3713.151,0.485,
GBR,1888,-0.734,1.915,-0.325,1.369,36881.0,3849.098,0.498,
GBR,1889,-0.043,3.559,-0.014,1.464,37178.0,4023.766,0.512,
GBR,1890,-0.287,-1.627,-0.049,-0.985,37485.0,4008.789,0.504,1.0
GBR,1891,1.99,-2.857,0.372,-2.046,37802.0,3975.172,0.498,1.0
GBR,1892,-2.651,-4.742,-1.248,-2.565,38134.0,3846.32,0.491,1.0
GBR,1893,-1.823,-2.496,-0.663,-1.033,38490.0,3810.744,0.467,1.0
GBR,1894,1.724,5.281,0.641,1.94,38859.0,4028.893,0.443,1.0
GBR,1895,0.196,0.649,0.342,0.62,39221.0,4117.701,0.446,1.0
GBR,1896,1.799,1.075,0.723,0.732,39599.0,4248.564,0.456,1.0
GBR,1897,-1.736,-1.712,-0.29,-0.013,39987.0,4263.512,0.446,1.0
GBR,1898,1.869,2.854,0.828,1.312,40381.0,4427.724,0.434,1.0
GBR,1899,1.032,2.121,0.061,0.455,40773.0,4566.952,0.433,1.0
GBR,1900,-2.512,-3.821,-1.208,-1.61,41155.0,4491.814,0.449,1.0
GBR,1901,-0.323,-1.228,-0.81,-1.099,41538.0,4450.398,0.444,1.0
GBR,1902,-1.616,-0.439,-1.168,-1.167,41893.0,4525.281,0.445,1.0
GBR,1903,-1.767,-3.826,-1.436,-2.147,42246.0,4439.616,0.464,1.0
GBR,1904,-0.722,-1.176,-1.009,-0.885,42611.0,4427.944,0.474,1.0
GBR,1905,-1.617,1.523,-1.28,0.004,42981.0,4520.476,0.484,1.0
GBR,1906,-0.476,0.127,-0.798,-0.377,43361.0,4631.085,0.51,1.0
GBR,1907,-0.876,-0.136,-1.221,-1.052,43737.0,4678.579,0.535,1.0
GBR,1908,-2.554,-6.267,-1.796,-2.743,44124.0,4449.192,0.504,1.0
GBR,1909,-1.767,0.438,-1.369,-0.355,44520.0,4510.523,0.516,1.0
GBR,1910,-0.572,0.154,-0.708,-0.218,44916.0,4610.78,0.55,1.0
GBR,1911,0.888,1.268,0.044,0.533,45268.0,4708.9,0.54,1.0
GBR,1912,-1.028,-0.491,-0.459,0.237,45426.0,4761.747,0.561,1.0
GBR,1913,1.776,2.103,0.107,1.256,45649.0,4920.546,0.564,0.987
GBR,1914,-1.741,0.011,-1.494,0.891,46049.0,4926.582,0.493,0.953
GBR,1915,0.223,4.162,-2.042,2.176,46340.0,5288.266,0.458,0.903
GBR,1916,-10.438,0.14,-6.745,0.147,46514.0,5384.38,0.472,0.834
GBR,1917,-9.683,-0.897,-6.003,-0.733,46614.0,5421.016,0.39,0.75
GBR,1918,-2.15,0.805,-1.032,-1.992,46575.0,5459.315,0.337,0.666
GBR,1919,12.25,-11.734,5.041,-7.659,46534.0,4870.408,0.45,0.597
GBR,1920,-1.708,-10.175,-0.465,-7.228,46821.0,4547.914,0.577,0.547
GBR,1921,-1.465,-3.662,0.054,-3.301,44072.0,4439.151,0.4,0.513
GBR,1922,1.524,2.946,0.831,0.674,44372.0,4636.935,0.427,0.525
GBR,1923,1.075,1.232,0.752,0.867,44596.0,4759.71,0.469,0.593
GBR,1924,0.292,2.0,0.376,1.279,44915.0,4920.942,0.505,0.694
GBR,1925,0.67,3.03,0.346,1.239,45059.0,5144.494,0.494,0.806
GBR,1926,-2.037,-5.595,-0.532,-1.392,45232.0,4936.114,0.461,0.907
GBR,1927,2.136,6.014,0.831,2.365,45389.0,5314.938,0.441,0.975
GBR,1928,-0.107,-0.565,0.069,0.059,45578.0,5356.965,0.44,0.975
GBR,1929,0.472,1.315,0.153,0.086,45672.0,5503.318,0.435,0.92
GBR,1930,-0.226,-2.576,-0.235,-2.218,45866.0,5440.862,0.364,0.853
GBR,1931,-0.694,-7.159,-0.646,-3.7,46074.0,5138.416,0.3,0.79
GBR,1932,-2.53,-1.181,-0.97,-0.938,46335.0,5148.253,0.262,0.746
GBR,1933,0.802,1.099,0.292,0.728,46520.0,5277.461,0.252,0.729
GBR,1934,1.241,4.65,0.585,2.648,46666.0,5607.508,0.263,0.737
GBR,1935,0.981,1.941,0.663,2.09,46868.0,5799.005,0.278,0.75
GBR,1936,1.121,2.611,0.553,2.096,47081.0,6035.168,0.271,0.748
GBR,1937,-0.064,1.639,-0.349,1.33,47289.0,6217.618,0.303,0.743
GBR,1938,-0.979,-0.649,-1.437,0.473,47494.0,6266.452,0.266,0.73
GBR,1939,-1.809,-1.43,-3.075,0.885,47991.0,6262.401,0.227,0.711
GBR,1940,-11.758,7.689,-7.303,5.075,48226.0,6856.005,0.202,0.686
GBR,1941,-5.434,7.324,-4.935,4.733,48216.0,7481.676,0.18,0.656
GBR,1942,-2.773,0.651,-3.469,1.341,48400.0,7638.868,0.12,0.625
GBR,1943,-3.337,-0.008,-2.178,-0.819,48789.0,7743.702,0.107,0.594
GBR,1944,1.187,-5.919,0.931,-4.317,49016.0,7405.392,0.113,0.562
GBR,1945,4.476,-6.226,3.489,-4.774,49182.0,7056.135,0.12,0.531
GBR,1946,8.485,-5.943,5.14,-4.643,49217.0,6745.34,0.214,0.5
GBR,1947,1.146,-3.514,1.642,-2.709,49519.0,6604.411,0.265,0.469
GBR,1948,-1.356,0.505,0.049,-0.303,50014.0,6745.636,0.3,0.439
GBR,1949,-0.327,1.28,0.194,0.448,50312.0,6955.693,0.318,0.414
GBR,1950,1.633,2.085,0.247,1.297,50127.0,6939.374,0.36,0.407
GBR,1951,-3.036,0.972,-1.415,0.543,50290.0,7123.364,0.432,0.429
GBR,1952,-1.608,-1.629,-0.489,-0.133,50430.0,7090.72,0.376,0.473
GBR,1953,2.585,2.05,1.365,1.511,50593.0,7345.799,0.339,0.528
GBR,1954,2.372,2.3,1.563,1.552,50765.0,7619.206,0.331,0.566
GBR,1955,2.305,1.663,1.492,0.92,50946.0,7868.135,0.341,0.572
GBR,1956,-1.319,-0.942,-0.096,-0.064,51184.0,7928.747,0.326,0.551
GBR,1957,0.19,-0.231,0.595,-0.198,51430.0,8017.013,0.324,0.52
GBR,1958,1.012,-1.515,0.936,-0.202,51652.0,7965.81,0.297,0.498
GBR,1959,2.319,2.215,1.639,1.519,51956.0,8239.799,0.3,0.489
GBR,1960,1.581,3.024,1.199,1.707,52372.0,8645.23,0.307,0.494
GBR,1961,-0.015,0.068,0.525,0.552,52807.0,8856.667,0.292,0.494
GBR,1962,-0.088,-1.277,0.485,0.262,53292.0,8865.383,0.284,0.477
GBR,1963,2.229,2.19,1.462,1.543,53625.0,9149.184,0.289,0.452
GBR,1964,1.175,3.281,0.779,1.863,53991.0,9567.965,0.292,0.423
GBR,1965,-0.865,0.153,-0.241,0.786,54350.0,9751.536,0.282,0.405
GBR,1966,-0.1,-0.023,0.249,0.551,54643.0,9885.31,0.28,0.405
GBR,1967,0.559,0.469,0.572,0.527,54959.0,10048.891,0.276,0.423
GBR,1968,1.03,2.254,0.338,1.381,55214.0,10409.95,0.308,0.452
GBR,1969,-1.268,0.216,-0.04,0.548,55461.0,10551.685,0.31,0.477
GBR,1970,1.172,0.512,1.123,0.814,55632.0,10767.472,0.305,0.494
GBR,1971,1.399,0.116,1.771,0.726,55907.0,10941.474,0.3,0.5
GBR,1972,4.539,1.804,2.739,1.612,56079.0,11293.925,0.294,0.5
GBR,1973,3.765,5.265,2.086,2.687,56210.0,12025.28,0.342,0.5
GBR,1974,-2.767,-2.797,-1.015,-0.795,56224.0,11858.904,0.436,0.506
GBR,1975,-1.471,-2.015,-0.721,-0.677,56215.0,11847.087,0.387,0.523
GBR,1976,-0.905,1.223,-0.681,0.52,56206.0,12114.952,0.424,0.567
GBR,1977,-1.689,1.011,-0.253,0.696,56179.0,12383.613,0.441,0.646
GBR,1978,3.822,1.808,1.931,1.044,56167.0,12827.835,0.413,0.747
GBR,1979,3.116,1.144,1.603,0.026,56228.0,13167.283,0.411,0.848
GBR,1980,-1.557,-3.668,-0.386,-1.829,56314.0,12931.491,0.386,0.93
GBR,1981,-1.517,-2.992,-0.493,-1.532,56382.6,12747.426,0.368,0.981
GBR,1982,-0.526,0.565,0.08,0.193,56339.7,12954.647,0.372,1.0
GBR,1983,2.591,1.985,1.378,1.067,56382.62,13404.467,0.383,1.0
GBR,1984,0.655,0.99,1.109,1.111,56462.23,13720.057,0.423,1.0
GBR,1985,2.03,1.803,2.42,1.644,56620.24,14164.546,0.42,1.0
GBR,1986,4.705,2.195,3.706,2.071,56796.26,14741.816,0.379,1.0
GBR,1987,3.656,2.766,3.927,2.259,56981.62,15393.437,0.375,1.0
GBR,1988,5.715,3.178,4.127,2.195,57159.6,16109.996,0.358,1.0
GBR,1989,1.744,0.48,1.722,0.653,57324.47,16413.723,0.371,1.0
GBR,1990,-0.882,-0.925,-0.487,-0.592,57493.31,16429.912,0.363,1.0
GBR,1991,-3.267,-3.083,-1.642,-1.57,57665.65,16155.292,0.337,1.0
GBR,1992,-1.156,-1.537,-0.608,-0.753,57866.35,16133.495,0.341,1.0
GBR,1993,1.104,0.567,0.548,0.381,58026.92,16458.296,0.364,1.0
GBR,1994,1.117,2.517,0.735,1.324,58212.52,17117.942,0.378,1.0
GBR,1995,0.009,1.141,0.669,1.044,58426.01,17585.527,0.41,1.0
GBR,1996,2.214,1.023,1.614,1.23,58618.66,18044.003,0.42,1.0
GBR,1997,1.821,1.339,1.829,1.252,58808.27,19115.072,0.406,1.0
GBR,1998,2.053,1.521,2.039,1.514,59035.65,19724.085,0.376,1.0
GBR,1999,2.874,1.17,2.513,1.232,59293.32,20269.482,0.372,1.0
GBR,2000,2.659,1.956,2.325,1.549,59522.47,21045.72,0.397,1.0
GBR,2001,1.41,0.611,1.696,0.827,59723.24,21567.354,0.392,1.0
GBR,2002,1.917,0.319,1.866,0.732,59912.43,22008.006,0.374,1.0
GBR,2003,1.339,1.033,1.483,0.906,60094.65,22762.765,0.356,1.0
GBR,2004,1.827,1.52,1.388,1.102,60270.71,23306.56,0.352,1.0
GBR,2005,-0.153,0.679,0.205,0.439,60441.46,23810.432,0.369,1.0
GBR,2006,0.355,0.289,0.194,0.148,60609.15,24285.283,0.4,1.0
GBR,2007,0.397,0.148,-0.38,-0.684,60776.24,25002.119,0.357,1.0
GBR,2008,-1.299,-2.663,-1.664,-2.216,60943.91,24602.134,0.393,1.0
GBR,2009,-5.258,-6.437,-2.855,-3.462,61067.495,23489.355,0.362,1.0
GBR,2010,-1.116,-0.506,-1.617,-1.225,61556.929,23777.156,0.398,1.0
GBR,2011,-2.82,-0.742,-1.907,-1.165,62071.865,24429.86,0.426,1.0
GBR,2012,-0.423,-0.627,-0.907,-0.688,62483.814,25040.379,0.421,1.0
GBR,2013,-0.271,-0.04,-0.605,-0.083,62877.127,25768.825,0.409,1.0
GBR,2014,0.03,0.853,-0.217,0.078,63358.715,26831.238,0.377,1.0
GBR,2015,0.412,0.121,0.015,-0.175,63861.881,27498.911,0.366,1.0
GBR,2016,0.715,-0.338,-0.023,-0.533,64389.568,28120.379,0.377,1.0
ITA,1875,-0.036,-1.91,-0.47,-1.564,28630.0,1550.12,0.25,
ITA,1876,-1.043,-4.218,-1.085,-2.232,28837.0,1512.227,0.283,
ITA,1877,-1.494,-1.462,-1.468,-1.101,29067.0,1521.925,0.207,
ITA,1878,-2.946,1.726,-2.315,-0.03,29252.0,1559.976,0.214,
ITA,1879,-2.875,-1.717,-2.377,-0.881,29425.0,1564.482,0.254,
ITA,1880,-2.426,-0.022,-2.306,-0.154,29534.0,1588.914,0.237,
ITA,1881,-0.563,0.871,-1.772,0.015,29672.0,1636.905,0.254,
ITA,1882,-4.792,-0.527,-2.824,-0.473,29898.0,1656.959,0.244,
ITA,1883,-0.826,-0.541,-1.218,-1.072,30113.0,1672.113,0.252,
ITA,1884,-1.02,-3.811,-1.131,-1.956,30366.0,1646.781,0.246,
ITA,1885,2.132,-0.52,-0.276,-0.628,30644.0,1671.102,0.248,
ITA,1886,-5.026,0.952,-2.799,-0.295,30857.0,1707.576,0.226,
ITA,1887,-0.085,-0.278,-1.437,-0.956,31049.0,1750.845,0.251,
ITA,1888,-4.717,-2.212,-2.372,-2.053,31243.0,1741.747,0.199,
ITA,1889,-0.727,-5.037,-1.005,-2.935,31468.0,1688.678,0.207,
ITA,1890,2.166,-0.841,-0.083,-1.448,31702.0,1689.66,0.184,1.0
ITA,1891,-1.218,-0.432,-1.43,-1.25,31892.0,1712.291,0.163,1.0
ITA,1892,-4.196,-2.555,-2.808,-1.695,32091.0,1714.225,0.181,1.0
ITA,1893,-3.305,-0.372,-2.382,-0.959,32303.0,1741.105,0.188,1.0
ITA,1894,-1.111,-1.414,-1.608,-1.37,32513.0,1750.854,0.19,1.0
ITA,1895,-0.636,-1.242,-1.043,-1.305,32689.0,1765.032,0.179,1.0
ITA,1896,-0.361,-0.957,-1.177,-1.239,32863.0,1791.422,0.176,1.0
ITA,1897,-3.39,-1.778,-1.81,-1.55,33078.0,1794.399,0.18,1.0
ITA,1898,-0.164,-1.96,-0.689,-1.46,33285.0,1787.219,0.202,1.0
ITA,1899,-1.117,-1.057,-0.385,-0.805,33487.0,1807.07,0.219,1.0
ITA,1900,2.199,0.227,0.769,-0.353,33672.0,1854.688,0.221,1.0
ITA,1901,0.035,-0.448,-0.042,-0.466,33877.0,1885.208,0.221,1.0
ITA,1902,-1.138,-0.206,-0.509,-0.356,34166.0,1915.135,0.233,1.0
ITA,1903,0.531,-0.684,-0.034,-0.303,34436.0,1932.492,0.241,1.0
ITA,1904,-1.407,0.1,-0.509,-0.156,34715.0,1966.435,0.241,1.0
ITA,1905,-0.196,0.051,-0.013,0.104,35011.0,2006.747,0.257,1.0
ITA,1906,0.717,0.997,0.572,0.416,35297.0,2074.707,0.274,1.0
ITA,1907,2.947,0.073,1.6,0.122,35594.0,2111.641,0.279,1.0
ITA,1908,0.654,-0.133,0.471,-0.082,35899.0,2156.211,0.263,1.0
ITA,1909,-0.087,-0.671,-0.499,-0.605,36213.0,2173.417,0.273,1.0
ITA,1910,-5.051,-1.685,-2.078,-0.985,36572.0,2175.518,0.282,1.0
ITA,1911,1.906,-0.408,0.39,-0.111,36917.0,2199.161,0.266,1.0
ITA,1912,1.039,0.863,0.205,0.957,37150.0,2201.377,0.276,1.0
ITA,1913,-1.192,1.895,-0.985,2.2,37248.0,2304.793,0.27,0.987
ITA,1914,-2.558,6.933,-1.242,4.309,37526.0,2179.156,0.237,0.953
ITA,1915,-0.204,-1.143,-0.495,1.899,37982.0,2069.694,0.297,0.903
ITA,1916,0.89,9.018,-0.365,6.635,38142.0,2240.26,0.33,0.846
ITA,1917,-3.879,4.76,-1.267,4.227,37981.0,2247.153,0.346,0.794
ITA,1918,4.221,7.956,1.149,3.269,37520.0,2190.668,0.282,0.755
ITA,1919,-4.165,-15.885,-1.013,-10.492,37250.0,2102.738,0.304,0.736
ITA,1920,5.634,-12.685,1.589,-8.908,37398.0,2152.784,0.366,0.726
ITA,1921,-4.678,-0.623,-1.514,-1.971,37691.0,2079.5,0.283,0.715
ITA,1922,1.689,2.683,0.653,0.557,38086.0,2231.232,0.229,0.703
ITA,1923,1.459,-1.276,0.253,-1.153,38460.0,2413.777,0.236,0.691
ITA,1924,-3.769,-2.663,-1.503,-1.187,38810.0,2456.98,0.283,0.68
ITA,1925,1.505,2.605,0.475,0.609,39165.0,2602.341,0.298,0.668
ITA,1926,0.521,-1.935,-0.21,-1.059,39502.0,2600.228,0.283,0.656
ITA,1927,-0.981,-1.317,-0.421,-0.332,39848.0,2530.703,0.263,0.645
ITA,1928,-0.096,3.696,-0.629,1.256,40186.0,2666.2,0.264,0.633
ITA,1929,-0.053,0.768,-1.31,-0.678,40469.0,2777.99,0.258,0.621
ITA,1930,-4.591,-7.59,-3.056,-3.714,40791.0,2630.982,0.238,0.609
ITA,1931,-5.622,-0.952,-3.272,-0.928,41132.0,2578.905,0.2,0.598
ITA,1932,0.492,1.783,-1.31,-0.202,41431.0,2615.175,0.145,0.586
ITA,1933,-1.036,-2.719,-1.825,-0.981,41753.0,2565.061,0.154,0.574
ITA,1934,-3.939,-1.106,-2.6,-0.113,42093.0,2538.053,0.137,0.562
ITA,1935,-0.43,5.704,-1.528,2.732,42429.0,2654.108,0.123,0.551
ITA,1936,-5.822,0.381,-2.779,0.974,42750.0,2540.304,0.107,0.539
ITA,1937,3.23,2.124,0.689,1.157,43068.0,2772.274,0.178,0.527
ITA,1938,0.851,-1.634,-0.106,-0.156,43419.0,2830.122,0.147,0.516
ITA,1939,-0.725,3.844,-1.163,1.037,43865.0,2980.825,0.137,0.504
ITA,1940,-1.494,-5.282,-2.432,-3.554,44341.0,2897.093,0.141,0.492
ITA,1941,-7.349,-4.331,-5.593,-3.694,44734.0,2822.257,0.132,0.48
ITA,1942,-5.786,-1.978,-6.456,-3.497,45004.0,2648.295,0.13,0.469
ITA,1943,-15.273,-7.788,-11.071,-8.091,45177.0,2233.864,0.055,0.457
ITA,1944,-1.901,-18.267,-4.383,-15.974,45290.0,1797.188,0.051,0.445
ITA,1945,-10.887,-26.65,-6.182,-19.718,45442.0,1608.635,0.064,0.434
ITA,1946,10.869,20.634,7.775,14.171,45725.0,2161.68,0.073,0.422
ITA,1947,16.817,11.162,12.917,9.272,46040.0,2555.551,0.137,0.41
ITA,1948,6.904,3.585,7.08,4.131,46381.0,2735.259,0.325,0.399
ITA,1949,1.607,0.822,2.835,2.023,46733.0,2948.367,0.362,0.389
ITA,1950,0.999,3.748,1.475,3.581,47105.0,3171.702,0.192,0.382
ITA,1951,1.05,3.805,1.909,3.37,47418.0,3450.71,0.236,0.378
ITA,1952,4.414,2.56,3.579,2.717,47666.0,3590.603,0.22,0.376
ITA,1953,4.283,3.898,3.145,3.639,47957.0,3829.821,0.218,0.381
ITA,1954,-0.703,2.188,0.782,2.516,48299.0,3947.212,0.21,0.398
ITA,1955,2.42,3.5,2.291,3.053,48633.0,4189.736,0.212,0.423
ITA,1956,2.682,2.012,2.404,2.404,48921.0,4368.008,0.227,0.458
ITA,1957,2.951,2.93,2.733,2.722,49182.0,4590.974,0.251,0.5
ITA,1958,2.009,2.396,2.428,2.666,49476.0,4822.883,0.224,0.542
ITA,1959,2.658,3.654,2.895,3.642,49832.0,5130.814,0.226,0.577
ITA,1960,4.029,4.216,3.844,3.952,50197.6,5456.19,0.267,0.608
ITA,1961,5.176,4.851,4.949,4.124,50523.2,5852.675,0.268,0.642
ITA,1962,5.559,3.443,5.466,3.542,50843.2,6203.007,0.271,0.673
ITA,1963,7.279,2.832,6.08,2.667,51198.3,6531.86,0.276,0.702
ITA,1964,1.828,0.287,2.768,0.888,51600.2,6727.939,0.264,0.727
ITA,1965,1.206,0.301,2.277,1.365,51987.1,6963.939,0.271,0.744
ITA,1966,4.592,3.487,4.167,3.041,52331.6,7366.023,0.282,0.75
ITA,1967,4.851,3.486,4.221,3.285,52667.1,7872.314,0.28,0.75
ITA,1968,3.129,4.657,3.549,3.953,52986.6,8382.405,0.284,0.75
ITA,1969,4.848,3.455,4.37,3.245,53317.0,8879.374,0.303,0.75
ITA,1970,3.697,2.628,3.329,2.335,53661.1,9366.596,0.311,0.75
ITA,1971,1.725,-0.557,2.278,0.712,54005.5,9489.248,0.314,0.75
ITA,1972,1.2,0.898,1.864,1.405,54365.56,9795.126,0.329,0.75
ITA,1973,3.589,4.979,2.377,3.053,54796.84,10413.55,0.352,0.75
ITA,1974,0.888,1.769,0.935,0.93,55226.26,10913.878,0.422,0.75
ITA,1975,-1.853,-5.222,-0.163,-1.499,55571.89,10618.982,0.387,0.75
ITA,1976,2.343,4.509,1.508,2.281,55838.54,11307.664,0.426,0.75
ITA,1977,1.162,-0.174,1.238,0.741,56059.25,11541.918,0.432,0.75
ITA,1978,0.747,2.128,1.696,2.009,56240.14,11869.49,0.427,0.75
ITA,1979,4.798,3.939,3.38,2.659,56367.71,12532.288,0.452,0.75
ITA,1980,4.103,1.24,2.88,1.013,56451.25,12927.018,0.444,0.75
ITA,1981,-0.014,-0.841,0.563,-0.078,56502.49,13018.322,0.468,0.75
ITA,1982,-0.589,-0.768,-0.007,-0.213,56535.64,13064.013,0.45,0.75
ITA,1983,-1.72,-0.747,-0.505,0.087,56630.13,13208.597,0.415,0.75
ITA,1984,1.369,2.921,0.934,1.558,56696.96,13634.095,0.438,0.75
ITA,1985,1.317,1.25,1.378,1.188,56731.21,14009.773,0.44,0.763
ITA,1986,2.505,0.361,2.067,1.188,56733.83,14408.105,0.374,0.797
ITA,1987,2.088,2.034,1.993,1.998,56729.7,14867.919,0.367,0.84
ITA,1988,2.472,3.674,2.256,2.567,56734.03,15484.703,0.363,0.88
ITA,1989,2.345,2.381,1.889,1.659,56737.53,15996.877,0.383,0.905
ITA,1990,0.461,0.019,0.805,0.335,56742.89,16313.128,0.379,0.917
ITA,1991,1.136,-0.934,0.481,-0.336,56747.46,16562.948,0.354,0.922
ITA,1992,0.088,-0.649,-0.375,-0.784,56840.85,16634.007,0.364,0.93
ITA,1993,-4.697,-2.684,-2.3,-0.958,57026.75,16440.838,0.393,0.952
ITA,1994,0.021,1.083,-0.356,0.743,57179.46,16761.74,0.421,0.977
ITA,1995,-0.025,3.411,-0.282,1.582,57274.53,17216.595,0.476,0.994
ITA,1996,-0.58,-0.916,0.127,0.311,57367.03,17378.12,0.446,1.0
ITA,1997,1.577,1.372,0.959,1.093,57479.47,17675.655,0.465,1.0
ITA,1998,1.87,1.106,1.043,1.004,57550.32,17908.54,0.471,1.0
ITA,1999,1.003,0.96,0.896,0.938,57603.63,18140.516,0.451,1.0
ITA,2000,0.8,2.043,0.427,1.099,57719.34,18761.372,0.526,1.0
ITA,2001,-0.876,0.425,-0.686,0.262,57844.92,19062.44,0.523,1.0
ITA,2002,-1.636,-1.154,-1.242,-0.878,57927.0,19100.471,0.5,1.0
ITA,2003,-1.302,-2.29,-1.262,-1.439,57998.35,19006.708,0.481,1.0
ITA,2004,-1.808,-1.657,-1.416,-1.496,58057.48,19210.52,0.495,1.0
ITA,2005,-1.647,-1.376,-1.395,-1.306,58103.03,19283.733,0.516,1.0
ITA,2006,0.017,-0.143,-1.143,-1.165,58133.51,19629.606,0.558,1.0
ITA,2007,-1.785,-0.871,-2.141,-1.834,58147.73,19841.539,0.577,1.0
ITA,2008,-3.9,-3.548,-2.904,-3.223,58145.32,19460.496,0.574,1.0
ITA,2009,-4.17,-7.923,-2.953,-4.867,58490.308,18278.626,0.478,1.0
ITA,2010,-0.61,-0.464,-2.106,-2.195,58677.672,18520.425,0.534,1.0
ITA,2011,-1.678,-1.426,-2.573,-2.594,58918.448,18934.15,0.556,1.0
ITA,2012,-5.793,-4.958,-4.25,-3.755,59130.724,18672.046,0.562,1.0
ITA,2013,-5.142,-4.732,-3.698,-3.543,59466.828,18540.251,0.555,1.0
ITA,2014,-2.152,-2.633,-2.095,-2.643,59735.122,18809.769,0.558,1.0
ITA,2015,0.583,-0.74,-0.79,-1.606,59747.898,19158.57,0.569,1.0
ITA,2016,0.183,-0.722,-0.747,-1.556,59620.139,19615.696,0.562,1.0
JPN,1875,1.433,4.455,-2.193,0.258,35436.0,809.854,0.087,
JPN,1876,-1.798,-5.641,-1.308,-2.268,35713.0,784.56,0.094,
JPN,1877,0.234,-0.143,-0.699,-1.018,36018.0,802.654,0.096,
JPN,1878,-2.815,-3.566,-0.939,-1.72,36315.0,793.749,0.095,
JPN,1879,2.651,2.705,0.987,0.272,36557.0,835.408,0.077,
JPN,1880,4.075,0.877,0.585,-0.676,36807.0,863.396,0.085,
JPN,1881,-6.877,-6.506,-3.038,-3.232,37112.0,829.3,0.075,
JPN,1882,-1.586,-0.648,-1.882,-1.743,37414.0,844.176,0.086,
JPN,1883,-4.167,-3.28,-2.48,-2.296,37766.0,837.208,0.088,
JPN,1884,2.965,-2.624,-0.379,-1.366,38138.0,835.702,0.082,
JPN,1885,-8.036,0.46,-3.206,0.336,38427.0,860.124,0.077,
JPN,1886,2.81,5.268,1.332,2.005,38622.0,916.447,0.094,
JPN,1887,5.589,1.073,2.629,-0.086,38866.0,951.526,0.111,
JPN,1888,-1.184,-7.942,0.507,-3.106,39251.0,899.595,0.152,
JPN,1889,3.382,1.669,1.271,0.58,39688.0,932.675,0.145,
JPN,1890,-5.685,5.333,-1.533,1.472,40077.0,1011.942,0.118,1.0
JPN,1891,5.605,-8.125,1.8,-3.091,40380.0,956.438,0.132,1.0
JPN,1892,-4.048,3.362,-0.956,0.918,40684.0,1012.695,0.141,1.0
JPN,1893,4.341,-2.922,1.139,-0.635,41001.0,1008.36,0.152,1.0
JPN,1894,-4.9,7.994,-1.508,3.228,41350.0,1119.416,0.166,1.0
JPN,1895,2.703,-2.092,0.824,-1.534,41775.0,1123.464,0.174,1.0
JPN,1896,0.712,-9.105,-0.046,-4.42,42196.0,1051.124,0.183,1.0
JPN,1897,-3.248,-1.423,-0.993,-0.189,42643.0,1061.949,0.203,1.0
JPN,1898,2.757,14.003,0.343,5.174,43145.0,1248.883,0.186,1.0
JPN,1899,-1.137,-11.352,-1.532,-5.018,43626.0,1143.137,0.204,1.0
JPN,1900,-5.441,0.63,-3.405,-0.721,44103.0,1179.513,0.203,1.0
JPN,1901,-1.87,-0.19,-2.542,-1.995,44662.0,1206.463,0.208,1.0
JPN,1902,-3.496,-9.106,-2.937,-4.297,45255.0,1128.905,0.223,1.0
JPN,1903,-3.084,3.139,-2.954,-0.199,45841.0,1192.628,0.224,1.0
JPN,1904,-0.452,-2.884,-2.402,-1.955,46378.0,1188.088,0.242,1.0
JPN,1905,-8.981,-5.067,-4.878,-1.516,46829.0,1156.755,0.274,1.0
JPN,1906,-3.597,9.09,-1.745,3.333,47227.0,1297.21,0.246,1.0
JPN,1907,9.23,-0.264,3.285,-0.1,47691.0,1325.155,0.242,1.0
JPN,1908,-1.652,-2.97,-0.413,-1.787,48260.0,1318.439,0.213,1.0
JPN,1909,-1.428,-3.901,-0.722,-2.531,48869.0,1300.542,0.221,1.0
JPN,1910,0.727,-2.196,-0.606,-1.505,49518.0,1303.755,0.258,1.0
JPN,1911,-4.848,1.514,-2.779,-0.303,50215.0,1355.578,0.24,1.0
JPN,1912,-0.681,-0.282,-1.314,-0.72,50941.0,1384.083,0.256,1.0
JPN,1913,-0.396,-2.267,-1.384,-1.754,51672.0,1386.689,0.285,1.0
JPN,1914,-6.222,-6.984,-2.662,-2.534,52396.0,1326.502,0.277,0.987
JPN,1915,2.26,5.182,0.75,3.103,53124.0,1429.715,0.279,0.953
JPN,1916,2.191,10.809,1.434,6.161,53815.0,1629.718,0.321,0.916
JPN,1917,1.246,-0.232,1.5,1.374,54437.0,1665.063,0.338,0.868
JPN,1918,2.649,-2.23,2.596,0.223,54886.0,1668.413,0.351,0.8
JPN,1919,6.279,6.641,3.594,2.276,55253.0,1827.214,0.312,0.722
JPN,1920,-4.663,-9.986,-0.701,-3.896,55818.0,1695.754,0.315,0.647
JPN,1921,3.161,6.935,1.722,1.894,56490.0,1859.502,0.227,0.58
JPN,1922,2.706,-4.046,1.514,-2.504,57209.0,1831.122,0.265,0.525
JPN,1923,-1.633,-3.598,-0.813,-2.198,57937.0,1809.35,0.259,0.5
JPN,1924,-1.31,-0.953,-1.164,-1.265,58686.0,1836.317,0.307,0.5
JPN,1925,-1.562,0.191,-1.539,-0.931,59522.0,1885.162,0.336,0.5
JPN,1926,-2.306,-3.156,-1.597,-2.019,60490.0,1871.578,0.32,0.5
JPN,1927,-0.775,-2.55,-1.454,-1.354,61430.0,1869.766,0.316,0.525
JPN,1928,-0.716,3.977,-1.823,0.307,62361.0,1992.372,0.303,0.593
JPN,1929,-4.211,-0.719,-3.235,-2.189,63244.0,2025.735,0.312,0.668
JPN,1930,-3.177,-11.653,-3.313,-5.572,64203.0,1850.391,0.268,0.701
JPN,1931,-4.254,-3.146,-3.666,-2.025,65205.0,1837.341,0.244,0.667
JPN,1932,-3.969,4.199,-3.547,1.487,66189.0,1961.583,0.262,0.571
JPN,1933,-3.276,5.551,-3.146,2.231,67182.0,2122.436,0.298,0.44
JPN,1934,-1.462,-3.614,-2.782,-0.913,68090.0,2098.342,0.339,0.322
JPN,1935,-6.848,-1.403,-4.426,-0.169,69238.0,2120.468,0.362,0.263
JPN,1936,-0.875,3.337,-1.825,1.931,70171.0,2244.421,0.363,0.249
JPN,1937,1.148,0.708,-1.484,1.753,71278.0,2315.116,0.384,0.248
JPN,1938,-4.339,3.225,-4.141,3.637,71879.0,2449.275,0.284,0.243
JPN,1939,-7.7,11.61,-7.112,7.232,72364.0,2816.057,0.276,0.237
JPN,1940,-13.901,-0.366,-10.881,0.682,72967.0,2874.29,0.255,0.229
JPN,1941,-6.855,-2.506,-8.048,-1.85,74005.0,2872.704,0.188,0.219
JPN,1942,-8.511,-4.264,-8.769,-3.662,75029.0,2818.217,0.118,0.208
JPN,1943,-9.078,-2.469,-10.371,-3.965,76005.0,2821.623,0.094,0.198
JPN,1944,-22.951,-8.793,-22.311,-9.651,77178.0,2658.973,0.067,0.188
JPN,1945,-45.414,-26.947,-38.924,-24.06,76224.0,1346.126,0.04,0.177
JPN,1946,33.64,-39.683,27.87,-34.432,77199.0,1444.216,0.013,0.167
JPN,1947,12.261,6.041,12.042,2.997,78119.0,1540.944,0.022,0.156
JPN,1948,4.331,10.424,4.908,7.708,80155.0,1725.286,0.042,0.146
JPN,1949,3.368,-0.785,3.942,1.331,81971.0,1799.826,0.13,0.144
JPN,1950,7.885,7.091,7.586,6.475,83805.0,1920.721,0.159,0.155
JPN,1951,8.425,8.768,8.882,7.692,85164.0,2125.608,0.214,0.176
JPN,1952,12.727,6.131,11.584,5.878,86459.0,2336.425,0.185,0.202
JPN,1953,8.761,1.751,8.194,2.521,87655.0,2474.344,0.183,0.227
JPN,1954,1.598,2.333,3.18,2.949,88754.0,2581.87,0.18,0.244
JPN,1955,4.406,5.194,4.316,4.39,89815.0,2770.749,0.182,0.25
JPN,1956,5.467,2.667,4.925,2.96,90766.0,2947.87,0.206,0.256
JPN,1957,4.923,3.961,4.798,3.718,91563.0,3135.873,0.225,0.28
JPN,1958,3.276,2.839,4.126,3.466,92389.0,3288.895,0.179,0.322
JPN,1959,4.951,4.876,5.083,5.026,93297.0,3553.936,0.19,0.375
JPN,1960,7.556,7.632,6.777,7.088,94092.0,3986.433,0.192,0.428
JPN,1961,6.933,8.123,6.713,7.399,94943.0,4426.284,0.187,0.47
JPN,1962,4.357,5.229,4.884,5.69,95832.0,4776.517,0.173,0.494
JPN,1963,5.396,4.745,5.464,5.362,96812.0,5128.644,0.175,0.5
JPN,1964,6.894,7.659,6.144,6.544,97826.0,5667.69,0.178,0.5
JPN,1965,2.319,2.189,3.885,3.596,98883.0,5933.748,0.182,0.5
JPN,1966,6.843,6.835,6.401,6.459,99790.0,6505.532,0.182,0.5
JPN,1967,7.249,7.221,6.677,7.308,100825.0,7152.294,0.178,0.5
JPN,1968,5.954,9.38,6.191,8.776,101961.0,7983.313,0.176,0.5
JPN,1969,5.987,7.442,6.001,7.668,103172.0,8874.089,0.179,0.5
JPN,1970,4.57,6.699,4.441,5.869,104345.0,9713.951,0.187,0.5
JPN,1971,2.254,0.905,3.194,2.411,105697.0,10040.324,0.19,0.5
JPN,1972,5.359,4.327,4.63,3.724,107188.0,10733.6,0.174,0.5
JPN,1973,5.773,4.512,3.697,2.347,108707.0,11433.802,0.182,0.5
JPN,1974,-4.085,-5.645,-1.511,-2.724,110162.0,11144.52,0.255,0.5
JPN,1975,0.764,-0.975,0.492,-0.68,111573.0,11343.781,0.228,0.5
JPN,1976,0.074,0.74,0.381,0.305,112775.0,11668.968,0.235,0.5
JPN,1977,0.773,0.923,0.898,0.903,113872.0,12063.855,0.22,0.506
JPN,1978,2.183,1.829,1.839,1.576,114913.0,12584.878,0.182,0.523
JPN,1979,3.331,2.092,1.826,1.259,115890.0,13163.097,0.211,0.548
JPN,1980,-1.944,-0.432,-0.661,-0.116,116807.0,13427.73,0.253,0.577
JPN,1981,-1.402,-0.274,-0.365,-0.033,117648.0,13754.452,0.249,0.602
JPN,1982,1.51,-0.38,0.658,-0.545,118455.0,14078.37,0.245,0.619
JPN,1983,0.01,-1.518,0.039,-0.564,119270.0,14306.873,0.228,0.625
JPN,1984,-0.335,0.01,0.087,0.19,120035.0,14772.587,0.24,0.625
JPN,1985,1.204,1.93,0.851,0.85,120754.0,15331.251,0.224,0.625
JPN,1986,0.582,-0.121,0.978,0.551,121492.0,15679.381,0.167,0.625
JPN,1987,1.464,0.807,1.529,1.371,122091.0,16251.294,0.155,0.625
JPN,1988,2.239,3.703,1.996,2.674,122613.0,17184.638,0.152,0.625
JPN,1989,2.216,2.323,1.899,2.097,123108.0,17942.514,0.163,0.631
JPN,1990,2.053,2.303,1.668,1.637,123537.0,18789.071,0.17,0.648
JPN,1991,0.427,0.553,0.665,0.365,123946.0,19347.103,0.158,0.673
JPN,1992,0.239,-1.721,0.159,-1.083,124329.0,19440.299,0.151,0.702
JPN,1993,-0.987,-2.441,-0.347,-1.798,124668.0,19417.436,0.139,0.727
JPN,1994,0.222,-1.687,-0.056,-1.452,125014.0,19536.819,0.138,0.744
JPN,1995,-0.662,-0.937,-0.493,-1.012,125341.0,19871.714,0.146,0.75
JPN,1996,0.079,-0.154,-0.565,-1.042,125645.0,20343.36,0.162,0.75
JPN,1997,-1.442,-1.322,-1.287,-1.694,125956.0,20617.438,0.176,0.763
JPN,1998,-2.413,-4.472,-1.827,-2.908,126246.0,20154.494,0.17,0.797
JPN,1999,-2.134,-2.853,-1.738,-2.169,126494.0,20070.399,0.164,0.847
JPN,2000,-1.311,0.286,-1.336,-1.251,126729.0,20480.951,0.182,0.903
JPN,2001,-0.657,-2.277,-1.06,-1.883,126972.0,20499.908,0.181,0.953
JPN,2002,-1.786,-2.542,-1.391,-1.674,127187.0,20516.849,0.189,0.987
JPN,2003,-1.132,-0.892,-0.958,-1.207,127358.0,20832.998,0.198,1.0
JPN,2004,-0.218,-0.199,-0.486,-0.845,127480.0,21301.178,0.219,1.0
JPN,2005,-0.228,-1.157,-0.491,-1.186,127537.0,21575.023,0.234,1.0
JPN,2006,-0.255,-1.095,-0.706,-1.394,127515.0,21938.171,0.271,1.0
JPN,2007,-1.459,-0.916,-1.504,-1.793,127433.0,22410.066,0.295,1.0
JPN,2008,-2.753,-3.59,-1.977,-3.187,127288.0,22175.124,0.307,1.0
JPN,2009,-3.003,-7.999,-1.898,-4.12,127147.45,20963.2,0.216,1.0
JPN,2010,0.611,1.647,-0.643,-1.085,127190.31,21934.903,0.256,1.0
JPN,2011,-2.304,-2.372,-1.444,-1.852,127426.56,22320.485,0.304,1.0
JPN,2012,0.067,-0.798,-0.56,-1.096,127148.44,23121.977,0.306,1.0
JPN,2013,0.384,-0.317,-0.776,-0.958,126930.14,24006.651,0.341,1.0
JPN,2014,-2.824,-1.974,-1.867,-1.527,126717.81,24560.644,0.376,1.0
JPN,2015,-2.405,-1.124,-2.011,-1.43,126576.26,25130.958,0.356,1.0
JPN,2016,-1.595,-1.3,-1.851,-1.72,126558.32,25717.688,0.313,1.0
NLD,1921,10.687,13.975,9.871,11.156,6921.0,4431.396,0.631,0.525
NLD,1922,6.856,3.187,5.462,4.299,7032.0,4599.215,0.591,0.525
NLD,1923,-3.083,-1.073,-1.212,1.196,7150.0,4634.999,0.625,0.593
NLD,1924,-1.185,3.671,-0.868,2.674,7264.0,4895.495,0.724,0.694
NLD,1925,-3.517,0.186,-1.427,1.218,7366.0,5030.977,0.744,0.806
NLD,1926,2.891,3.546,1.195,2.292,7471.0,5357.759,0.717,0.907
NLD,1927,1.463,1.551,0.989,1.28,7576.0,5504.198,0.738,0.975
NLD,1928,1.118,1.207,0.972,0.267,7679.0,5719.599,0.742,1.0
NLD,1929,0.057,-1.136,0.48,-1.489,7782.0,5688.791,0.735,1.0
NLD,1930,2.425,-4.239,0.941,-3.669,7884.0,5602.53,0.665,1.0
NLD,1931,-1.05,-6.785,-0.751,-4.818,7999.0,5185.049,0.556,1.0
NLD,1932,-1.441,-4.28,-1.313,-3.704,8123.0,5035.239,0.412,1.0
NLD,1933,-1.996,-2.602,-2.093,-3.002,8237.0,4956.462,0.398,0.975
NLD,1934,-4.811,-3.882,-2.806,-2.47,8341.0,4804.907,0.366,0.907
NLD,1935,-1.907,-0.021,-1.703,-0.368,8434.0,4929.456,0.346,0.806
NLD,1936,1.398,2.835,-0.528,1.005,8516.0,5189.679,0.377,0.691
NLD,1937,-1.566,3.023,-1.089,0.841,8599.0,5432.697,0.519,0.583
NLD,1938,-1.892,-5.676,-1.597,-2.516,8685.0,5249.601,0.461,0.499
NLD,1939,3.281,5.344,-0.821,0.055,8782.0,5543.977,0.423,0.448
NLD,1940,-14.533,-15.525,-10.841,-10.243,8879.0,4831.36,0.409,0.415
NLD,1941,-13.581,-8.079,-14.86,-8.218,8966.0,4531.2,0.395,0.375
NLD,1942,-39.418,-11.518,-34.083,-10.937,9042.0,4106.729,0.381,0.333
NLD,1943,-13.243,-4.717,-14.459,-8.548,9103.0,3980.518,0.367,0.292
NLD,1944,-4.939,-42.678,-2.913,-35.577,9175.0,2649.174,0.353,0.25
NLD,1945,43.388,-0.251,38.225,-0.154,9262.0,2686.259,0.339,0.208
NLD,1946,24.885,49.779,25.019,43.563,9424.0,4456.628,0.325,0.167
NLD,1947,14.412,11.082,14.39,12.51,9630.0,5048.079,0.51,0.125
NLD,1948,2.865,6.964,3.018,7.438,9800.0,5490.204,0.623,0.098
NLD,1949,-0.091,3.863,-0.028,3.574,9956.0,5880.474,0.622,0.111
NLD,1950,-1.373,0.991,-1.673,1.199,10113.53,5996.128,0.791,0.169
NLD,1951,-4.944,-0.689,-3.264,-0.088,10264.31,6031.968,0.929,0.266
NLD,1952,-1.939,-1.042,-1.011,0.313,10381.99,6083.806,0.856,0.388
NLD,1953,2.847,5.479,2.139,4.18,10493.18,6542.533,0.842,0.512
NLD,1954,3.903,3.983,3.09,3.521,10615.38,6906.865,0.871,0.612
NLD,1955,3.891,4.067,3.415,3.412,10750.84,7325.845,0.876,0.678
NLD,1956,4.636,1.567,2.886,1.438,10889.35,7498.518,0.902,0.72
NLD,1957,-2.354,0.133,-0.953,0.063,11026.38,7613.557,0.912,0.744
NLD,1958,-2.553,-4.08,-0.729,-1.58,11186.88,7482.072,0.856,0.75
NLD,1959,1.529,1.617,1.287,1.633,11347.64,7736.675,0.884,0.75
NLD,1960,3.375,5.899,2.37,3.225,11486.0,8286.61,0.893,0.75
NLD,1961,2.602,-0.033,2.649,1.014,11638.71,8201.508,0.901,0.75
NLD,1962,3.169,1.231,3.233,1.47,11805.69,8639.309,0.877,0.75
NLD,1963,4.195,0.332,3.87,1.424,11965.97,8832.216,0.889,0.75
NLD,1964,3.063,5.41,3.277,3.679,12127.12,9437.195,0.889,0.75
NLD,1965,4.544,2.246,3.731,2.15,12292.0,9797.836,0.857,0.75
NLD,1966,0.482,-0.114,1.859,1.103,12454.8,9936.25,0.837,0.75
NLD,1967,2.781,2.482,2.89,2.444,12596.82,10341.259,0.802,0.75
NLD,1968,4.013,3.904,3.714,3.496,12724.68,10894.341,0.814,0.75
NLD,1969,4.942,3.891,4.273,3.518,12873.0,11462.13,0.772,0.75
NLD,1970,4.483,2.76,3.798,2.621,13032.33,11966.773,0.821,0.75
NLD,1971,0.593,1.56,1.397,1.67,13193.78,12319.369,0.817,0.75
NLD,1972,0.181,0.077,0.938,1.016,13329.87,12597.193,0.789,0.75
NLD,1973,2.315,2.4,1.699,1.613,13438.4,13081.241,0.84,0.75
NLD,1974,0.992,1.664,1.187,0.9,13540.58,13497.424,0.973,0.75
NLD,1975,0.694,-2.29,1.115,-0.365,13653.44,13373.628,0.878,0.75
NLD,1976,3.211,2.049,2.569,1.109,13769.91,13884.91,0.927,0.75
NLD,1977,2.054,0.293,1.876,0.295,13852.99,14176.868,0.876,0.75
NLD,1978,2.511,0.268,1.296,0.095,13936.75,14424.019,0.824,0.75
NLD,1979,-0.781,-0.488,-0.782,-0.579,14030.0,14647.254,0.916,0.75
NLD,1980,-2.293,-0.696,-2.276,-0.982,14143.9,14704.501,0.973,0.763
NLD,1981,-5.875,-2.786,-3.462,-1.988,14246.05,14525.08,1.034,0.797
NLD,1982,-2.763,-3.373,-2.216,-2.074,14310.4,14291.493,1.022,0.847
NLD,1983,-0.77,-0.181,-1.047,-0.352,14362.38,14483.253,1.008,0.903
NLD,1984,-0.096,1.074,-0.68,0.363,14420.02,14899.7,1.1,0.953
NLD,1985,-0.071,0.61,-0.106,0.454,14491.38,15282.879,1.137,0.987
NLD,1986,0.342,0.922,0.262,0.531,14571.88,15617.071,0.844,1.0
NLD,1987,0.085,-0.389,-0.112,0.469,14665.28,15737.035,0.814,1.0
NLD,1988,-0.443,1.121,0.0,1.059,14761.34,16043.531,0.84,1.0
NLD,1989,1.173,2.133,0.791,1.433,14848.91,16695.236,0.891,1.0
NLD,1990,1.862,1.853,1.123,1.29,14951.51,17262.069,0.873,1.0
NLD,1991,0.502,0.004,0.465,0.434,15066.22,17547.904,0.857,1.0
NLD,1992,-1.407,-0.615,-0.824,-0.149,15174.24,17719.668,0.817,1.0
NLD,1993,-1.257,-0.962,-0.67,-0.214,15274.94,17823.664,0.806,1.0
NLD,1994,-0.067,0.712,0.107,0.514,15382.2,18222.905,0.843,1.0
NLD,1995,0.773,0.961,0.883,0.969,15459.05,18696.697,0.889,1.0
NLD,1996,2.465,1.393,1.764,1.319,15527.81,19247.868,0.905,1.0
NLD,1997,1.487,2.059,1.734,1.66,15604.46,19972.661,0.964,1.0
NLD,1998,3.027,1.669,2.557,1.593,15699.26,20630.887,0.965,1.0
NLD,1999,3.124,2.346,2.522,1.758,15801.95,21456.949,0.885,1.0
NLD,2000,1.505,1.496,1.345,1.132,15907.85,22148.201,1.0,1.0
NLD,2001,-0.354,-0.458,-0.103,-0.116,16017.45,22410.665,0.964,1.0
NLD,2002,-1.132,-2.136,-0.852,-1.257,16122.83,22290.725,0.886,1.0
NLD,2003,-2.066,-1.767,-1.369,-0.966,16223.25,22267.408,0.87,1.0
NLD,2004,-0.741,0.241,-1.055,-0.022,16318.2,22695.826,0.924,1.0
NLD,2005,-0.926,0.4,-1.085,0.393,16407.49,23113.736,0.973,1.0
NLD,2006,-2.513,1.704,-1.581,0.975,16491.46,23867.011,1.042,1.0
NLD,2007,0.217,1.821,-0.789,0.608,16570.61,24756.362,1.062,1.0
NLD,2008,-0.565,-0.298,-0.931,-0.946,16645.31,25112.312,1.105,1.0
NLD,2009,-2.751,-5.948,-2.057,-2.825,16730.328,24073.415,0.945,1.0
NLD,2010,-1.879,-0.714,-1.666,-1.426,16816.358,24302.618,1.094,1.0
NLD,2011,-1.695,-0.41,-2.123,-1.203,16895.303,25099.118,1.2,1.0
NLD,2012,-2.921,-3.026,-2.384,-2.02,16958.055,25197.783,1.22,1.0
NLD,2013,-2.696,-2.079,-2.225,-1.682,17007.649,25481.897,1.232,1.0
NLD,2014,-1.485,-0.544,-1.319,-0.893,17069.388,26212.736,1.198,1.0
NLD,2015,0.181,0.199,-0.705,-0.369,17142.26,26979.35,1.15,1.0
NLD,2016,-0.38,0.06,-0.803,-0.437,17236.388,27688.799,1.154,1.0
NOR,1875,0.818,-0.318,0.369,-0.602,1803.0,1551.22,0.363,
NOR,1876,-1.997,-0.41,-0.858,-1.162,1829.0,1572.45,0.357,
NOR,1877,1.59,-2.542,-0.863,-2.573,1852.0,1564.75,0.375,
NOR,1878,-7.871,-7.054,-4.364,-4.12,1877.0,1489.82,0.329,
NOR,1879,-3.561,-2.525,-2.553,-2.233,1902.0,1483.25,0.334,
NOR,1880,-1.559,0.23,-1.811,-1.255,1919.0,1517.29,0.361,
NOR,1881,0.43,-1.325,-0.956,-1.696,1923.0,1528.4,0.387,
NOR,1882,-2.111,-2.083,-1.304,-1.825,1920.0,1527.94,0.372,
NOR,1883,0.711,-2.414,-0.557,-1.901,1919.0,1523.01,0.369,
NOR,1884,-1.355,-0.795,-1.213,-1.329,1929.0,1542.13,0.376,
NOR,1885,-1.57,-1.908,-1.457,-1.677,1944.0,1544.34,0.365,
NOR,1886,-3.499,-2.255,-2.336,-1.619,1958.0,1541.74,0.357,
NOR,1887,-2.762,-1.379,-1.11,-0.67,1970.0,1551.82,0.366,
NOR,1888,3.122,2.169,1.158,0.771,1977.0,1618.52,0.394,
NOR,1889,2.195,1.35,1.047,0.608,1984.0,1675.06,0.422,
NOR,1890,0.979,0.004,0.729,-0.182,1997.0,1709.49,0.436,
NOR,1891,-0.047,-1.875,-0.175,-1.072,2013.0,1712.28,0.44,
NOR,1892,-2.55,-0.831,-0.898,-0.763,2026.0,1733.8,0.408,
NOR,1893,-0.063,-0.008,-0.111,-0.759,2038.0,1769.37,0.422,
NOR,1894,1.294,-2.379,0.528,-1.704,2057.0,1763.72,0.414,
NOR,1895,-0.234,-2.138,0.094,-1.325,2083.0,1762.77,0.433,
NOR,1896,1.42,-0.604,0.483,-0.69,2112.0,1787.95,0.443,
NOR,1897,-0.391,1.745,-0.203,-0.106,2142.0,1856.41,0.47,
NOR,1898,-0.752,-2.732,-0.622,-1.436,2174.0,1844.25,0.44,
NOR,1899,-0.424,-0.389,-0.939,-1.015,2204.0,1875.18,0.44,
NOR,1900,-2.375,-1.998,-1.95,-1.557,2230.0,1876.69,0.434,
NOR,1901,-2.464,-0.675,-1.904,-1.026,2255.0,1902.13,0.411,
NOR,1902,-1.783,-1.441,-1.725,-1.683,2275.0,1914.36,0.433,
NOR,1903,-1.272,-3.24,-2.048,-2.337,2288.0,1891.49,0.45,
NOR,1904,-4.714,-2.297,-2.552,-1.759,2297.0,1887.66,0.449,
NOR,1905,-0.393,-1.786,-1.068,-1.189,2309.0,1892.1,0.48,
NOR,1906,-0.497,1.558,-0.582,0.654,2319.0,1962.05,0.497,
NOR,1907,0.574,1.784,-0.142,0.861,2329.0,2038.47,0.467,
NOR,1908,0.031,0.374,-0.204,0.434,2346.0,2088.04,0.442,
NOR,1909,-1.212,-0.82,-0.371,0.053,2367.0,2114.71,0.463,
NOR,1910,1.1,1.309,0.389,0.964,2384.0,2185.97,0.477,
NOR,1911,0.48,1.068,0.296,1.103,2401.0,2255.09,0.501,
NOR,1912,-0.251,1.844,0.147,1.367,2423.0,2344.46,0.513,
NOR,1913,1.138,2.276,0.85,1.432,2447.0,2447.06,0.509,
NOR,1914,-0.901,-1.05,0.489,-0.195,2472.0,2472.28,0.509,
NOR,1915,4.181,1.259,2.802,-0.123,2498.0,2554.23,0.596,
NOR,1916,8.74,0.79,2.859,-1.65,2522.0,2627.84,0.605,
NOR,1917,-12.167,-12.858,-5.899,-6.831,2551.0,2361.31,0.546,
NOR,1918,-9.879,-7.271,-3.468,-3.211,2578.0,2242.88,0.398,
NOR,1919,18.846,12.917,7.816,5.088,2603.0,2601.96,0.543,1.0
NOR,1920,-1.965,3.141,-2.399,0.745,2635.0,2739.06,0.571,0.5
NOR,1921,-19.143,-13.666,-8.687,-5.488,2668.0,2442.9,0.386,0.5
NOR,1922,8.587,7.22,2.723,2.87,2695.0,2678.08,0.422,0.5
NOR,1923,0.411,-0.062,-0.705,-0.291,2713.0,2732.13,0.435,0.5
NOR,1924,-4.172,-2.677,-2.239,-0.735,2729.0,2715.12,0.467,0.5
NOR,1925,-0.613,3.28,-0.872,1.393,2747.0,2863.16,0.431,0.525
NOR,1926,-1.977,-1.159,-0.805,0.0,2763.0,2889.27,0.41,0.593
NOR,1927,2.152,1.238,0.878,1.198,2775.0,2985.57,0.394,0.694
NOR,1928,1.342,1.91,1.244,2.282,2785.0,3105.9,0.404,0.806
NOR,1929,3.332,6.629,2.006,4.134,2795.0,3387.39,0.42,0.894
NOR,1930,2.095,4.793,0.696,2.191,2807.0,3627.1,0.4,0.928
NOR,1931,-5.032,-10.839,-2.256,-4.569,2824.0,3323.46,0.346,0.903
NOR,1932,-2.182,2.192,-1.562,0.543,2842.0,3466.56,0.326,0.847
NOR,1933,-0.815,-0.165,-0.806,0.035,2858.0,3533.55,0.316,0.797
NOR,1934,0.069,0.872,0.213,1.04,2874.0,3638.02,0.323,0.763
NOR,1935,1.767,2.306,1.016,1.877,2889.0,3799.63,0.328,0.75
NOR,1936,2.007,4.005,1.521,2.661,2904.0,4035.13,0.332,0.748
NOR,1937,2.564,1.789,1.5,1.361,2919.0,4193.04,0.379,0.74
NOR,1938,-1.044,-0.419,0.018,-0.034,2936.0,4262.21,0.34,0.724
NOR,1939,3.43,2.043,0.595,-0.984,2954.0,4440.63,0.348,0.698
NOR,1940,-5.921,-11.616,-2.916,-6.299,2973.0,4038.09,0.343,0.665
NOR,1941,-1.929,-0.232,-2.2,-2.746,2990.0,4112.47,0.338,0.625
NOR,1942,-3.203,-6.676,-2.702,-5.087,3009.0,3927.7,0.334,0.583
NOR,1943,-2.426,-4.878,-2.581,-4.533,3032.0,3820.18,0.329,0.542
NOR,1944,-5.939,-8.396,-2.62,-4.003,3060.0,3587.54,0.325,0.5
NOR,1945,2.968,8.416,0.911,4.557,3091.0,3979.86,0.32,0.458
NOR,1946,1.757,6.598,1.507,5.59,3127.0,4335.37,0.315,0.417
NOR,1947,6.225,9.577,3.254,7.709,3165.0,4864.26,0.445,0.375
NOR,1948,-1.388,3.589,0.536,3.942,3201.0,5143.89,0.416,0.335
NOR,1949,1.999,-0.446,0.957,0.966,3234.0,5227.2,0.426,0.308
NOR,1950,-0.525,1.778,-0.228,1.754,3265.126,5429.51,0.465,0.299
NOR,1951,-2.619,2.317,-0.835,1.86,3295.871,5670.28,0.523,0.308
NOR,1952,1.237,0.464,0.494,0.896,3327.728,5813.92,0.456,0.329
NOR,1953,1.149,0.87,0.442,0.854,3360.888,5985.19,0.443,0.352
NOR,1954,0.215,1.913,0.396,1.242,3394.246,6225.5,0.461,0.369
NOR,1955,0.29,-0.862,0.091,0.205,3427.409,6301.38,0.467,0.375
NOR,1956,0.211,2.231,0.001,1.075,3459.992,6575.16,0.476,0.375
NOR,1957,-0.377,0.032,-0.145,-0.162,3491.938,6711.49,0.471,0.375
NOR,1958,-2.335,-2.955,-0.724,-1.029,3522.993,6652.33,0.46,0.375
NOR,1959,1.415,1.25,1.415,0.995,3552.851,6874.48,0.449,0.375
NOR,1960,5.359,2.653,3.301,1.839,3581.239,7203.72,0.506,0.375
NOR,1961,3.123,3.264,2.497,2.15,3609.8,7594.66,0.505,0.375
NOR,1962,0.443,-0.073,1.318,0.902,3638.919,7746.04,0.485,0.375
NOR,1963,0.849,0.958,1.05,1.445,3666.54,7981.69,0.496,0.375
NOR,1964,1.134,2.071,0.861,1.682,3694.339,8315.95,0.51,0.375
NOR,1965,-0.124,2.368,0.448,1.829,3723.153,8689.79,0.516,0.375
NOR,1966,0.977,0.875,1.122,1.546,3753.628,8945.22,0.519,0.375
NOR,1967,1.176,3.204,1.185,2.026,3786.019,9422.75,0.537,0.375
NOR,1968,0.985,-0.67,1.429,0.43,3818.983,9551.2,0.52,0.375
NOR,1969,4.856,1.566,2.555,0.982,3850.977,9899.29,0.529,0.375
NOR,1970,-2.53,-0.812,-0.015,0.431,3877.386,10027.2,0.481,0.375
NOR,1971,2.999,2.718,1.674,2.106,3903.039,10472.4,0.454,0.375
NOR,1972,0.035,2.371,0.699,1.965,3933.004,10921.9,0.441,0.375
NOR,1973,1.167,1.665,1.087,1.76,3960.613,11324.4,0.486,0.375
NOR,1974,0.773,1.066,1.157,1.411,3985.258,11726.2,0.541,0.375
NOR,1975,3.036,2.289,2.672,2.28,4007.313,12271.3,0.515,0.375
NOR,1976,3.697,3.131,3.004,2.393,4026.152,12930.0,0.53,0.381
NOR,1977,4.112,1.548,2.329,1.782,4043.205,13424.9,0.524,0.398
NOR,1978,-3.991,1.395,-1.148,1.604,4058.671,13840.2,0.481,0.423
NOR,1979,1.921,1.917,0.901,1.767,4072.517,14411.3,0.512,0.452
NOR,1980,-0.127,2.031,-0.286,1.211,4085.62,15076.0,0.551,0.477
NOR,1981,-2.02,-0.913,-1.232,-0.358,4099.702,15169.4,0.531,0.5
NOR,1982,-1.254,-2.33,-0.719,-0.868,4114.787,15145.3,0.527,0.523
NOR,1983,-0.123,1.444,0.237,1.267,4128.432,15635.8,0.511,0.548
NOR,1984,1.179,3.403,1.668,2.584,4140.095,16512.7,0.527,0.577
NOR,1985,7.199,2.912,4.108,2.161,4152.419,17319.7,0.539,0.608
NOR,1986,2.765,1.516,1.613,1.036,4166.596,17882.1,0.488,0.642
NOR,1987,-3.065,-0.74,-1.846,-0.518,4186.147,18164.3,0.467,0.686
NOR,1988,-4.667,-2.804,-2.973,-1.598,4208.729,18059.1,0.448,0.748
NOR,1989,-2.992,-1.477,-2.381,-1.109,4226.142,18156.7,0.495,0.824
NOR,1990,-1.527,-0.519,-1.352,-0.485,4242.006,18466.0,0.509,0.897
NOR,1991,0.021,0.527,-0.341,0.329,4261.733,18951.362,0.488,0.953
NOR,1992,0.02,0.817,-0.27,0.557,4286.357,19506.318,0.468,0.987
NOR,1993,0.003,0.117,0.222,0.658,4311.964,19930.841,0.465,1.0
NOR,1994,1.096,2.367,1.009,1.567,4336.638,20818.486,0.488,1.0
NOR,1995,1.642,1.551,1.718,1.871,4359.101,21578.255,0.493,1.0
NOR,1996,4.227,2.427,2.604,1.997,4381.277,22563.885,0.521,1.0
NOR,1997,0.936,2.68,1.383,2.019,4405.672,23649.02,0.521,1.0
NOR,1998,0.496,0.019,0.976,0.453,4432.718,24135.28,0.505,1.0
NOR,1999,1.189,-0.758,1.248,-0.26,4463.377,24455.056,0.491,1.0
NOR,2000,1.797,0.552,1.176,0.054,4492.4,25087.599,0.552,1.0
NOR,2001,-0.104,-0.58,0.545,-0.563,4515.195,25457.663,0.529,1.0
NOR,2002,0.74,-1.107,0.745,-0.889,4535.591,25723.893,0.48,1.0
NOR,2003,0.511,-1.651,1.022,-0.812,4555.4,25863.904,0.473,1.0
NOR,2004,3.004,1.192,1.938,0.23,4574.56,26775.762,0.503,1.0
NOR,2005,0.699,-0.187,1.276,-0.347,4593.041,27358.449,0.524,1.0
NOR,2006,2.008,-0.501,1.724,-0.559,4610.82,27921.175,0.548,1.0
NOR,2007,2.355,-0.155,1.197,-1.058,4627.926,28555.955,0.548,1.0
NOR,2008,-1.367,-2.829,-0.838,-2.474,4644.457,28464.308,0.569,1.0
NOR,2009,-3.015,-5.029,-1.25,-3.402,4698.79,27893.199,0.488,1.0
NOR,2010,0.664,-2.618,-0.36,-2.736,4761.854,27987.201,0.485,1.0
NOR,2011,-0.758,-2.392,-0.43,-2.116,4824.918,28465.385,0.504,1.0
NOR,2012,0.318,-0.69,-0.161,-1.622,4887.983,29401.686,0.487,1.0
NOR,2013,-0.215,-2.232,-0.314,-1.858,4944.256,29830.485,0.465,1.0
NOR,2014,-0.842,-1.234,-0.687,-1.434,5002.469,30587.524,0.46,1.0
NOR,2015,-0.227,-1.138,-0.677,-1.518,5050.01,31210.717,0.462,1.0
NOR,2016,-1.173,-1.857,-1.361,-1.814,5095.611,31658.686,0.432,1.0
SWE,1875,-4.766,-0.625,-0.821,-0.568,4362.0,1434.154,0.342,
SWE,1876,7.891,3.542,2.481,0.371,4406.0,1524.975,0.35,
SWE,1877,-3.094,-3.868,-1.702,-2.067,4457.0,1490.558,0.365,
SWE,1878,-6.675,-4.063,-2.392,-1.858,4508.0,1437.179,0.327,
SWE,1879,4.228,3.994,0.853,-0.088,4555.0,1516.224,0.317,
SWE,1880,-2.68,-5.901,-0.791,-2.651,4572.0,1480.239,0.392,
SWE,1881,2.751,0.208,0.775,-0.815,4570.0,1533.363,0.372,
SWE,1882,-3.762,-3.974,-0.448,-1.682,4576.0,1476.727,0.41,
SWE,1883,8.425,4.81,3.119,1.227,4591.0,1588.436,0.419,
SWE,1884,-4.261,-2.441,-1.172,-1.069,4624.0,1554.137,0.409,
SWE,1885,3.499,0.237,0.649,-0.737,4664.0,1582.101,0.432,
SWE,1886,-5.58,-2.983,-2.565,-1.986,4700.0,1597.666,0.41,
SWE,1887,-2.117,-3.794,-1.308,-1.968,4726.0,1550.187,0.441,
SWE,1888,0.748,2.633,-0.2,-0.079,4741.0,1575.462,0.473,
SWE,1889,0.599,-3.905,-0.163,-1.582,4761.0,1598.875,0.492,
SWE,1890,-0.154,2.49,-0.473,0.279,4780.0,1635.498,0.477,1.0
SWE,1891,-4.588,-4.051,-1.429,-1.361,4794.0,1724.453,0.457,1.0
SWE,1892,4.631,3.022,1.794,1.419,4805.0,1701.836,0.45,1.0
SWE,1893,0.266,2.052,0.59,1.193,4816.0,1743.494,0.436,1.0
SWE,1894,2.557,-1.256,0.899,0.025,4849.0,1751.156,0.427,1.0
SWE,1895,-3.345,1.348,-0.984,0.997,4896.0,1836.265,0.406,1.0
SWE,1896,-0.86,0.831,0.202,0.998,4941.0,1884.257,0.414,1.0
SWE,1897,2.945,2.011,2.017,1.331,4986.0,1958.117,0.415,1.0
SWE,1898,4.328,0.689,2.846,0.896,5036.0,2024.759,0.399,1.0
SWE,1899,3.163,2.312,1.98,0.866,5080.0,2074.673,0.398,1.0
SWE,1900,-2.361,-2.877,-0.584,-1.076,5117.0,2083.028,0.414,1.0
SWE,1901,0.232,-0.701,0.087,-0.808,5156.0,2137.084,0.374,1.0
SWE,1902,-1.273,-2.82,-0.431,-1.098,5187.0,2108.934,0.408,1.0
SWE,1903,0.58,2.888,0.477,1.082,5210.0,2219.655,0.404,1.0
SWE,1904,2.998,1.212,1.059,0.767,5241.0,2257.832,0.41,1.0
SWE,1905,-5.441,-2.532,-1.22,-0.205,5278.0,2225.413,0.414,1.0
SWE,1906,6.3,5.372,3.275,3.02,5315.0,2403.433,0.411,1.0
SWE,1907,5.199,3.887,2.442,1.773,5357.0,2563.377,0.383,1.0
SWE,1908,-4.521,-4.289,-0.961,-1.579,5404.0,2484.404,0.352,1.0
SWE,1909,1.757,-2.682,0.235,-0.805,5453.0,2497.318,0.355,1.0
SWE,1910,-1.522,2.604,-1.24,0.898,5499.0,2543.128,0.355,1.0
SWE,1911,-3.927,0.778,-1.596,0.715,5542.0,2606.408,0.405,1.0
SWE,1912,1.65,0.989,0.202,1.126,5583.0,2705.308,0.428,1.0
SWE,1913,4.151,3.532,0.447,1.364,5621.0,2874.079,0.429,1.0
SWE,1914,-6.551,-3.288,-3.393,-1.233,5659.0,2935.066,0.377,1.0
SWE,1915,-4.098,0.19,-2.934,-0.581,5696.0,3036.998,0.526,1.0
SWE,1916,-0.751,3.46,-1.954,-1.17,5735.0,3205.494,0.454,0.987
SWE,1917,-7.734,-15.628,-3.2,-8.283,5779.0,3010.525,0.299,0.941
SWE,1918,2.699,-4.74,2.432,-4.371,5807.0,2782.245,0.277,0.857
SWE,1919,16.442,-0.989,7.718,-2.274,5830.0,2824.656,0.361,0.75
SWE,1920,0.597,1.865,0.215,-1.544,5876.0,3004.167,0.433,0.643
SWE,1921,-15.904,-13.412,-6.456,-5.603,5929.0,2849.533,0.236,0.585
SWE,1922,6.24,8.322,1.834,2.979,5971.0,3053.64,0.264,0.606
SWE,1923,-0.975,0.776,-0.644,1.134,5997.0,3151.339,0.292,0.694
SWE,1924,0.763,2.899,0.131,1.748,6021.0,3366.499,0.303,0.806
SWE,1925,-3.677,-2.255,-0.638,0.034,6045.0,3442.96,0.308,0.907
SWE,1926,7.484,4.476,3.067,2.446,6064.0,3610.616,0.314,0.975
SWE,1927,-3.055,0.83,-0.152,1.252,6081.0,3728.04,0.337,1.0
SWE,1928,3.317,-0.06,2.608,1.119,6097.0,3834.659,0.334,0.987
SWE,1929,3.352,5.031,2.557,2.886,6113.0,4062.728,0.348,0.953
SWE,1930,2.878,1.571,2.561,0.482,6131.0,4237.691,0.308,0.903
SWE,1931,4.437,-3.233,2.326,-2.027,6152.0,4129.224,0.262,0.847
SWE,1932,-4.823,-6.712,-1.945,-3.091,6176.0,3967.884,0.23,0.797
SWE,1933,-0.792,1.2,-0.575,0.495,6201.0,4033.433,0.236,0.763
SWE,1934,-1.271,3.837,-0.526,2.659,6222.0,4294.084,0.26,0.75
SWE,1935,1.749,3.948,1.208,3.026,6242.0,4491.728,0.261,0.75
SWE,1936,2.508,3.575,1.45,2.83,6259.0,4640.375,0.281,0.747
SWE,1937,0.644,0.181,0.803,1.249,6276.0,4754.856,0.338,0.735
SWE,1938,1.545,1.529,1.022,1.494,6297.0,4900.87,0.31,0.711
SWE,1939,4.734,6.479,0.59,1.952,6326.0,5251.156,0.316,0.673
SWE,1940,-9.659,-11.709,-5.247,-5.922,6356.0,4854.638,0.226,0.622
SWE,1941,-6.42,-2.351,-4.821,-2.088,6389.0,4711.673,0.185,0.562
SWE,1942,-6.085,-1.433,-4.227,-1.169,6432.0,4740.52,0.175,0.5
SWE,1943,1.887,2.457,-0.571,0.829,6490.0,4880.285,0.157,0.438
SWE,1944,0.572,-0.031,-1.128,0.295,6560.0,5011.08,0.127,0.375
SWE,1945,-10.838,-1.108,-3.207,0.498,6635.0,5145.116,0.137,0.312
SWE,1946,17.949,7.09,10.007,4.449,6719.0,5645.518,0.25,0.25
SWE,1947,7.131,3.31,5.236,2.506,6803.0,6091.262,0.321,0.188
SWE,1948,-3.451,-1.688,-0.745,-0.097,6883.0,6161.9,0.31,0.128
SWE,1949,-4.675,-0.802,-1.055,0.461,6955.0,6353.205,0.284,0.084
SWE,1950,9.525,3.944,4.329,1.944,7014.0,6739.226,0.369,0.062
SWE,1951,-3.653,-0.046,-0.982,0.318,7070.0,6948.845,0.465,0.063
SWE,1952,1.132,-1.16,0.81,-0.082,7125.0,6996.114,0.396,0.08
SWE,1953,0.211,0.736,0.354,0.741,7171.0,7144.57,0.356,0.102
SWE,1954,1.72,2.976,1.167,1.943,7213.0,7402.104,0.368,0.119
SWE,1955,0.625,0.277,0.574,0.62,7262.0,7565.554,0.379,0.144
SWE,1956,0.365,0.552,0.384,0.536,7315.0,7797.062,0.389,0.201
SWE,1957,-0.899,-0.339,-0.428,0.053,7364.0,8092.425,0.401,0.293
SWE,1958,0.081,-0.25,0.256,0.388,7409.0,8082.854,0.37,0.403
SWE,1959,1.333,2.718,0.713,1.847,7446.0,8287.93,0.361,0.507
SWE,1960,-0.646,1.115,0.38,1.549,7480.0,8687.503,0.392,0.583
SWE,1961,2.92,2.994,1.788,2.217,7520.0,9136.968,0.374,0.619
SWE,1962,0.977,1.609,1.293,2.242,7562.0,9468.776,0.367,0.625
SWE,1963,2.041,2.623,1.74,2.536,7604.0,9916.85,0.375,0.625
SWE,1964,1.459,3.864,1.393,2.822,7661.0,10515.379,0.384,0.625
SWE,1965,1.521,0.805,1.019,1.234,7734.0,10815.183,0.387,0.625
SWE,1966,-0.779,-0.902,0.237,-0.069,7808.0,10935.603,0.376,0.619
SWE,1967,-0.244,0.532,0.24,0.661,7868.0,11219.215,0.361,0.602
SWE,1968,1.749,1.002,1.066,1.182,7912.0,11561.231,0.371,0.577
SWE,1969,1.925,2.185,1.216,1.795,7968.0,12055.191,0.395,0.555
SWE,1970,0.783,3.355,0.471,1.913,8043.0,12716.343,0.415,0.547
SWE,1971,-2.35,-1.775,-0.621,-0.242,8098.0,12748.431,0.4,0.555
SWE,1972,1.342,-0.056,0.64,0.313,8122.0,13001.752,0.394,0.577
SWE,1973,0.631,1.688,0.83,0.836,8137.0,13493.561,0.444,0.602
SWE,1974,1.298,0.835,0.844,0.607,8161.0,13884.586,0.564,0.619
SWE,1975,0.622,0.108,0.524,-0.125,8193.0,14183.339,0.48,0.625
SWE,1976,1.987,-1.337,0.452,-1.219,8222.0,14281.631,0.486,0.625
SWE,1977,-3.149,-4.002,-1.768,-2.194,8252.0,14003.624,0.475,0.631
SWE,1978,-2.758,-0.581,-1.657,-0.662,8276.0,14207.362,0.463,0.648
SWE,1979,0.441,1.529,-0.947,0.095,8294.0,14721.018,0.522,0.673
SWE,1980,-2.746,-0.573,-2.097,-0.641,8310.0,14936.58,0.496,0.702
SWE,1981,-2.432,-2.353,-1.916,-1.368,8320.0,14916.549,0.485,0.727
SWE,1982,-0.888,-0.901,-1.615,-0.674,8325.0,15057.548,0.521,0.744
SWE,1983,-3.904,-0.281,-1.984,-0.112,8329.0,15314.508,0.558,0.75
SWE,1984,-0.074,2.066,-0.226,0.932,8337.0,15908.312,0.558,0.75
SWE,1985,1.256,-0.026,0.736,0.278,8350.0,16188.547,0.561,0.75
SWE,1986,3.173,0.564,1.99,0.608,8370.0,16505.23,0.505,0.75
SWE,1987,3.251,1.045,2.023,0.669,8398.0,16948.845,0.504,0.756
SWE,1988,0.513,0.152,0.464,-0.04,8436.0,17232.275,0.501,0.773
SWE,1989,-1.131,0.058,-0.975,-0.431,8493.0,17524.055,0.501,0.798
SWE,1990,-2.986,-1.795,-2.052,-1.858,8559.0,17608.902,0.465,0.827
SWE,1991,-1.489,-3.852,-2.031,-2.872,8617.0,17276.292,0.414,0.852
SWE,1992,-3.675,-3.838,-3.075,-3.16,8668.0,16969.003,0.403,0.869
SWE,1993,-5.979,-4.706,-3.888,-2.828,8719.0,16524.278,0.442,0.875
SWE,1994,-0.668,1.11,-1.499,-0.179,8781.0,17066.265,0.499,0.875
SWE,1995,-1.388,1.294,-1.22,0.139,8827.0,17645.718,0.546,0.875
SWE,1996,-0.27,-0.855,-0.471,-0.119,8841.0,17901.289,0.527,0.875
SWE,1997,0.69,0.221,0.361,0.326,8846.0,18374.994,0.562,0.875
SWE,1998,1.132,1.514,0.808,1.246,8851.0,19136.77,0.575,0.875
SWE,1999,1.912,2.321,1.463,1.656,8858.0,20012.53,0.567,0.875
SWE,2000,2.958,2.058,1.481,1.33,8872.0,20871.247,0.62,0.875
SWE,2001,-1.569,-1.233,-0.221,-0.229,8940.0,21096.053,0.593,0.875
SWE,2002,-0.596,-0.373,-0.28,-0.143,8954.0,21585.525,0.569,0.875
SWE,2003,-0.354,-0.718,-0.149,0.06,8970.0,22049.978,0.562,0.875
SWE,2004,0.097,1.635,-0.131,0.851,8986.0,22942.612,0.586,0.875
SWE,2005,0.187,0.35,0.096,0.375,9002.0,23627.368,0.623,0.875
SWE,2006,0.471,1.989,-0.102,0.925,9017.0,24602.147,0.655,0.875
SWE,2007,-0.235,0.577,-0.964,-0.347,9031.0,25376.742,0.659,0.875
SWE,2008,-3.553,-3.367,-2.188,-2.556,9045.0,25181.204,0.677,0.875
SWE,2009,-2.965,-8.206,-1.682,-3.991,9128.062,23877.515,0.581,0.875
SWE,2010,1.22,2.934,-0.216,0.024,9201.353,25306.371,0.626,0.875
SWE,2011,-0.65,-0.155,-0.98,-1.03,9266.825,26328.803,0.642,0.875
SWE,2012,-1.697,-3.056,-1.003,-1.863,9338.161,26532.674,0.619,0.875
SWE,2013,-0.749,-1.644,-0.932,-1.27,9425.132,27044.003,0.565,0.875
SWE,2014,-0.631,-0.451,-0.643,-0.615,9524.807,27949.337,0.56,0.875
SWE,2015,0.27,1.335,-0.467,0.112,9626.436,29097.046,0.558,0.875
SWE,2016,-0.855,-0.103,-1.031,-0.643,9767.154,29966.256,0.543,0.875
USA,1875,-2.041,0.85,-0.531,-0.775,45245.0,2598.586,0.131,
USA,1876,2.225,-2.882,1.548,-1.475,46287.0,2570.354,0.123,
USA,1877,3.934,-0.738,2.568,-0.191,47325.0,2595.394,0.128,
USA,1878,-0.003,0.276,1.986,1.356,48362.0,2645.962,0.139,
USA,1879,6.492,7.916,4.982,4.901,49400.0,2909.433,0.126,
USA,1880,9.066,7.363,5.201,4.97,50458.0,3183.955,0.146,
USA,1881,-5.76,-0.785,-1.335,0.981,51743.0,3215.449,0.134,
USA,1882,3.342,1.606,0.971,0.925,53027.0,3337.96,0.122,
USA,1883,-4.34,-2.419,-2.439,-1.615,54311.0,3338.587,0.127,
USA,1884,-1.498,-2.699,-1.341,-2.059,55595.0,3320.281,0.122,
USA,1885,-1.081,-3.529,-1.525,-2.267,56879.0,3269.959,0.117,
USA,1886,-2.291,-0.913,-2.03,-1.233,58164.0,3294.065,0.111,
USA,1887,-1.901,0.646,-2.148,-0.688,59448.0,3368.255,0.109,
USA,1888,-3.691,-4.561,-2.708,-2.262,60732.0,3281.664,0.104,
USA,1889,-0.995,2.074,-1.804,-0.307,62016.0,3413.28,0.11,
USA,1890,-4.059,-2.389,-2.097,-1.419,63302.0,3391.898,0.112,1.0
USA,1891,2.335,-0.869,-0.372,-1.062,64612.0,3467.264,0.114,1.0
USA,1892,-2.005,0.406,-1.688,-1.161,65922.0,3727.996,0.116,1.0
USA,1893,-2.349,-4.375,-2.253,-2.909,67231.0,3478.412,0.114,1.0
USA,1894,-7.606,-7.129,-2.877,-2.702,68541.0,3313.8,0.113,1.0
USA,1895,7.507,7.609,1.885,1.697,69851.0,3644.22,0.102,1.0
USA,1896,-4.151,-5.88,-1.282,-1.721,71161.0,3504.428,0.112,1.0
USA,1897,3.46,4.267,1.712,1.82,72471.0,3769.483,0.117,1.0
USA,1898,-2.242,-1.176,0.082,0.88,73781.0,3779.692,0.106,1.0
USA,1899,6.996,7.588,3.062,3.837,75091.0,4051.367,0.102,1.0
USA,1900,-3.035,-1.723,-0.065,1.266,76391.0,4090.787,0.112,1.0
USA,1901,4.145,7.848,1.886,4.072,77888.0,4463.863,0.107,1.0
USA,1902,-1.403,-2.267,-0.409,-0.176,79469.0,4420.63,0.097,1.0
USA,1903,-0.737,-0.933,-0.069,0.149,80946.0,4550.894,0.096,1.0
USA,1904,-0.415,-0.078,0.11,0.459,82485.0,4409.532,0.098,1.0
USA,1905,3.393,4.977,1.423,1.939,84147.0,4642.164,0.093,1.0
USA,1906,0.438,0.197,-0.22,-0.646,85770.0,5079.124,0.098,1.0
USA,1907,-2.929,-5.375,-1.725,-3.445,87339.0,5064.89,0.099,1.0
USA,1908,-4.346,-9.66,-1.819,-4.091,89055.0,4560.616,0.103,1.0
USA,1909,3.119,7.272,0.297,1.281,90845.0,5017.496,0.094,1.0
USA,1910,-1.043,-3.631,-1.093,-1.605,92767.0,4963.736,0.101,1.0
USA,1911,-3.751,-0.353,-1.874,-0.335,94234.0,5045.684,0.106,1.0
USA,1912,0.38,2.185,-0.63,0.063,95703.0,5200.698,0.105,1.0
USA,1913,-0.089,-0.007,-0.988,-1.422,97606.0,5300.73,0.111,1.0
USA,1914,-2.977,-11.947,-2.163,-4.99,99505.0,4799.201,0.118,0.987
USA,1915,-5.164,0.287,-2.347,0.532,100941.0,4864.193,0.116,0.953
USA,1916,4.954,11.873,0.933,4.601,102364.0,5458.693,0.159,0.916
USA,1917,-0.439,-3.4,-1.469,-0.373,103817.0,5247.737,0.155,0.893
USA,1918,-4.363,4.442,-3.344,1.185,104958.0,5658.984,0.124,0.893
USA,1919,-5.47,-5.385,-4.288,-3.32,105473.0,5680.406,0.154,0.916
USA,1920,-6.541,-5.465,-5.046,-3.81,106881.0,5552.327,0.154,0.953
USA,1921,-8.488,-7.576,-4.157,-3.531,108964.0,5322.734,0.096,0.987
USA,1922,6.337,3.687,2.37,2.002,110484.0,5539.844,0.095,1.0
USA,1923,5.673,9.627,2.536,4.344,112387.0,6164.199,0.094,1.0
USA,1924,-1.422,-1.228,0.525,0.448,114558.0,6232.551,0.096,1.0
USA,1925,2.682,-1.189,1.659,0.059,116284.0,6282.419,0.102,1.0
USA,1926,1.088,2.607,0.629,0.77,117857.0,6602.442,0.096,1.0
USA,1927,-1.456,-2.79,-0.364,-1.565,119502.0,6576.499,0.095,1.0
USA,1928,0.839,-1.335,-0.102,-1.227,120971.0,6569.345,0.095,1.0
USA,1929,1.403,3.307,-1.107,-0.901,122245.0,6898.722,0.094,1.0
USA,1930,-8.362,-12.133,-5.573,-8.618,123668.0,6212.713,0.076,1.0
USA,1931,-5.658,-9.418,-5.705,-8.849,124633.0,5691.367,0.059,0.987
USA,1932,-11.733,-16.617,-7.852,-12.045,125436.0,4908.366,0.05,0.953
USA,1933,-4.532,-3.834,-3.453,-3.257,126180.0,4776.916,0.056,0.903
USA,1934,4.5,7.752,1.942,4.29,126978.0,5113.608,0.058,0.847
USA,1935,3.575,5.951,3.044,5.449,127859.0,5466.838,0.063,0.797
USA,1936,7.331,9.724,4.443,7.074,128681.0,6203.884,0.06,0.763
USA,1937,1.312,2.485,1.378,2.358,129464.0,6430.122,0.07,0.751
USA,1938,-4.15,-6.259,-0.803,-2.081,130476.0,6126.466,0.061,0.755
USA,1939,2.908,5.061,1.741,4.106,131539.0,6560.753,0.06,0.764
USA,1940,2.088,5.258,1.737,5.631,132637.0,7009.637,0.065,0.778
USA,1941,4.248,13.015,1.881,11.665,133922.0,8205.683,0.066,0.797
USA,1942,-5.165,14.12,-1.945,13.186,135386.0,9741.105,0.066,0.818
USA,1943,-0.277,12.042,-0.135,11.142,137272.0,11518.172,0.081,0.841
USA,1944,-0.047,4.729,0.478,3.896,138937.0,12333.45,0.082,0.864
USA,1945,3.21,-4.205,2.935,-4.314,140474.0,11708.648,0.062,0.886
USA,1946,8.849,-14.806,5.093,-10.824,141940.0,9196.543,0.065,0.909
USA,1947,-1.835,-4.864,-0.097,-4.435,144688.0,8885.994,0.085,0.932
USA,1948,-1.253,0.646,-0.273,-0.832,147203.0,9064.562,0.072,0.953
USA,1949,-0.72,-4.228,-0.046,-1.751,149770.0,8943.744,0.069,0.972
USA,1950,2.882,4.873,1.115,2.795,152271.0,9561.348,0.08,0.986
USA,1951,-1.848,3.919,-0.635,2.537,154878.0,10116.246,0.091,0.995
USA,1952,-0.304,0.137,-0.018,0.572,157553.0,10315.545,0.086,0.999
USA,1953,1.304,0.932,0.43,0.124,160184.0,10612.608,0.08,1.0
USA,1954,-1.472,-4.428,-0.059,-1.814,163026.0,10359.108,0.08,1.0
USA,1955,3.625,3.275,1.455,0.937,165931.0,10896.855,0.082,1.0
USA,1956,-0.644,-1.792,-0.28,-1.338,168903.0,10914.282,0.089,1.0
USA,1957,-1.085,-1.762,-0.638,-1.363,171984.0,10919.987,0.093,1.0
USA,1958,-2.627,-4.615,-1.041,-2.324,174882.0,10630.528,0.084,1.0
USA,1959,2.097,3.34,0.601,0.707,177830.0,11230.169,0.086,1.0
USA,1960,-0.583,-1.068,-0.391,-0.46,180671.0,11328.476,0.092,1.0
USA,1961,-1.341,-1.29,-0.259,-0.221,183691.0,11401.734,0.089,1.0
USA,1962,1.614,2.47,0.948,1.505,186538.0,11904.985,0.089,1.0
USA,1963,0.907,0.94,1.218,1.365,189242.0,12242.34,0.09,0.994
USA,1964,2.759,2.372,2.424,2.226,191889.0,12772.566,0.092,0.977
USA,1965,3.207,3.09,2.707,2.564,194303.0,13418.702,0.092,0.952
USA,1966,2.69,3.275,2.173,2.451,196560.0,14133.527,0.096,0.923
USA,1967,0.135,-0.533,1.084,0.572,198712.0,14330.03,0.097,0.898
USA,1968,2.899,1.805,2.084,1.141,200706.0,14862.939,0.1,0.881
USA,1969,0.965,0.138,1.033,-0.024,202677.0,15179.409,0.1,0.875
USA,1970,-0.596,-2.948,0.527,-1.247,205052.0,15029.846,0.107,0.875
USA,1971,0.782,0.123,1.094,0.209,207661.0,15304.299,0.107,0.881
USA,1972,3.19,2.187,1.908,1.197,209896.0,15943.867,0.113,0.898
USA,1973,2.138,2.747,1.076,1.04,211909.0,16689.343,0.131,0.923
USA,1974,-3.423,-3.376,-1.167,-1.626,213854.0,16491.27,0.164,0.952
USA,1975,-0.433,-3.135,0.011,-1.074,215973.0,16283.633,0.155,0.977
USA,1976,2.725,2.337,1.614,0.911,218035.0,16975.087,0.16,0.994
USA,1977,1.445,1.598,1.092,1.195,220239.0,17566.503,0.164,1.0
USA,1978,1.541,2.46,0.909,1.2,222585.0,18372.972,0.169,1.0
USA,1979,-0.418,0.086,-0.479,-0.158,225055.0,18789.394,0.183,1.0
USA,1980,-2.981,-3.143,-1.572,-1.502,227726.5,18577.367,0.201,1.0
USA,1981,-1.293,-0.421,-0.908,-1.231,229966.2,18855.555,0.194,1.0
USA,1982,-1.285,-4.881,-0.35,-2.165,232187.8,18325.12,0.175,1.0
USA,1983,2.953,1.594,1.684,0.915,234307.2,18920.156,0.166,1.0
USA,1984,2.61,4.183,2.152,2.324,236348.3,20122.667,0.175,1.0
USA,1985,2.483,1.245,2.053,1.182,238466.3,20717.323,0.165,1.0
USA,1986,1.348,0.563,1.4,1.029,240650.8,21236.085,0.168,1.0
USA,1987,0.673,0.504,0.818,0.71,242803.5,21787.694,0.179,1.0
USA,1988,1.361,1.227,0.899,0.752,245021.4,22499.442,0.19,1.0
USA,1989,0.12,0.615,0.262,0.221,247341.7,23059.278,0.193,1.0
USA,1990,-0.835,-1.205,-0.847,-0.965,250131.9,23200.56,0.198,1.0
USA,1991,-2.913,-3.469,-1.361,-1.993,253492.5,22832.79,0.197,1.0
USA,1992,0.128,-0.033,-0.303,-0.641,256894.2,23284.982,0.199,1.0
USA,1993,0.264,-0.608,0.07,-0.405,260255.4,23640.113,0.2,1.0
USA,1994,0.746,0.805,0.474,0.209,263435.7,24312.789,0.21,1.0
USA,1995,-0.242,-0.647,0.056,-0.015,266557.1,24637.33,0.224,1.0
USA,1996,0.495,0.556,0.623,0.506,269667.4,25263.102,0.226,1.0
USA,1997,0.807,1.294,0.909,0.94,272911.8,26074.239,0.233,1.0
USA,1998,2.061,1.011,1.764,0.739,276115.3,26893.451,0.228,1.0
USA,1999,2.143,1.298,1.628,1.051,279294.7,27869.812,0.232,1.0
USA,2000,1.772,0.579,1.414,0.051,282158.0,28701.934,0.25,1.0
USA,2001,-0.301,-2.191,0.267,-1.116,284915.0,28726.094,0.228,1.0
USA,2002,-0.081,-1.289,0.245,-0.83,287501.0,28976.93,0.221,1.0
USA,2003,0.165,-0.31,0.336,-0.252,289986.0,29458.923,0.225,1.0
USA,2004,0.902,0.734,0.432,0.188,292806.0,30199.801,0.243,1.0
USA,2005,0.508,0.426,0.362,-0.104,295583.0,30841.645,0.255,1.0
USA,2006,0.456,-0.276,-0.041,-0.442,298442.0,31357.54,0.269,1.0
USA,2007,-0.98,-1.132,-1.097,-1.449,301280.0,31654.927,0.28,1.0
USA,2008,-2.86,-3.181,-1.984,-2.601,304228.0,31251.266,0.299,1.0
USA,2009,-3.201,-5.635,-2.195,-3.433,306879.73,29898.644,0.248,1.0
USA,2010,-0.663,-0.28,-0.981,-1.317,309262.89,30491.344,0.282,1.0
USA,2011,-0.24,-1.1,-0.606,-1.153,311522.29,31389.825,0.309,1.0
USA,2012,-1.029,-0.49,-0.879,-0.818,313783.68,32443.543,0.307,1.0
USA,2013,-0.982,-0.98,-0.671,-0.906,315972.19,33288.243,0.302,1.0
USA,2014,0.353,-0.15,-0.065,-0.348,318281.51,34504.07,0.302,1.0
USA,2015,1.116,0.148,0.358,-0.576,320568.86,35620.355,0.279,1.0
USA,2016,0.272,-1.162,-0.329,-1.193,322783.33,36359.375,0.267,1.0
