???;;dlnC_RAW;dlnY_RAW;dlnC_NOME;dlnY_NOME;POP;RGDPPC_PPP;TO ;FO
AUS;1875;7.929189;6.4530581;4.0663429;3.0386496;1874;4138.207;0.339163397;nan
AUS;1876;-4.5009823;-4.6823771;-0.26303267;-1.0088349;1929;4007.2576;0.31806207;nan
AUS;1877;0.56304852;-0.62934692;0.91066578;0.21736004;1995;4036.0902;0.32838105;nan
AUS;1878;4.1108309;4.6260266;1.6080836;1.4918666;2062;4277.4006;0.314523589;nan
AUS;1879;-1.2363752;-3.1328399;-0.3108787;-0.94562735;2127;4204.9835;0.275086712;nan
AUS;1880;-4.335585;0.58552999;-0.83269;0.091123509;2197;4285.3892;0.304948885;nan
AUS;1881;6.8524898;2.6316438;2.0281575;-0.22396346;2269;4454.8259;0.308693016;nan
AUS;1882;-4.5106518;-10.923614;-0.78154807;-3.6933659;2348;4062.6065;0.337413685;nan
AUS;1883;5.2815793;8.6918858;1.6430628;1.981328;2447;4475.2758;0.325163795;nan
AUS;1884;-3.1172069;-5.4602898;-0.66258382;-2.0806682;2556;4303.5994;0.299679413;nan
AUS;1885;1.7770608;1.4482;0.59724962;0.092970171;2650;4422.2642;0.301163897;nan
AUS;1886;-2.0769261;-3.5658166;-0.43440795;-1.1324324;2741;4329.4418;0.242879223;nan
AUS;1887;4.774216;5.6029968;1.0121334;1.5421487;2835;4631.746;0.226445441;nan
AUS;1888;-5.7129426;-4.2703841;-2.3763968;-1.5914999;2932;4503.7517;0.262394148;nan
AUS;1889;3.0336768;4.0436375;-0.67973295;0.22753082;3022;4746.8564;0.246388173;nan
AUS;1890;-8.4882524;-7.838912;-5.1229157;-4.1738836;3107;4457.6762;0.231581994;1
AUS;1891;0.80009563;3.3348829;-3.8524021;-2.0828227;3196;4666.4581;0.285026837;1
AUS;1892;-18.998291;-17.306215;-13.295857;-10.733385;3274;3995.4184;0.260238047;1
AUS;1893;-14.760048;-8.9820935;-11.924884;-7.3977951;3334;3707.8584;0.27835769;1
AUS;1894;-1.1020274;0.20068156;-4.4371153;-3.2524691;3395;3765.5376;0.28664008;1
AUS;1895;-8.7181685;-9.2000737;-5.4360387;-5.6017833;3460;3487.2832;0.342305897;1
AUS;1896;10.650518;4.2397526;2.7815877;0.064959078;3523;3684.9276;0.349283968;1
AUS;1897;-18.91608;-8.9713987;-7.3442596;-3.1794941;3586;3419.9665;0.347056008;1
AUS;1898;18.469151;11.728929;9.0080422;4.6246821;3642;3891.2685;0.387544194;1
AUS;1899;0.48028143;-2.7247701;2.1187693;-0.4054205;3691;3839.6099;0.362227806;1
AUS;1900;5.567351;3.1138594;2.9830796;0.93141687;3741;4013.3654;0.371633971;1
AUS;1901;-5.5940878;-5.8848307;-2.1065007;-2.6719813;3795;3838.7352;0.354764547;1
AUS;1902;-0.15459399;-1.7983409;0.18218832;-0.23199536;3850;3822.5974;0.302996297;1
AUS;1903;1.018717;5.1283492;0.93884013;2.7183242;3896;4076.232;0.320139697;1
AUS;1904;3.426043;3.9158046;1.5901973;2.3169688;3946;4294.7288;0.33365463;1
AUS;1905;0.35638807;-1.6721885;0.34199435;0.552157;4004;4281.968;0.336662552;1
AUS;1906;-3.9599636;3.8321295;-0.29952741;2.4057882;4062;4507.3855;0.374466905;1
AUS;1907;10.15911;1.0574469;2.9348814;1.4084943;4127;4616.4284;0.365819776;1
AUS;1908;-6.6954969;0.30486975;-2.1911839;1.4485447;4197;4693.1141;0.337743625;1
AUS;1909;-2.7310236;4.6862509;-1.0120741;2.8806346;4278;4980.5984;0.320289855;1
AUS;1910;-0.41125678;3.2288037;0.071067889;1.4644169;4375;5209.8286;0.341233238;1
AUS;1911;7.1736832;-3.486872;2.4469275;-1.290473;4500;5103.7778;0.337509713;1
AUS;1912;-2.2554979;-1.4781347;-0.59925749;-1.2364466;4661;5098.4767;0.336018464;1
AUS;1913;1.5950789;-0.19374587;-0.60771891;-1.4286525;4821;5156.8139;0.309594318;1
AUS;1914;-4.979222;-3.9851254;-3.5342903;-2.7121661;4933;5026.7586;0.2697488;0.987262009
AUS;1915;-7.7941806;-4.0145516;-5.5488037;-3.1868498;4971;4896.6003;0.229903282;0.953491872
AUS;1916;-1.7625531;-1.7439684;-4.8648354;-2.6200747;4955;4878.3047;0.229672288;0.896871705
AUS;1917;-15.885985;-3.1719129;-8.9342545;-2.8523041;4950;4791.1111;0.252701714;0.81713624
AUS;1918;-2.1544937;-5.4758605;-2.5570853;-2.9176488;5032;4601.5501;0.204088016;0.724874414
AUS;1919;4.811898;1.1545903;1.2555949;-0.40046292;5193;4715.5787;0.28067478;0.637737991
AUS;1920;-0.55751252;-0.28215991;0.61051613;-0.096137631;5358;4765.5842;0.310167941;0.571633714
AUS;1921;4.5305225;1.6881626;2.6107212;1.0080025;5461;4910.8222;0.331690903;0.52962306
AUS;1922;-1.5397767;1.7572588;1.5434166;1.3070563;5574;5063.6886;0.262745571;0.531844978
AUS;1923;8.344248;1.186758;5.7536169;1.304417;5697;5192.0309;0.259577417;0.593016257
AUS;1924;9.2631913;2.9681601;6.0426258;1.7197109;5819;5417.4257;0.25934159;0.693518599
AUS;1925;0.70955144;1.1548968;1.8565234;0.7040474;5943;5553.0877;0.283564815;0.806481401
AUS;1926;-1.6415125;-1.0134883;-0.10600536;-0.70048143;6064;5572.5594;0.28130944;0.906983743
AUS;1927;1.4607532;-1.8987853;-0.52947915;-2.1145958;6188;5543.7944;0.270893372;0.949048035
AUS;1928;-4.6464221;-3.0759325;-3.2278683;-3.3045479;6304;5451.7766;0.259765065;0.906983743
AUS;1929;-5.2630705;-4.9471633;-3.6930261;-5.2302488;6396;5262.9769;0.260962359;0.806481401
AUS;1930;3.6844989;-12.642263;-2.7566889;-8.7671416;6469;4708.3011;0.230141054;0.693518599
AUS;1931;-23.169901;-9.2756517;-11.946725;-6.1481925;6527;4353.6081;0.196154342;0.593016257
AUS;1932;-2.7126518;3.3801775;-2.989059;0.89226175;6579;4563.7635;0.201784489;0.525475982
AUS;1933;6.5566563;4.6013097;2.3291453;2.705824;6631;4842.4069;0.21416371;0.5
AUS;1934;3.3381656;3.055084;1.8378451;2.8162215;6682;5059.8623;0.222929936;0.5
AUS;1935;-2.687746;3.6337931;0.14685755;3.0044919;6732;5317.5876;0.216887033;0.5
AUS;1936;7.1621004;2.3172463;3.2044251;2.3150392;6783;5515.8484;0.231085787;0.49946925
AUS;1937;1.5803992;2.7452243;0.82590831;2.389318;6841;5745.6512;0.242793577;0.497531412
AUS;1938;0.24051178;1.0706165;-1.7674347;1.1601746;6904;5886.3268;0.24058671;0.493499774
AUS;1939;-11.900887;-2.0725374;-7.3120836;0.32158531;6971;5845.5613;0.215485756;0.487114745
AUS;1940;-8.2859879;4.0215965;-6.3928346;3.6586817;7042;6166.1392;0.236537494;0.478635917
AUS;1941;-3.5184255;8.3309128;-4.1455357;6.4294858;7111;6788.2301;0.200542005;0.46875
AUS;1942;-0.000988469;8.7565141;-3.0377413;6.1090156;7173;7505.4521;0.219502461;0.458333333
AUS;1943;-10.802969;1.2477579;-6.8314917;0.84858007;7236;7702.8325;0.215016272;0.447916667
AUS;1944;-7.8384133;-5.9426754;-3.9894174;-4.1400909;7309;7362.0271;0.222971814;0.4375
AUS;1945;11.257476;-7.6776306;5.4207268;-5.6157344;7389;6916.8981;0.215638149;0.427083333
AUS;1946;0.81563848;-6.1934722;3.1558089;-4.1581627;7474;6594.9328;0.212200091;0.416666667
AUS;1947;15.967791;-0.30825384;12.531065;-0.6379554;7578;6664.399;0.275117071;0.40625
AUS;1948;9.7390321;3.1553817;9.2699151;1.6308389;7715;6967.4598;0.411151988;0.396364083
AUS;1949;4.0538837;2.5205199;4.6824712;1.7673331;7919;7236.7925;0.397760879;0.400623246
AUS;1950;2.0723894;1.1195485;1.6053962;0.82681916;8267.337;7411.5764;0.470724166;0.428008354
AUS;1951;-2.424063;-0.049330499;-1.8585952;-0.22937857;8510.6;7507.3438;0.482962073;0.474227888
AUS;1952;-3.1781168;-2.5956839;-2.5404861;-1.1027124;8691.212;7417.8377;0.374749909;0.52877145
AUS;1953;-5.4550064;-0.17658959;-2.354066;0.24290707;8857.924;7505.2574;0.310183978;0.578491872
AUS;1954;4.1904004;2.4458229;2.1402047;1.2399635;9064.017;7790.5856;0.289305923;0.612262009
AUS;1955;5.3165841;1.6933831;2.6209721;0.94541509;9277.087;8027.4121;0.302364894;0.625
AUS;1956;-1.1137877;-0.34362024;-0.072422415;0.10208277;9500.606;8108.3249;0.273058291;0.625
AUS;1957;-2.6155442;-1.5988817;-0.81066576;-0.34849484;9712.569;8090.2385;0.271180484;0.625
AUS;1958;1.709885;1.3092048;0.9779085;1.0497843;9915.267;8305.4748;0.23510346;0.625
AUS;1959;-0.25808023;2.5258926;0.83460364;1.5247089;10131.73;8628.4384;0.243594868;0.625
AUS;1960;5.8644382;0.53674345;2.6796114;0.60078912;10361.27;8790.9082;0.253583268;0.625
AUS;1961;-1.2027835;0.88856735;-0.086211068;0.46732803;10598.81;8653.138;0.240802599;0.625
AUS;1962;-2.6366116;-3.2708645;-0.55949299;-0.76606958;10794.97;9026.7984;0.246339814;0.625
AUS;1963;2.4263456;3.5858681;1.6851755;2.3119543;11001.48;9399.9145;0.259623802;0.625
AUS;1964;2.9432892;2.5794209;2.3030097;2.505433;11218.3;9848.9041;0.268213107;0.625
AUS;1965;2.6099458;4.2228495;2.3187343;3.440435;11439.38;10151.858;0.260974346;0.625
AUS;1966;1.4922932;2.8194451;2.1194067;2.9211731;11655.08;10241.283;0.248941592;0.618631004
AUS;1967;3.0720624;1.1488118;2.3452796;1.9935658;11872.26;10732.747;0.243646083;0.601745936
AUS;1968;2.3288726;5.344715;2.3270263;3.774268;12101.66;11148.305;0.241769025;0.57662035
AUS;1969;2.6665362;1.8638518;2.3101456;2.1444801;12379.38;11560.995;0.239233923;0.542010654
AUS;1970;1.0760436;1.2405987;1.2603899;1.1880408;12660.16;12023.545;0.238220919;0.5
AUS;1971;-0.7196103;-0.88442504;0.51678933;-0.12529238;12937.2;12289.522;0.228669298;0.457989346
AUS;1972;1.9476214;-0.33842709;1.7450818;0.091180047;13177;12404.417;0.216775776;0.42337965
AUS;1973;3.201862;1.3581246;1.7345771;0.016059137;13380.4;12878.09;0.239304754;0.398254064
AUS;1974;0.29654601;-2.7715334;0.70519884;-1.143135;13599.1;12985.124;0.266341269;0.381368996
AUS;1975;-1.0895953;0.14858261;0.30171238;0.12161254;13771.4;13169.83;0.243279929;0.381368996
AUS;1976;2.3613868;1.0321234;1.1121039;0.17598997;13915.5;13558.837;0.249822008;0.398254064
AUS;1977;-0.15704759;-1.4916626;0.22730966;-0.35752841;14074.1;13546.372;0.252500964;0.42337965
AUS;1978;-0.12504523;1.5716556;0.038906394;0.61567406;14248.6;13768.651;0.249803458;0.45162035
AUS;1979;-0.000834529;0.70093492;0.41327661;0.55536313;14421.9;14319.542;0.278454526;0.476745936
AUS;1980;1.3276998;0.77588965;1.1207941;0.50910854;14615.9;14411.839;0.289622157;0.5
AUS;1981;2.176048;0.18698701;0.99406023;-0.50592986;14923.26;14660.336;0.273014871;0.523254064
AUS;1982;-0.95145685;-5.5043162;-0.1905871;-2.1177235;15162;14411.819;0.269175983;0.554748645
AUS;1983;-0.7059865;1.9957956;-0.19001127;0.94284394;15348;14238.924;0.24413148;0.599874414
AUS;1984;-0.3001372;2.7544551;0.026991875;1.5143002;15510;15062.411;0.26215845;0.650125586
AUS;1985;2.1879452;1.6290447;0.95148387;1.3172021;15695;15638.356;0.295703777;0.695251355
AUS;1986;-1.5777374;-0.74896475;-0.37220946;0.34458982;15900;15757.17;0.279618868;0.726745936
AUS;1987;0.78867619;2.5013641;0.7538592;1.5291512;16137;16293.301;0.279152216;0.743631004
AUS;1988;1.7526307;0.98331405;1.2553133;0.79464912;16400;16752.256;0.272475343;0.75
AUS;1989;2.3714346;0.83263873;1.1066069;0.050329385;16681;17194.413;0.282241049;0.75
AUS;1990;-1.7671605;-3.4613991;-0.57373947;-1.8350997;16956;17172.682;0.25904654;0.75
AUS;1991;-0.49577362;-2.5475771;-0.23115454;-1.189721;17202;16743.324;0.258319974;0.75
AUS;1992;-0.70634823;1.136914;-0.13594642;0.56439443;17419;16988.874;0.279232586;0.75
AUS;1993;0.20168036;1.7448621;0.46464677;1.1282176;17608;17478.185;0.292512073;0.75
AUS;1994;2.9157581;1.9794833;1.6967284;1.5523474;17781;18145.568;0.295316267;0.75
AUS;1995;1.2941455;1.4918338;1.2140023;1.4456931;17976;18529.558;0.310287073;0.75
AUS;1996;0.19691814;1.2082029;1.1459891;1.5716072;18195;19075.082;0.303896325;0.75
AUS;1997;2.473647;1.9281919;2.1377235;1.9700605;18415;19612.092;0.312014776;0.75
AUS;1998;2.6407536;2.6746897;2.0429237;1.9026211;18621;20377.95;0.325973918;0.75
AUS;1999;1.8326544;1.4216234;1.7610924;1.2124156;18830;20970.894;0.312859637;0.75
AUS;2000;1.3421047;-0.63383469;1.5616249;0.45354901;19053;21377.823;0.353947464;0.75
AUS;2001;0.48007882;1.0153627;0.95779513;0.71221927;19294;21662.026;0.350121451;0.75
AUS;2002;1.3423586;0.67970844;1.5315357;0.70023214;19345;22236.935;0.336486644;0.75
AUS;2003;3.1525633;1.3903529;2.2728333;0.86816129;19767;22666.278;0.305275252;0.75
AUS;2004;2.0388127;-0.15206896;1.7684563;0.31552907;19995;23322.008;0.309635017;0.75
AUS;2005;0.7125578;0.47545657;0.94040047;0.41400881;20232;23764.614;0.328894091;0.75
AUS;2006;1.0194689;0.088767557;0.84101228;0.55692281;20489;24097.573;0.349364693;0.75
AUS;2007;-0.71238844;1.6858801;-0.42519123;0.69142611;20750;24911.578;0.336062893;0.75
AUS;2008;-0.82845519;0.25680216;-0.40710549;0.079191893;21007;25218.302;0.389552138;0.75
AUS;2009;-0.49012569;-1.6358843;-0.36303687;-0.85389375;21388.483;25255.639;0.322131776;0.75
AUS;2010;-0.38482829;-0.94003864;-0.10889244;-0.61095562;21687.801;25584.488;0.347065114;0.75
AUS;2011;1.2688088;-0.41499649;0.4103603;-0.35099524;22035.048;25873.432;0.352944039;0.75
AUS;2012;-0.3277786;0.41374701;-0.2594502;-0.088623868;22440.985;26395.155;0.334988315;0.75
AUS;2013;-1.3157721;-0.59152378;-0.65146101;-0.4466237;22812.686;26527.066;0.335874706;0.75
AUS;2014;0.02298105;-0.33046282;-0.18030082;-0.37539501;23156.021;26817.468;0.332446019;0.75
AUS;2015;0.04642322;-0.44188135;-0.25206738;-0.5775383;23488.596;27091.147;0.32690219;0.75
AUS;2016;0.26075306;-0.14056887;-0.26074903;-0.59634717;23853.45;27382.671;0.315572687;0.75
CAN;1875;-7.0361123;-5.688207;-4.8218478;-3.8284162;4071;1783.9666;0.382361002;nan
CAN;1876;-10.789565;-10.21108;-5.489638;-4.9342557;4128;1640.9167;0.400787346;nan
CAN;1877;5.1897616;3.2857666;-0.29540404;-0.89126504;4184;1727.4407;0.388777444;nan
CAN;1878;-7.0903592;-7.2173058;-3.0477737;-2.6781237;4244;1637.2017;0.366167133;nan
CAN;1879;3.7116383;5.6769939;1.3434888;2.2646159;4312;1765.2338;0.350461778;nan
CAN;1880;-0.41703699;0.97679807;1.4540227;2.0459041;4384;1815.8869;0.388003834;nan
CAN;1881;12.638812;9.7645497;5.994078;5.3621439;4451;2039.5776;0.374545666;nan
CAN;1882;-0.5248389;1.4975475;0.40955511;1.7446899;4503;2109.0722;0.353862188;nan
CAN;1883;-4.6257455;-2.74338;-1.8024711;-0.36035058;4560;2090.3658;0.318873901;nan
CAN;1884;-2.3705431;4.6555964;-1.5709504;0.64706147;4617;2230.9335;0.319561432;nan
CAN;1885;-0.1366481;-9.2037857;-0.43164848;-4.208942;4666;2072.8101;0.326403128;nan
CAN;1886;-0.058781315;-1.7352255;-0.27883618;-1.2231119;4711;2075.2452;0.347759094;nan
CAN;1887;-1.7940984;0.27667365;-0.41271026;0.16020123;4760;2119.9;0.312563413;nan
CAN;1888;3.6417609;4.054289;1.8014249;1.3499291;4813;2248.9009;0.31096106;nan
CAN;1889;0.36154952;-2.2840996;1.2382736;-0.3097969;4865;2239.2173;0.314139319;nan
CAN;1890;6.5694079;4.1769768;2.532841;1.3943033;4918;2378.3774;0.304922974;1
CAN;1891;-3.6920927;-0.5853452;-1.3959878;-0.64759665;4972;2408.7265;0.322670059;1
CAN;1892;-1.0546448;-3.4375255;-1.250761;-1.953316;5022;2370.8395;0.327009717;1
CAN;1893;-4.4272953;-3.4314502;-2.4198885;-1.9333063;5072;2333.6995;0.329714775;1
CAN;1894;1.3632057;1.7979057;-1.0378711;-0.69549273;5121;2420.4608;0.322377117;1
CAN;1895;-4.9314077;-3.9189213;-3.0065196;-2.1207868;5169;2370.9646;0.348900726;1
CAN;1896;-5.2217005;-5.3936017;-2.5476958;-1.7668272;5218;2288.4768;0.376082407;1
CAN;1897;2.278036;7.4471837;0.59795261;3.1273483;5269;2511.5134;0.398872001;1
CAN;1898;-0.053158261;0.9717417;1.4376195;2.014259;5325;2583.4562;0.395127455;1
CAN;1899;10.718516;6.0401973;5.8894125;4.3118937;5383;2795.6151;0.431002128;1
CAN;1900;2.4851274;2.2008427;2.8248683;2.9546341;5457;2911.2663;0.411084061;1
CAN;1901;-0.85359183;4.325264;1.4189404;3.7867575;5536;3096.7767;0.410835976;1
CAN;1902;6.4878355;5.4360562;2.942528;3.4938082;5650;3330.9246;0.401929619;1
CAN;1903;-4.8503098;-1.7714127;-1.559552;0.067422505;5813;3333.6281;0.386198701;1
CAN;1904;-1.3691093;-3.4879335;-0.044978154;-0.32617376;5994;3279.5642;0.375679208;1
CAN;1905;4.299579;6.4039157;2.333242;3.7836492;6166;3561.8171;0.3899987;1
CAN;1906;5.8718492;5.8288828;2.1356292;2.8794447;6282;3846.2069;0.289667963;1
CAN;1907;-2.73935;-1.1108129;-2.3686787;-0.67152158;6596;3874.8502;0.355819177;1
CAN;1908;-13.742173;-9.9890598;-5.1660727;-3.5746127;6813;3572.0611;0.331964158;1
CAN;1909;6.3050482;5.6303735;1.7492889;2.3909138;6993;3849.5976;0.363914678;1
CAN;1910;1.7908874;3.6103435;0.79585647;2.1287357;7188;4065.7613;0.36731082;1
CAN;1911;2.405332;1.6941402;0.72916169;1.6030867;7410;4212.5377;0.371669805;1
CAN;1912;-0.30549184;1.9800298;-1.2893958;0.64890393;7602;4377.1308;0.420229394;1
CAN;1913;-4.1206388;-0.27423087;-4.1032485;-1.2754739;7852;4446.7652;0.405058021;1
CAN;1914;-13.221808;-11.810201;-6.981021;-4.8700919;8093;4025.2846;0.374502926;0.987262009
CAN;1915;-2.0308218;3.1761599;-2.2617659;1.16665;8191;4232.8883;0.478691532;0.953491872
CAN;1916;4.7829046;7.4621184;0.64221223;2.6301798;8214;4646.1149;0.624475364;0.890502709
CAN;1917;-0.40591814;1.417797;-1.1884384;-0.8358267;8277;4800.5809;0.638798038;0.800251171
CAN;1918;-0.095179742;-9.6474585;-2.4013234;-6.5224184;8374;4440.5947;0.513671066;0.699748829
CAN;1919;-14.958027;-11.819245;-7.1237731;-8.7970545;8548;4019.343;0.510832465;0.609497291
CAN;1920;7.9563407;-5.8595856;-0.50712223;-7.0669563;8798;3861.4762;0.520659821;0.546508128
CAN;1921;-20.233023;-15.852394;-9.23014;-8.5817134;9028;3357.0102;0.395942388;0.512737991
CAN;1922;7.6712094;10.361911;1.8577584;3.690942;9159;3793.1455;0.391124589;0.5
CAN;1923;-1.321378;2.8546631;-0.33815071;1.7933489;9256;3975.9576;0.421270679;0.525475982
CAN;1924;2.3102889;-1.8259709;2.4917923;0.70216366;9394;3977.0194;0.410971837;0.593016257
CAN;1925;6.417219;6.8879797;4.5766203;4.233729;9549;4340.2756;0.428764621;0.693518599
CAN;1926;5.9638151;1.6961962;5.765796;2.3978918;9713;4497.0571;0.427477146;0.806481401
CAN;1927;7.4687529;5.6409392;6.3854171;4.0326192;9905;4846.9965;0.416831505;0.906983743
CAN;1928;5.418913;4.6295376;4.2902012;2.0280435;10107;5171.5892;0.427438017;0.974524018
CAN;1929;2.3568962;-3.9266185;0.59276058;-3.3620267;10305;5065.4459;0.40348591;0.974524018
CAN;1930;-7.9601464;-7.0144208;-5.6928353;-7.2265593;10488;4810.6045;0.330594406;0.906983743
CAN;1931;-8.5173356;-20.213136;-7.1780287;-14.51077;10657;4003.6926;0.261666312;0.806481401
CAN;1932;-11.351017;-10.515465;-8.6914225;-10.629891;10794;3671.4527;0.24934452;0.693518599
CAN;1933;-5.5390222;-10.407971;-4.1887295;-7.2182531;10919;3370.4061;0.268041237;0.593016257
CAN;1934;2.2721438;7.2350203;0.051549362;3.4865794;11030;3691.0296;0.294532628;0.525475982
CAN;1935;1.5814026;4.9439114;0.79272907;3.3874791;11136;3950.625;0.299465241;0.5
CAN;1936;1.7112562;2.447368;1.2506495;3.2823513;11243;4124.206;0.342252913;0.5
CAN;1937;3.4308403;6.2756072;1.4808621;4.3776788;11341;4473.4105;0.347452776;0.5
CAN;1938;-4.2337414;-0.24520737;-1.316438;1.4896229;11452;4545.9095;0.289453718;0.5
CAN;1939;-0.00558787;2.9201002;0.54879453;4.0648521;11570;4768.1314;0.300124533;0.5
CAN;1940;4.3306502;10.002361;2.7288688;8.3215816;11688;5368.2454;0.338894682;0.5
CAN;1941;3.7129245;10.115739;2.4702492;9.7375408;11818;6050.7673;0.372977542;0.5
CAN;1942;-0.54089999;13.195554;0.73604089;10.364403;11969;7033.3759;0.392498782;0.5
CAN;1943;-0.085590646;1.3566164;1.2977807;2.615482;12115;7262.7586;0.428480955;0.5
CAN;1944;3.9547745;0.59324154;3.6710915;-0.15419435;12268;7442.5611;0.442437542;0.5
CAN;1945;6.8169505;-6.1017485;5.5297202;-3.9166295;12404;7132.9526;0.406558206;0.5
CAN;1946;7.0459782;-4.7209844;5.5551992;-3.1801625;12634;6931.2433;0.35372318;0.5
CAN;1947;3.0173587;0.38676057;1.9545995;-0.97186628;12901;7088.2105;0.399762488;0.5
CAN;1948;-6.4855103;-2.1759077;-2.8017133;-1.706155;13180;7065.3241;0.368768747;0.5
CAN;1949;1.6818243;-1.8702935;0.61877249;-0.98259491;13469;7064.0805;0.344241655;0.525475982
CAN;1950;0.69939463;1.3159263;-0.16854625;0.56856247;14011.42;7291.4798;0.343414274;0.593016257
CAN;1951;-3.3499443;1.4125997;-1.3423295;0.90842281;14330.67;7533.4902;0.37189982;0.693518599
CAN;1952;1.9483434;2.0466426;1.0429748;0.83638274;14785.58;7833.0352;0.344129042;0.806481401
CAN;1953;2.36734;0.059486591;1.4779655;-0.12292956;15183.38;7984.2591;0.331984012;0.906983743
CAN;1954;-1.1193524;-5.4850615;0.55387376;-1.7478923;15636.25;7699.4189;0.310825525;0.974524018
CAN;1955;3.9174356;4.4616593;2.4190009;1.8556108;16050.36;8201.2511;0.317398701;1
CAN;1956;3.112168;3.4970867;1.870559;1.4949918;16445.09;8651.9457;0.330457662;1
CAN;1957;-1.5000552;-2.3763595;-0.30302405;-1.1847956;17010.15;8606.7416;0.314839411;1
CAN;1958;-0.87961108;-2.7011755;-0.089208763;-1.4305004;17462;8534.0148;0.291205974;1
CAN;1959;1.3654017;-0.19982736;0.30415844;-0.55027427;17872.03;8676.2369;0.29276326;1
CAN;1960;-0.52550083;-0.97732933;-0.48997989;-0.73041848;18266.77;8752.5076;0.287761204;1
CAN;1961;-2.7196409;-0.93983246;-1.1955213;-0.17362727;18634.98;8832.745;0.294565516;1
CAN;1962;1.33475;3.0537867;0.61240235;1.859356;18985.85;9276.9093;0.293094503;1
CAN;1963;0.38294815;1.2200797;0.44794526;1.4370419;19342.84;9566.3817;0.292824858;1
CAN;1964;1.481703;2.5739021;1.204003;2.1721127;19711.05;9999.3643;0.312174713;1
CAN;1965;2.0137836;2.7747114;1.464753;2.5407347;20071.1;10472.917;0.313144778;0.993631004
CAN;1966;1.181704;2.5668885;1.2755622;1.9810962;20448.5;10946.135;0.328374618;0.976745936
CAN;1967;-0.001952106;-0.65283495;0.42509664;0.51210081;20819.77;11078.27;0.332496485;0.95162035
CAN;1968;0.91265957;1.701558;0.73538873;1.552398;21143.1;11479.064;0.354724803;0.92337965
CAN;1969;1.3658324;1.8525039;0.85502504;1.3180631;21448.07;11912.352;0.358838807;0.898254064
CAN;1970;-1.3588354;-0.69962429;0.038861623;0.33750544;21749.99;12050.491;0.354647468;0.875
CAN;1971;2.2261074;2.304038;1.8767515;1.8507348;22026.4;12561.926;0.352407532;0.851745936
CAN;1972;3.7257954;2.13137;3.0258078;2.0130561;22284.5;13072.494;0.365617261;0.82662035
CAN;1973;3.5477937;3.8374769;2.8343894;2.6789282;22559.5;13837.895;0.391332315;0.79837965
CAN;1974;1.7313062;0.76359284;2.0670721;1.039102;22874.7;14204.689;0.431169321;0.773254064
CAN;1975;0.52464486;-1.0702071;1.0494251;0.299659;23209.2;14316.263;0.405611821;0.756368996
CAN;1976;1.924443;2.160092;1.2399232;1.1908628;23517.5;14902.392;0.393181095;0.75
CAN;1977;-0.22424984;0.27394521;0.027973486;0.37292768;23796.4;15222.681;0.407158748;0.75
CAN;1978;0.15135875;1.1086711;-0.029942124;0.87351041;24036.3;15680.2;0.436646398;0.75
CAN;1979;-0.52562258;1.2241933;-0.819708;0.37290489;24276.9;16170.145;0.475807452;0.75
CAN;1980;-1.4013675;-1.8182028;-1.3163179;-1.1792397;24593.3;16175.706;0.478901141;0.75
CAN;1981;-1.8527641;-0.034661498;-2.0696095;-1.1185309;24900;16472.45;0.468919746;0.75
CAN;1982;-5.6118353;-6.1508646;-2.9346407;-2.8044256;25201.9;15779.406;0.415424881;0.756368996
CAN;1983;-0.20367744;0.012252863;-0.63872745;-0.21694643;25456.3;16076.413;0.419210109;0.773254064
CAN;1984;1.4131034;2.7629669;0.64218241;1.2869546;25701.8;16835.825;0.478897932;0.79837965
CAN;1985;2.1421672;2.4845391;1.2815132;1.4643724;25941.6;17582.069;0.477083654;0.832989346
CAN;1986;0.87712881;-0.27239103;0.85158838;0.49916765;26203.8;17862.104;0.470955806;0.875
CAN;1987;1.0007515;0.83223443;0.80391663;0.65389823;26549.7;18348.155;0.446936268;0.917010654
CAN;1988;1.1587922;1.6019392;0.46181624;0.2673662;26894.8;18993.077;0.455809517;0.95162035
CAN;1989;-0.18843414;-1.2466719;-0.52710216;-1.3115671;27379.3;19108.487;0.429743374;0.976745936
CAN;1990;-2.1561238;-3.0958662;-1.8586923;-2.5195756;27790.6;18872.389;0.425404216;0.993631004
CAN;1991;-4.5941648;-5.1776604;-2.7471718;-3.3926392;28117.6;18262.464;0.415959595;1
CAN;1992;-1.7122647;-2.4154561;-1.7787645;-2.0997595;28545;18146.725;0.449735681;1
CAN;1993;-1.4152899;-0.91737724;-1.3868641;-0.98252475;28953;18309.108;0.498353237;1
CAN;1994;0.029510844;1.6705459;-0.46479477;0.38113274;29331;18941.768;0.561096369;1
CAN;1995;-0.97135341;-0.31855093;-0.86231776;-0.50754943;29691;19237.798;0.602983861;1
CAN;1996;-0.46383061;-1.4773043;-0.059150096;-0.49357968;30026;19330.597;0.606498508;1
CAN;1997;1.6752054;1.2341405;0.58022945;0.821858;30305.84;19961.823;0.643852103;1
CAN;1998;-0.12173831;1.0869391;0.30243733;1.191794;30552;20612.387;0.673220589;1
CAN;1999;0.88799195;2.5402922;0.54919652;1.7729474;30821;21563.041;0.685146382;1
CAN;2000;1.1365994;2.2339448;0.78169584;1.4203897;31100;22487.708;0.711924138;1
CAN;2001;-0.55131115;-1.1031357;0.17233944;-0.17763402;31377;22686.646;0.67314661;1
CAN;2002;0.80644856;0.19536524;0.58305208;0.029151549;31641;23155.137;0.644372803;1
CAN;2003;0.20067656;-0.83474581;0.37926519;-0.41738658;31889;23406.98;0.589481812;1
CAN;2004;0.5326284;-0.094360462;0.49579756;-0.20303813;32135;23952.909;0.581898131;1
CAN;2005;1.1137268;0.27567964;0.97598248;-0.25063561;32386;24484.345;0.59705814;1
CAN;2006;1.4212216;-0.059803008;0.77897578;-0.39247091;32657;24967.167;0.581820494;1
CAN;2007;0.61766293;-0.78064226;0.45142151;-1.1889888;32386;25300.084;0.560014744;1
CAN;2008;0.121864;-1.9393564;0.066187343;-1.9946991;33213;25262.071;0.572544141;1
CAN;2009;-2.6083999;-5.9913527;-1.0409173;-3.2573098;33590.814;24361.021;0.473094713;1
CAN;2010;1.8680116;0.070419614;0.60673265;-0.83936348;33964.716;24941.236;0.494939159;1
CAN;2011;-0.5268921;0.25272463;-0.55409943;-0.60723915;34307.773;25992.744;0.520132194;1
CAN;2012;-1.0884118;-1.3024807;-0.54946913;-1.0463513;34702.84;26626.972;0.504203116;1
CAN;2013;-0.40525679;-0.55735855;-0.54125453;-0.82327243;35107.908;27407.231;0.504241497;1
CAN;2014;-0.24780501;-0.40319003;-0.58967214;-0.99975179;35501.974;28296.954;0.523750448;1
CAN;2015;-0.73509682;-1.7480547;-0.74363389;-1.4946485;35827.029;28611.426;0.535939141;1
CAN;2016;-0.68871307;-1.5941202;-1.1866009;-1.6258444;36235.098;29070.44;0.51864643;1
CHE;1875;3.7826165;6.8123427;2.988771;2.3918583;2750;3590.1059;nan;nan
CHE;1876;4.1593674;-2.5910954;0.065126974;-2.5759089;2768;3404.6002;nan;nan
CHE;1877;-17.670563;-12.919349;-8.828206;-6.2946428;2786;3078.5808;nan;nan
CHE;1878;-10.217954;-3.1251496;-5.1589768;-3.1504754;2803;3243.5943;nan;nan
CHE;1879;7.3458675;-4.319774;1.9869765;-2.4925783;2821;3297.9168;nan;nan
CHE;1880;3.2609614;6.1710205;1.4232805;1.1251967;2839;3427.3785;nan;nan
CHE;1881;7.3231445;-2.4695006;1.6030153;-1.980564;2853;3576.686;nan;nan
CHE;1882;-16.253464;-3.9566864;-6.4141732;-2.1093155;2863;3429.9841;nan;nan
CHE;1883;-1.4984697;-4.2672786;-0.19417684;-1.2342883;2874;3539.1946;nan;nan
CHE;1884;9.653418;6.9249195;4.0011007;3.0350812;2885;4017.9026;nan;nan
CHE;1885;8.16855;2.9080062;2.4630701;1.8756354;2896;4455.4219;0.792228641;nan
CHE;1886;-16.395456;1.9023053;-5.4636214;1.2901178;2907;4623.4966;0.817848074;nan
CHE;1887;14.851095;-1.6666753;3.5959484;-0.017719954;2918;4560.8791;0.831785332;nan
CHE;1888;-18.314591;-0.48926975;-7.9678075;0.23160102;2929;4708.034;0.811740227;nan
CHE;1889;0.41891964;1.1937025;-0.72449062;1.0704294;2940;4557.5059;0.827944475;nan
CHE;1890;-0.51421001;5.8183107;0.50908846;1.8966367;2951;4830.0358;0.77121949;1
CHE;1891;4.6661309;-8.3076746;4.6887349;-2.2776712;2965;4558.0581;0.75081539;1
CHE;1892;21.393678;5.7226768;10.768688;2.4779398;3002;4816.4132;0.677713718;1
CHE;1893;-6.2557159;1.8081096;-1.3863726;0.71678734;3040;4863.6184;0.643827495;1
CHE;1894;-4.1382652;-5.2773106;-0.93362638;-0.78383865;3077;4750.6674;0.632965676;1
CHE;1895;-0.99531802;7.9027812;0.05661435;3.6221615;3114;4944.2435;0.636370335;1
CHE;1896;4.2942077;-0.6221082;2.2370913;0.63723237;3151;5203.8467;0.636010985;1
CHE;1897;3.1027305;2.1367705;1.8098387;1.2955724;3188;5335.5468;0.608051287;1
CHE;1898;1.896136;-1.223682;1.0532602;-0.11008712;3226;5501.3526;0.612849603;1
CHE;1899;-4.8770244;2.6864086;-0.75784273;0.74087031;3263;5608.2567;0.656702962;1
CHE;1900;8.6455675;-1.6974632;1.7693458;-1.2284226;3300;5898.9594;0.633648427;1
CHE;1901;-8.7570278;-3.8874645;-3.368427;-2.0863491;3341;5635.6676;0.613758366;1
CHE;1902;-1.1357761;-0.29877592;-1.352679;-0.98612399;3384;5791.7025;0.624107758;1
CHE;1903;-3.0123572;-4.4870062;-1.4395445;-1.8740242;3428;5678.9971;0.642497719;1
CHE;1904;2.3529439;1.9000523;0.068223349;0.56041246;3472;6067.4783;0.618553614;1
CHE;1905;-2.3623232;1.226557;-0.60827088;1.080793;3461;6301.7923;0.641586052;1
CHE;1906;5.562619;5.9200218;0.87991118;2.4289661;3560;6591.6713;0.628615893;1
CHE;1907;-5.2160629;-2.056002;-2.2364237;-0.764247;3604;6557.2877;0.665875005;1
CHE;1908;-4.0250609;-4.2248542;-1.4419621;-1.271901;3647;6572.7558;0.588641092;1
CHE;1909;3.0121239;2.4875854;0.28745111;0.71723729;3691;6664.7353;0.588644444;1
CHE;1910;0.18068091;1.0144952;-0.47698082;0.22098574;3735;6884.9523;0.610521282;1
CHE;1911;-1.0677121;-0.25943607;-0.816293;-0.72693237;3776;6926.6881;0.613149039;1
CHE;1912;0.69629835;-1.2839319;-0.79335317;-1.6225557;3819;7211.932;0.643699124;1
CHE;1913;-2.0735459;-4.2972314;-2.1768293;-2.7010835;3864;7092.612;0.634773622;1
CHE;1914;-9.1126598;-4.4730203;-3.6791491;-2.6123213;3897;6638.7092;0.548499643;1
CHE;1915;3.5413255;2.0896783;-0.68461827;-0.957205;3883;6623.3335;0.641429289;1
CHE;1916;-4.5753041;-0.79972124;-2.6096648;-2.5936947;3883;7058.3696;0.738341234;0.974524018
CHE;1917;-0.9830875;-9.2345825;-1.5248981;-6.2563832;3888;6820.6614;0.597303825;0.906983743
CHE;1918;-5.5209609;-12.543356;-2.0783281;-6.5679823;3880;6217.1802;0.456056216;0.806481401
CHE;1919;4.5025159;4.7685441;1.3426802;1.271132;3869;6175.7579;0.700021909;0.693518599
CHE;1920;4.3722555;6.8881827;1.1140559;2.1666417;3877;6567.9656;0.679148003;0.593016257
CHE;1921;-7.5576356;-7.943461;-1.0260538;-2.1188111;3876;5543.0139;0.538039721;0.525475982
CHE;1922;8.9182534;7.9118666;3.9531504;4.8906639;3874;6486.7193;0.477406871;0.525475982
CHE;1923;5.4424904;6.0415311;2.4472908;4.0350553;3883;6711.0949;0.478997305;0.593016257
CHE;1924;-5.0864713;2.0099981;-0.12199852;2.6202479;3896;7226.3941;0.504464705;0.693518599
CHE;1925;3.36563;0.86065008;1.5280963;1.6344515;3910;7361.0676;0.503171747;0.806481401
CHE;1926;-1.1174636;1.0211452;0.60060238;1.9343309;3932;7497.2436;0.462273627;0.906983743
CHE;1927;3.7401867;4.0902013;2.1315567;3.2389073;3956;7962.0139;0.478307959;0.974524018
CHE;1928;2.0166203;3.9916677;1.2684786;3.0047772;3988;8353.4622;0.471444182;1
CHE;1929;1.7728364;2.7888869;0.45188932;1.5101507;4022;8635.8023;0.460987874;1
CHE;1930;-7.7643399;-1.53059;-1.9227542;-1.1722084;4051;8491.6693;0.419784737;1
CHE;1931;7.1211757;-4.6257528;2.2619938;-2.6416154;4080;8437.1909;0.363095619;1
CHE;1932;-2.3420057;-4.6611235;-0.17914862;-2.368175;4102;7862.1599;0.286851904;1
CHE;1933;3.172612;3.7019106;1.2416901;0.40717653;4122;8057.293;0.277517637;1
CHE;1934;0.34962734;-1.4836014;-0.15975427;-1.4034133;4140;8086.2536;0.264086263;1
CHE;1935;-1.1331438;-2.7878026;-1.280543;-1.7725536;4155;7697.7968;0.257280181;1
CHE;1936;-7.9257716;-2.9164166;-2.7317659;-1.4954076;4168;7574.2329;0.262936512;1
CHE;1937;5.3119297;2.3875829;0.41816347;-0.098524447;4180;8360.3822;0.328696361;1
CHE;1938;-4.367475;-1.254065;-1.4669623;-1.3741774;4192;7966.641;0.315350839;1
CHE;1939;4.8686343;-0.4336285;0.35519079;-1.714542;4206;8092.2064;0.328618595;1
CHE;1940;-3.1556438;-5.9080137;-2.8504068;-4.4112304;4226;8138.7872;0.292220243;1
CHE;1941;-8.2964171;-6.8657406;-4.6944615;-4.5603962;4254;8046.6735;0.294512879;1
CHE;1942;-5.366674;-4.7094705;-3.9512617;-3.3792897;4286;7668.759;0.282995312;1
CHE;1943;-1.5995985;0.055501874;-2.6311904;-0.71102853;4323;7642.7936;0.249348704;1
CHE;1944;-5.0056805;-0.85355508;-2.848156;0.056359913;4364;7724.139;0.166279701;1
CHE;1945;-2.8028868;4.4686719;-0.006238694;3.521205;4412;7475.0944;0.181874965;1
CHE;1946;23.196421;10.549191;13.531999;6.8813153;4467;8996.9311;0.336276505;1
CHE;1947;2.3645277;4.9527108;2.8144489;3.7613554;4524;9182.1689;0.399860481;1
CHE;1948;-3.9578406;-2.0009173;-1.4556923;-0.60554422;4582;9115.653;0.420022192;1
CHE;1949;-2.2437566;-6.2120815;-0.92357314;-2.3309403;4640;8756.5938;0.342523085;1
CHE;1950;1.6071872;4.3801622;0.31537439;2.5638378;4694;9063.6983;0.364214412;1
CHE;1951;-1.093522;4.8398174;-0.83882262;2.6521405;4749;9684.144;0.432842227;1
CHE;1952;-1.741538;-1.9427233;-0.86625535;-0.10965884;4815;9630.1142;0.387033589;1
CHE;1953;0.22073347;0.67771418;0.4187019;1.2373165;4878;9840.3034;0.375551538;1
CHE;1954;1.7328778;3.022718;1.0460318;2.5489167;4929;10287.076;0.369509303;1
CHE;1955;1.6261611;3.9404212;1.2919565;3.1106201;4980;10866.867;0.380339408;1
CHE;1956;2.4370358;3.6051824;1.388526;2.6685261;5045;11439.049;0.410416772;1
CHE;1957;-0.28908466;1.0234272;0.3188979;0.99965757;5126;11705.423;0.438528635;1
CHE;1958;-1.0636729;-4.9639249;0.13573836;-1.6066162;5199;11296.788;0.380852052;1
CHE;1959;2.3745974;3.6395517;1.6269681;2.4147235;5259;11870.127;0.384829323;1
CHE;1960;1.7313486;3.4045309;1.6716637;2.6824053;5362;12456.733;0.391317232;1
CHE;1961;2.5955369;4.070779;2.3339216;3.0540138;5512;13098.694;0.4062048;0.987262009
CHE;1962;2.4557699;0.86834695;2.1371775;1.7041062;5666;13353.512;0.407303341;0.953491872
CHE;1963;1.443725;1.4118407;1.6180759;1.5461223;5789;13710.485;0.397819575;0.915978692
CHE;1964;1.4982213;2.0132458;1.5023684;1.6564028;5887;14190.759;0.410548451;0.893267428
CHE;1965;1.2379054;0.75630191;1.2919134;0.81821519;5943;14503.618;0.40761222;0.893267428
CHE;1966;0.89380427;0.17255863;0.98273888;0.52454118;5996;14727.318;0.410474503;0.915978692
CHE;1967;0.58642311;0.53040687;1.1214197;0.81612139;6063;15010.391;0.405879737;0.953491872
CHE;1968;1.6198174;1.1918207;1.7622657;1.4743758;6132;15373.777;0.418049294;0.987262009
CHE;1969;2.8296946;2.8773498;2.3617287;2.4780154;6212;16030.908;0.43622413;1
CHE;1970;3.190281;3.9935102;2.4838949;3.015444;6267;16903.622;0.449324188;1
CHE;1971;2.2662949;1.676622;2.5272454;1.623925;6343.293;17381.035;0.422416134;0.993631004
CHE;1972;3.2182203;1.1742245;2.2215935;1.29758;6401.4;17774.393;0.415810445;0.976745936
CHE;1973;0.95759504;1.1736743;0.73458091;0.30516501;6441.1;18203.568;0.436204348;0.95162035
CHE;1974;-1.9227857;-0.4559951;-0.92629762;-1.0031303;6460;18414.396;0.516818043;0.92337965
CHE;1975;-3.0708801;-7.3498954;-1.2231333;-3.5833213;6403.5;17224.018;0.441200969;0.898254064
CHE;1976;1.0464283;-1.0792653;0.42915669;-1.1796442;6333.313;17170.318;0.46896065;0.887737991
CHE;1977;2.0121236;1.2565932;0.89975699;-0.13181283;6316.424;17635.295;0.518200636;0.898254064
CHE;1978;0.66044594;-0.99789003;0.47882275;-0.40581911;6332.568;17662.187;0.490703705;0.92337965
CHE;1979;-0.3902756;0.78586014;0.093016508;0.46345262;6350.84;18050.211;0.504231634;0.95162035
CHE;1980;0.83367556;2.4360004;0.11747179;0.84384557;6385.229;18779.123;0.559307881;0.976745936
CHE;1981;-0.76953781;-0.2021759;-0.58797135;-0.3856128;6425.45;18956.182;0.539504445;0.993631004
CHE;1982;-1.4966293;-3.3481204;-0.68203432;-1.4417602;6468.126;18560.399;0.513724468;1
CHE;1983;-0.48819483;-1.3141679;-0.52975163;-0.54785126;6501.073;18559.859;0.499034071;1
CHE;1984;-0.1778043;1.3175551;-0.13444098;0.39981764;6529.684;19037.828;0.530969498;1
CHE;1985;0.051218339;1.6118622;-0.12013478;0.61987556;6563.77;19586.457;0.551125421;1
CHE;1986;0.7303242;-0.23414719;0.4631423;0.071085434;6603.192;19786.34;0.52766093;1
CHE;1987;0.49731141;-0.78977759;0.35022057;0.060958916;6649.942;19791.752;0.504584333;1
CHE;1988;-0.020514037;1.0986506;0.039695346;0.8298853;6704.112;20242.651;0.512744728;1
CHE;1989;0.45997525;2.2616575;-0.087118919;0.93667929;6763.653;20935.285;0.542349391;1
CHE;1990;-0.8216728;1.347115;-0.6322992;0.21935634;6836.626;21487.195;0.516800706;1
CHE;1991;-0.74535809;-3.5333959;-0.96443707;-2.0433729;6920.562;21039.628;0.489873025;1
CHE;1992;-1.9608883;-2.3224362;-1.6382802;-1.7215118;6995.447;20803.54;0.453763997;1
CHE;1993;-2.657231;-2.4238161;-1.6916541;-1.7240839;7058.211;20590.813;0.437857966;1
CHE;1994;-0.92966957;-0.9433017;-1.2367702;-1.3903564;7114.53;20685.449;0.444680443;1
CHE;1995;-1.1680151;-1.5838698;-1.0165457;-1.2939379;7157.106;20659.518;0.452223616;1
CHE;1996;-0.47989487;-1.0416927;-0.4070864;-0.73242673;7181.024;20688.712;0.456818769;1
CHE;1997;0.03794765;0.54512997;-0.045624043;0.18005476;7193.761;21071.99;0.5006933;1
CHE;1998;0.74364107;1.0760426;0.31597029;0.40915422;7207.995;21603.491;0.505559246;1
CHE;1999;0.7274362;-0.37321021;0.41921536;0.030756803;7232.809;21828.105;0.523951736;1
CHE;2000;0.71143779;1.7277017;0.33002129;0.65437993;7266.92;22521.381;0.555878043;1
CHE;2001;0.41779474;-0.79467326;-0.047259564;-0.63696885;7311.237;22692.357;0.55647039;1
CHE;2002;-1.823178;-1.5835407;-0.80339892;-0.92763783;7361.757;22621.668;0.562098575;1
CHE;2003;-0.92344023;-2.1691255;-0.6683832;-1.0158349;7408.319;22516.482;0.556624591;1
CHE;2004;-0.23600176;0.60400927;-0.40240392;0.2455209;7450.867;22959.647;0.579641288;1
CHE;2005;0.078458706;1.0170525;-0.27572501;0.70061244;7489.37;23480.64;0.603151357;1
CHE;2006;-0.15777412;1.9481747;-0.30236869;1.1586965;7523.934;24262.436;0.636870513;1
CHE;2007;-0.90380503;1.8004884;-0.49023223;0.69133641;7554.661;25025.241;0.664653653;1
CHE;2008;0.32988445;-0.47421068;-0.061715342;-0.5717083;7581.52;25293.204;0.658873532;1
CHE;2009;-0.17816002;-4.8320614;-0.25461018;-2.269943;7690.3552;24538.195;0.580086533;1
CHE;2010;-0.63555068;0.5815337;-0.58495946;-0.36747123;7774.2282;25033.239;0.603263335;1
CHE;2011;-1.5832253;-0.7686477;-0.93552006;-1.0468571;7858.1012;25741.232;0.599172702;1
CHE;2012;0.036117459;-1.3962309;-0.40315525;-0.9667431;7942.9727;26218.716;0.602692713;1
CHE;2013;0.22471177;-0.65019033;-0.2732198;-0.85195847;8026.8457;26898.534;0.593477837;1
CHE;2014;-1.1689385;-0.13580724;-0.81034809;-0.53070969;8127.693;27672.943;0.595519742;1
CHE;2015;-0.56572531;-1.2548209;-0.69801592;-0.94281719;8225.5448;27809.296;0.565037654;1
CHE;2016;-0.78758061;-1.0498874;-0.93944591;-1.193186;8314.4103;28151.393;0.582431658;1
DEU;1875;-0.44550304;1.2313204;-0.84871942;0.24858298;42518;2112.3517;0.383025848;nan
DEU;1876;-4.6351285;-1.6447355;-2.2182378;-0.9174436;43059;2070.6704;0.394731811;nan
DEU;1877;-1.4151438;-2.0281212;-1.1090003;-1.049861;43610;2032.6288;0.409117763;nan
DEU;1878;2.2245215;1.4695726;-0.44605001;0.035934796;44129;2102.9983;0.396609838;nan
DEU;1879;-3.4442983;-0.51747734;-2.5765325;-0.96471559;44641;2028.6671;0.407081322;nan
DEU;1880;-6.3246209;-5.1784203;-3.3392554;-2.2872392;45095;1991.4064;0.35014182;nan
DEU;1881;0.33996922;1.2849907;-0.94630113;-0.077412565;45426;2025.2851;0.359175089;nan
DEU;1882;-2.4217817;-0.75172404;-0.9801569;-0.016543418;45717;2044.4813;0.370184236;nan
DEU;1883;4.0426102;1.8561834;1.3715826;1.092085;46014;2143.2784;0.376602393;nan
DEU;1884;-0.042032052;2.1557489;0.2571543;1.4040632;46335;2178.4276;0.359859311;nan
DEU;1885;0.69079867;0.79961253;0.31527497;0.75308361;46705;2216.2357;0.322160476;nan
DEU;1886;-0.6794123;-0.015446095;-0.39513909;0.38980414;47103;2211.3783;0.32067208;nan
DEU;1887;-1.5135144;-0.11605757;-0.49392487;0.030435481;47540;2275.2421;0.333818841;nan
DEU;1888;1.0223401;1.3684083;0.08873172;0.47689831;48020;2340.7836;0.328903539;nan
DEU;1889;-0.073391961;-1.0612434;-0.006865014;-0.69599343;48512;2379.2176;0.345114858;nan
DEU;1890;-0.56757041;-1.1776498;-0.26855127;-0.89628908;49239;2427.8086;0.345945088;1
DEU;1891;-0.73405525;-2.1544941;-0.22726452;-1.193785;49767;2396.5458;0.331675839;1
DEU;1892;0.029584591;-1.2522087;0.67650338;-0.17909237;50279;2469.3108;0.313803422;1
DEU;1893;4.5111638;4.3873592;1.8542024;1.8953316;50778;2565.4641;0.314440272;1
DEU;1894;-1.4520631;0.41509123;0.030865986;0.62435037;51339;2597.6019;0.30326723;1
DEU;1895;2.3644463;-0.11007314;0.83468846;0.33511756;52001;2686.0838;0.312240713;1
DEU;1896;-1.9438107;0.50611015;-0.54816339;0.41163343;52753;2739.6427;0.31439195;1
DEU;1897;-0.35163814;-0.27418705;-0.37954768;-0.074846254;53549;2774.61;0.318661997;1
DEU;1898;0.78055444;2.193437;-0.27966572;0.36977986;54406;2847.822;0.321006447;1
DEU;1899;-0.92756868;-3.2339869;-0.95388374;-1.7547359;55248;2905.0939;0.343079338;1
DEU;1900;-3.141678;-1.7168901;-1.8690524;-1.5821719;56046;2984.7593;0.353422062;1
DEU;1901;-1.9355658;-2.2860406;-1.3941;-1.4848617;56874;2871.3329;0.332660543;1
DEU;1902;-0.85196321;-1.0973828;-0.94994447;-0.71397825;57767;2893.4673;0.338006198;1
DEU;1903;0.80204855;0.69785062;-0.15458514;-0.059813285;58629;3008.158;0.3477341;1
DEU;1904;-0.4184434;0.50735763;-0.65914196;0.29232937;59475;3083.3535;0.352540582;1
DEU;1905;-1.2068566;1.599386;-0.82793514;0.29796285;60314;3104.0455;0.362164804;1
DEU;1906;-2.4425513;-2.691105;-1.1721194;-0.84729285;61153;3152.1373;0.382387695;1
DEU;1907;1.7457459;0.38387974;0.14650618;0.072299626;62013;3244.8733;0.403731263;1
DEU;1908;0.90054114;1.492564;-0.045663066;0.22037582;62863;3254.3113;0.348216761;1
DEU;1909;-2.0289674;-1.7782108;-1.5239857;-0.79292546;63717;3274.7057;0.358940166;1
DEU;1910;-4.3587272;-1.2581288;-2.4560316;-0.73726655;64568;3347.6478;0.369383335;1
DEU;1911;0.48234752;1.3041639;-0.72259555;0.11248178;65359;3408.4045;0.38363369;1
DEU;1912;1.6543554;-0.11972541;-0.8932593;-0.55195867;66146;3523.6937;0.407261274;0.994904804
DEU;1913;-2.6887114;1.7713764;-4.6064406;-1.291096;66978;3648.0064;0.411446947;0.976301552
DEU;1914;-20.920592;-9.5303448;-14.454711;-7.6084398;67790;3059.2905;0.399874465;0.937597832
DEU;1915;-9.0471292;-15.520993;-10.642031;-11.104528;67883;2899.0124;0.388301983;0.876301552
DEU;1916;-12.540937;-2.6227846;-12.64414;-6.8121675;67715;2934.5034;0.376729502;0.794904804
DEU;1917;-14.695735;-17.110506;-12.06443;-12.333375;67368;2952.0791;0.36515702;0.705095196
DEU;1918;-5.0006126;-3.5252344;-3.3319259;-4.7753479;66811;2983.1574;0.353584538;0.610960457
DEU;1919;16.845332;-5.5851512;10.120874;-3.0773255;62897;2586.2718;0.342012056;0.515894039
DEU;1920;-5.7841618;9.0949693;-0.96798461;4.8497573;61974;2795.5956;0.330439574;0.426939148
DEU;1921;13.571317;3.1465044;9.1245986;2.3288354;62473;3077.8263;0.318867092;0.390068469
DEU;1922;2.9879869;3.6679223;2.1535646;0.65764471;61185;3330.9855;0.307294611;0.436032513
DEU;1923;-15.173906;-16.353401;-6.7764399;-7.2419961;61577;2749.5787;0.295722129;0.553015889
DEU;1924;18.556109;8.6171193;12.569301;4.2591243;61953;3198.8293;0.284149647;0.709722102
DEU;1925;10.135205;4.6815546;7.8863433;3.2002133;62411;3531.6784;0.332715512;0.860475615
DEU;1926;-3.8607152;-1.0751465;0.51924334;1.0467815;62866;3604.6362;0.302195956;0.961786026
DEU;1927;10.548705;7.535854;6.3843576;4.4591191;63252;3941.0993;0.328283929;1
DEU;1928;-0.69909748;0.99711202;-0.47128141;0.1751829;63618;4089.9943;0.320465464;0.949048035
DEU;1929;-3.0021696;-3.718678;-2.5753337;-3.6894051;63957;4051.4064;0.33089804;0.813967487
DEU;1930;-6.4103862;-9.1089585;-5.0205749;-8.2572834;64294;3973.3575;0.298156209;0.612962803
DEU;1931;-5.597001;-15.873044;-4.3735381;-12.424124;64631;3651.514;0.26533288;0.387037197
DEU;1932;-4.2917106;-10.662319;-2.9015265;-8.187566;64911;3361.6775;0.204179402;0.186032513
DEU;1933;1.6538186;5.3669594;0.49325628;3.1096033;65218;3555.7878;0.173480663;0.050951965
DEU;1934;3.9073137;7.5593373;1.4989254;6.3948511;65595;3858.212;0.147663305;0
DEU;1935;-1.8295678;9.2798178;-0.43443505;8.4557952;66871;4119.8128;0.129119837;0
DEU;1936;-0.8408696;8.5537856;0.25747245;8.6064721;67349;4450.7417;0.124121729;0.00053075
DEU;1937;3.4836315;8.25706;1.7543539;8.1127948;67831;4684.9228;0.140536174;0.002468588
DEU;1938;1.2786966;6.422792;0.99443431;7.8446636;68424;4993.5967;0.11840269;0.006500226
DEU;1939;5.074395;14.671743;1.0136353;12.992928;69314;5406.2437;0.099379578;0.012885255
DEU;1940;-10.156725;12.569344;-6.3252602;12.53886;69838;5402.5059;0.080548279;0.021364083
DEU;1941;-4.9208734;11.133638;-5.6159407;10.540359;70244;5711.1497;0.10286971;0.03125
DEU;1942;-12.540235;3.0528773;-9.4340144;3.5243489;70834;5739.9272;0.116590802;0.041666667
DEU;1943;-2.6072152;5.1002281;-5.5653364;4.0827872;70411;5889.6479;0.111907079;0.052083333
DEU;1944;-10.418891;-9.6479178;-10.535829;-12.336333;64247;6083.7472;0.102429967;0.0625
DEU;1945;-22.072757;-109.70295;-16.257524;-102.38501;65884;4514.2836;0.092952856;0.072916667
DEU;1946;3.707178;-18.872256;0.14600397;-20.238519;49260;2216.8434;0.083475744;0.083333333
DEU;1947;-4.0475706;13.401443;-1.489432;12.198466;49188;2436.091;0.073998633;0.09375
DEU;1948;12.856883;14.053943;9.5104683;14.203821;49311;2833.7172;0.064521521;0.103635917
DEU;1949;8.08411;15.853327;8.13447;15.010107;49987;3282.4639;0.113686939;0.118483741
DEU;1950;10.102388;5.4481494;9.0791938;6.2202359;50799;3880.8872;0.183412861;0.15449183
DEU;1951;4.9476618;6.6611364;6.0186935;6.6112905;51157;4205.8117;0.20921127;0.230157181
DEU;1952;6.5617807;6.5149147;6.9178884;6.5420296;51611;4552.602;0.209048094;0.344357028
DEU;1953;7.871021;5.8593679;7.0522815;5.8004378;52148;4905.0876;0.20502145;0.476745936
DEU;1954;3.276064;4.7493455;4.4358815;5.2428551;52665;5246.7996;0.229444484;0.613101568
DEU;1955;7.4104423;8.7495992;6.4865587;7.4668261;52229;5796.972;0.252267986;0.737262009
DEU;1956;5.7155057;4.5271568;5.1239269;4.7667643;53931;6176.6352;0.253856377;0.834021308
DEU;1957;3.3122736;2.8696433;3.7076111;3.1034192;54657;6492.2141;0.283162073;0.903240701
DEU;1958;2.1438896;1.4450878;2.6702712;2.4113555;55292;6736.7653;0.268069642;0.953491872
DEU;1959;2.946776;4.7980657;3.3555519;4.2945868;56002;7176.6886;0.273035334;0.987262009
DEU;1960;5.1546572;5.6728867;4.2812279;4.567305;55433;7705.2332;0.28680158;1
DEU;1961;2.9323864;1.4550297;2.9763166;2.1466156;56185;7952.1604;0.275224962;1
DEU;1962;2.5983769;1.6813052;2.2761615;1.6604375;56837;8222.1218;0.271954068;1
DEU;1963;0.23393465;0.13713125;1.1886272;1.0992236;57389;8385.5235;0.27690452;1
DEU;1964;2.5658298;3.8086976;2.46075;2.5726403;57971;8822.3536;0.282005227;1
DEU;1965;3.9836749;2.4861509;2.7503681;1.9418291;58619;9185.7292;0.296296151;1
DEU;1966;0.54161201;0.27191912;1.1582768;0.76148994;59148;9387.5991;0.300660105;1
DEU;1967;-0.78248168;-2.1740058;0.70485011;-0.076078552;59286;9396.6811;0.304500906;1
DEU;1968;2.6972392;3.4029957;2.4738304;2.513114;59500;9864.4501;0.324491552;1
DEU;1969;5.1809242;4.6032041;4.2054081;3.2416338;60067;10440.36;0.339260624;1
DEU;1970;4.7906601;2.3737381;4.15523;2.1954602;60651;10839.145;0.333038744;0.993631004
DEU;1971;2.7145449;0.26371645;2.919361;1.4516104;61284;11076.769;0.327194101;0.983114931
DEU;1972;3.0503033;1.9405286;2.5886599;1.4346904;61672;11480.849;0.325455438;0.974874414
DEU;1973;0.7378464;2.6336287;0.94493254;1.3975341;61976;11966.464;0.340649452;0.971759299
DEU;1974;-1.9009908;-1.490107;-0.24369705;-0.53540976;62054;12063.032;0.39882458;0.974874414
DEU;1975;2.4125082;-2.6798466;1.9060736;-0.44934876;61829;12040.608;0.376642685;0.976745936
DEU;1976;3.0508334;4.0605669;2.5333983;2.1204626;61531;12683.847;0.40979779;0.97037694
DEU;1977;2.7656951;1.3794645;2.2877468;1.4043639;61400;13071.902;0.408680081;0.95162035
DEU;1978;2.053234;1.4511836;1.9365276;1.4844722;61326;13455.32;0.398084566;0.929748645
DEU;1979;1.5428037;2.3327149;1.010124;1.2434416;61359;13993.301;0.420552948;0.921508128
DEU;1980;-0.44055441;-0.88890299;-0.30078519;-0.43162573;61566;14114.03;0.448515779;0.929748645
DEU;1981;-2.1654383;-1.7272673;-1.5289918;-1.3151002;61682;14148.598;0.474320288;0.95162035
DEU;1982;-2.5372359;-2.4981733;-1.2907472;-1.2528969;61638;14039.641;0.478004207;0.976745936
DEU;1983;0.14576236;0.46559359;-0.16056176;0.22582741;61423;14328.857;0.468148516;0.993631004
DEU;1984;0.74172982;1.5455512;0.47838323;0.89074562;61175;14783.184;0.500696415;1
DEU;1985;0.48021721;0.62052844;0.71864974;0.5173325;61024;15139.762;0.519895043;1
DEU;1986;2.0844279;0.61956474;1.4626631;0.60192372;61066;15469.014;0.463459792;1
DEU;1987;1.8891224;-0.17395139;1.308601;0.40847173;61077;15701.373;0.449796015;1
DEU;1988;0.42535441;1.4143581;0.74903832;1.0063754;61449;16160.115;0.458479461;1
DEU;1989;0.42253644;0.93078122;0.620607;1.1142566;62063;16558.121;0.488657083;1
DEU;1990;0.2486033;1.589246;0.62828177;1.410227;63253;15928.845;0.476123054;1
DEU;1991;1.8416144;2.4305208;0.9649781;1.271719;80013.9;16649.524;0.436986305;1
DEU;1992;0.91529246;-0.18259805;0.38270947;-0.11381578;80624.6;16890.561;0.399522896;1
DEU;1993;-1.458758;-3.1071742;-0.33891583;-1.3353656;81156.36;16644.68;0.363356805;1
DEU;1994;0.030139488;0.65241137;-0.061495636;4.04E-05;81438.35;17027.786;0.378307412;1
DEU;1995;0.27023847;-0.047224627;-0.13239569;-0.37713925;81678.05;17298.819;0.391057174;1
DEU;1996;-0.58279641;-0.92958572;-0.30923823;-0.3256546;81914.83;17420.221;0.403144402;1
DEU;1997;-0.90820346;0.012925309;-0.4925493;0.041720062;82034.77;17708.525;0.443332537;1
DEU;1998;-0.16957052;0.36392949;-0.036501049;0.24120936;82047.19;18028.881;0.463832877;1
DEU;1999;1.2706953;0.29896094;0.43591617;0.14940579;82100.24;18380.044;0.478369306;1
DEU;2000;0.62114697;1.3948217;0.34416333;0.50449883;82211.5;18943.516;0.554585362;1
DEU;2001;0.14288265;-0.50997151;-0.38154066;-0.53571852;82349.93;19156.69;0.561088598;1
DEU;2002;-2.4724737;-1.7162503;-1.5775812;-1.0371532;82488.5;19140.378;0.54774763;1
DEU;2003;-1.5256997;-1.8767927;-1.4560242;-1.2257811;82534.18;19087.572;0.557484273;1
DEU;2004;-1.4349003;-0.42318263;-1.4773104;-0.42371418;82516.26;19283.67;0.576376786;1
DEU;2005;-1.6772185;-0.87009301;-1.2977515;-0.28559841;82469.42;19417.057;0.615524415;1
DEU;2006;-0.62173235;2.1151951;-1.0264213;0.88282983;82376.45;20040.62;0.680710819;1
DEU;2007;-1.6965175;1.7112771;-1.3685874;0.66856322;82266.37;20546.936;0.691256524;1
DEU;2008;-1.1271003;-0.36430607;-1.1809565;-0.88894444;82110.1;20801.437;0.699758014;1
DEU;2009;-1.5665826;-7.1604583;-1.1746464;-2.7737435;81909.836;19789.845;0.597519844;1
DEU;2010;-1.0725831;2.52115;-0.67662345;0.83782437;81859.77;20661.445;0.677913304;1
DEU;2011;1.5982159;3.8173783;0.16416573;1.4053679;81869.968;21874.573;0.726471633;1
DEU;2012;-0.45123403;-1.3278905;-0.43814301;-0.391518;81716.257;22388.891;0.725711137;1
DEU;2013;-1.2578642;-1.4154595;-1.0221936;-0.76858668;81493.337;22824.425;0.704565076;1
DEU;2014;-1.0599021;-0.13651857;-1.0069326;-0.47554717;81154.213;23583.266;0.693575723;1
DEU;2015;-0.7610121;-0.76846598;-0.95546322;-0.86911349;80454.805;23988.968;0.70402313;1
DEU;2016;-0.52985232;-0.68205138;-0.89084286;-1.0009355;79669.685;24504.336;0.687539956;1
DNK;1875;-10.737566;-0.85846258;-3.3262624;-1.1110772;1973;2111.6016;0.448019802;nan
DNK;1876;7.7725547;-0.75720066;1.275316;-1.1565159;1994;2130.331;0.442307692;nan
DNK;1877;-4.2919658;-5.7880901;-1.6815034;-2.726713;2019;2046.1516;0.45148771;nan
DNK;1878;0.90923251;1.0391948;0.0828092;-0.37135637;2043;2102.0852;0.411609499;nan
DNK;1879;0.92765866;0.54644685;-0.35413812;-0.17167749;2064;2148.5465;0.425559947;nan
DNK;1880;-1.07246;-0.20068104;-1.156124;-0.35187474;2081;2181.4656;0.458333333;nan
DNK;1881;-7.9386379;-1.7323151;-2.0729384;-0.61539884;2101;2182.9177;0.460071514;nan
DNK;1882;8.6536018;1.0854973;3.2549816;0.12989359;2120;2240.4198;0.455294118;nan
DNK;1883;3.1464283;0.79814685;1.3802949;-0.25981833;2137;2299.0501;0.486175115;nan
DNK;1884;-2.0368639;-2.2540195;-0.39222729;-1.1529347;2160;2285.375;0.471990465;nan
DNK;1885;-1.7241313;-2.2612924;-0.93526166;-1.0543757;2186;2274.2086;0.434146341;nan
DNK;1886;-2.4923558;1.1576789;-0.75231489;0.16398339;2213;2336.1094;0.399267399;nan
DNK;1887;2.0607369;0.65207807;0.84876295;-0.19228008;2237;2394.515;0.453446191;nan
DNK;1888;2.0085665;-1.7452465;0.87327525;-0.77492922;2257;2388.8082;0.478002378;nan
DNK;1889;-0.15247477;-1.2813677;0.31778306;-0.21057187;2276;2399.6309;0.494394619;nan
DNK;1890;0.53360547;3.3504572;0.23469704;1.1650902;2294;2523.2432;0.479792746;nan
DNK;1891;-0.016036425;-0.54480583;0.13983867;0.073518951;2311;2555.1796;0.499007937;nan
DNK;1892;0.13628087;0.061195709;0.056098717;0.066471774;2327;2597.7911;0.485572139;nan
DNK;1893;0.72561999;-0.56060544;0.56520486;-0.14582549;2344;2628.7372;0.482;nan
DNK;1894;-0.46234961;-0.59687101;0.10749172;0.20905527;2367;2657.4271;0.534343434;nan
DNK;1895;2.8475247;2.5960943;0.86856476;1.0349199;2397;2770.2253;0.509143407;nan
DNK;1896;-1.2391762;0.64290437;-0.98995557;0.39134469;2428;2835.7908;0.50802644;nan
DNK;1897;-4.9305323;-0.70290571;-1.7724498;-0.23286167;2462;2862.9894;0.518687329;nan
DNK;1898;0.54501094;-1.506343;-0.23553084;-0.50361729;2497;2869.5955;0.523768366;nan
DNK;1899;0.71972739;1.2263358;0.10453252;0.7056314;2530;2952.0949;0.5505341;nan
DNK;1900;1.3940976;0.47839262;0.35251416;0.45178751;2561;3016.6107;0.527987897;nan
DNK;1901;-0.88671729;1.1964212;-0.22899851;0.76125688;2594;3104.202;0.501457726;nan
DNK;1902;-1.344384;-0.4394368;-0.10684191;0.24800336;2623;3141.0675;0.538681948;nan
DNK;1903;2.2434448;2.9652445;1.1167074;1.5897254;2653;3290.2978;0.544459644;nan
DNK;1904;1.6927258;-0.55890403;1.17685;-0.13200298;2681;3325.58;0.557809331;nan
DNK;1905;-0.35217175;-1.1349686;0.68628974;-0.17206115;2710;3345.9742;0.56097561;nan
DNK;1906;2.5288526;0.003878735;1.6249433;0.044973595;2741;3401.7986;0.585740627;nan
DNK;1907;2.8191935;0.73854971;1.5077755;0.36664984;2775;3486.2811;0.585393905;nan
DNK;1908;-2.3910573;0.23025465;-0.20869863;0.36495075;2809;3552.1004;0.55893965;nan
DNK;1909;2.1874215;0.83660487;1.1754033;0.51183833;2845;3642.5167;0.553063457;nan
DNK;1910;-0.71160399;0.039367185;0.38679041;0.47702075;2882;3705.0833;0.552549428;nan
DNK;1911;3.9781985;2.3505335;1.8904863;0.81906017;2917;3856.661;0.565577767;nan
DNK;1912;0.002171004;-2.824612;0.29588636;-1.0864127;2951;3812.2264;0.618805002;nan
DNK;1913;0.4876688;0.91287003;0.019197356;0.17834425;2983;3912.169;0.614515428;nan
DNK;1914;-5.4845377;3.29938;-1.4240772;-0.43128026;3018;4110.4076;0.592328984;nan
DNK;1915;3.5653002;-10.186429;2.0534086;-4.8836727;3055;3777.9476;0.695531694;nan
DNK;1916;8.1901184;1.2908089;3.033973;-1.8697013;3092;3891.2581;0.644279267;nan
DNK;1917;-9.0558203;-9.1195868;-2.3607382;-5.3908035;3130;3616.5815;0.498126405;nan
DNK;1918;2.3138846;-6.2031314;3.1298886;-2.6517434;3165;3458.5972;0.339907679;nan
DNK;1919;20.533607;9.3719517;9.0141039;3.256744;3202;3859.6284;0.540251681;0.5
DNK;1920;-8.6924066;1.7352416;-5.6288796;0.71437702;3242;3991.9895;0.613034072;0.5
DNK;1921;-21.547515;-6.0309805;-10.617931;-1.3169994;3285;3826.0548;0.488525673;0.5
DNK;1922;4.4738115;6.888864;2.0825881;4.184514;3322;4166.3516;0.486866445;0.5
DNK;1923;11.967986;7.3989708;4.6712821;4.0096101;3356;4558.8111;0.571475954;0.5
DNK;1924;-5.0598816;-2.3554505;-2.9224563;-0.71879266;3389;4528.1942;0.63874505;0.525475982
DNK;1925;-7.1377057;-5.0973562;-3.3453047;-1.7232578;3425;4378.3796;0.605558264;0.593016257
DNK;1926;0.075553281;3.2640754;-0.20995656;1.324103;3452;4597.6825;0.530656538;0.693518599
DNK;1927;2.8642829;-0.42774196;1.4980546;0.26025694;3475;4657.9252;0.568822866;0.806481401
DNK;1928;2.6309334;1.0411651;1.9303919;1.3504338;3497;4785.4675;0.586352768;0.86876977
DNK;1929;2.2957753;4.2230554;2.0472274;2.5581096;3518;5075.3553;0.574112375;0.834999633
DNK;1930;4.0961015;3.4709558;2.4694095;1.9102852;3542;5340.7877;0.557405784;0.709722102
DNK;1931;0.37682889;-1.3647947;0.43107952;-0.78989161;3569;5359.2407;0.497299311;0.540277898
DNK;1932;-3.1524401;-5.3488912;-0.75971122;-2.2864311;3603;5169.3922;0.428403756;0.389524385
DNK;1933;2.1837202;0.66964638;0.4518988;-0.27029166;3633;5290.5285;0.433890301;0.288213974
DNK;1934;-1.26055;0.37185138;-0.94685109;-0.1130624;3666;5402.0704;0.416122004;0.25
DNK;1935;-3.7187183;-0.23985423;-1.3368057;-0.25078752;3695;5479.6888;0.39184953;0.25
DNK;1936;2.966387;0.039964758;0.60399813;-0.057657502;3722;5574.7609;0.413901345;0.25
DNK;1937;-0.06493276;-0.013531484;-0.4943145;-0.40424862;3749;5668.4636;0.454138076;0.25
DNK;1938;0.34534375;-0.019611104;-1.0457227;-0.86772618;3777;5762.3908;0.42054831;0.25
DNK;1939;0.10778674;2.2387069;-3.9052626;-1.9311194;3805;5992.9514;0.408268734;0.25
DNK;1940;-27.363485;-17.630051;-15.583975;-11.016462;3832;5116.2839;0.335730858;0.25
DNK;1941;-5.5456615;-13.007538;-5.3518822;-9.1615236;3863;4573.7458;0.26450756;0.25
DNK;1942;7.3774371;-0.46985764;2.1461994;-1.3418345;3903;4628.5319;0.205353902;0.25
DNK;1943;-1.898402;7.7434857;-0.039836456;4.1757363;3949;5079.9519;0.20536859;0.25
DNK;1944;3.2853334;7.098604;3.9452316;3.3745969;3998;5543.1041;0.182527076;0.25
DNK;1945;12.502852;-10.767048;10.124259;-3.3419179;4045;5066.136;0.114285714;0.25
DNK;1946;18.989056;11.61389;12.383253;6.4797646;4101;5776.6642;0.301756757;0.25
DNK;1947;-15.872977;2.6851128;-9.1884509;2.5703982;4146;6034.848;0.331472393;0.25
DNK;1948;-2.3491586;0.54324465;-0.85865568;1.7304928;4190;6133.0167;0.347740114;0.25
DNK;1949;2.9881492;1.8042747;1.8850657;2.0407993;4230;6494.3688;0.411216931;0.256368996
DNK;1950;5.3911192;4.3951284;2.57902;2.5904796;4271;6943.1047;0.485997774;0.273254064
DNK;1951;-1.4603529;-1.8911495;-0.64266555;-0.42908044;4303.62;6936.486;0.552621342;0.29837965
DNK;1952;-3.3367152;-0.75616495;-1.3072509;0.23642068;4334;6955.2377;0.507335062;0.32662035
DNK;1953;0.32251691;3.2877386;0.16395667;1.6857352;4369.28;7291.5904;0.495081719;0.358114931
DNK;1954;2.7387468;0.2097858;0.7622491;0.20425676;4406;7371.3118;0.531745172;0.391885069
DNK;1955;-1.7924134;-1.4004429;-0.80457364;-0.38383896;4439;7395.3593;0.53395574;0.42337965
DNK;1956;-0.71770334;-0.31566696;-0.25987842;0.31101466;4466.471;7438.7587;0.541077953;0.457989346
DNK;1957;0.095445951;2.7639287;0.11769611;1.5537267;4487.831;7965.0949;0.532004868;0.5
DNK;1958;0.31323302;-0.066707878;0.60656997;1.1203963;4515.132;8095.2229;0.525946418;0.54837965
DNK;1959;1.4288313;3.7949645;1.3958571;3.0789405;4546.636;8637.155;0.544165529;0.599874414
DNK;1960;4.1409279;3.7291696;2.9094772;3.2434967;4581;8811.8315;0.558966312;0.650125586
DNK;1961;3.7231857;3.8949431;2.6766277;3.5326202;4609.817;9311.8664;0.516419677;0.695251355
DNK;1962;0.56829385;3.0579581;1.6464828;2.57259;4646.899;9747.3606;0.510615525;0.726745936
DNK;1963;0.6234956;-1.851196;1.3514095;0.69234637;4683.579;9731.6603;0.513614089;0.743631004
DNK;1964;3.0730751;6.4674769;1.9136908;4.3534318;4720.171;10559.575;0.525858596;0.75
DNK;1965;0.211664;1.9897857;0.81736717;1.8452368;4758.1;10953.322;0.509612626;0.75
DNK;1966;0.77739636;0.19054013;0.84564035;1.1031083;4797.5;11159.771;0.477733409;0.75
DNK;1967;1.0289744;2.1953151;1.0954024;2.037703;4838.8;11436.513;0.455739176;0.75
DNK;1968;0.25018282;1.1790559;1.0265535;1.7792729;4867.3;11836.747;0.455156673;0.75
DNK;1969;3.7994722;4.4993517;1.9852132;3.0159501;4890.687;12530.55;0.464171181;0.75
DNK;1970;0.91448564;-0.16880255;0.56455766;0.61201568;4928.757;12685.551;0.476695349;0.75
DNK;1971;-1.494399;0.60679729;-0.43082047;0.9868844;4963.126;12933.583;0.454692652;0.75
DNK;1972;-1.9920254;2.4869863;-0.6979992;1.4378658;4991.596;13538.355;0.425732184;0.75
DNK;1973;3.6655027;0.75073261;0.9841548;-0.034925616;5021.861;13945.428;0.474407117;0.75
DNK;1974;-4.7503991;-4.2138089;-1.6437828;-1.9112123;5045.297;13751.222;0.537920223;0.75
DNK;1975;1.3693872;-2.0649753;0.96438165;-0.74700067;5059.861;13621.125;0.491254852;0.75
DNK;1976;4.9510576;3.9520166;2.2192664;1.2967354;5072.596;14466.36;0.501651031;0.75
DNK;1977;-0.51888367;-0.76161355;-0.037190789;-0.081442177;5088.419;14655.436;0.486440684;0.75
DNK;1978;-0.6727898;0.71236374;-0.70631427;0.18917724;5104.247;14825.693;0.45697431;0.75
DNK;1979;-1.4917482;0.064030275;-1.7924829;-0.58207054;5116.8;15313.477;0.487410198;0.75
DNK;1980;-5.0034953;-2.1945414;-3.165068;-1.554945;5123.027;15227.326;0.526824223;0.75
DNK;1981;-4.0221088;-3.8492755;-2.4060058;-1.6766874;5121.572;15096.146;0.565746455;0.75
DNK;1982;0.63559866;0.83743501;-0.4329656;-0.015886962;5117.81;15563.298;0.553850908;0.75
DNK;1983;-0.008990664;0.90169749;0.14304244;0.53478563;5114.297;15966.222;0.55606814;0.75
DNK;1984;1.8110526;1.3752537;1.2948615;1.1089239;5111.619;16675.93;0.577781357;0.75
DNK;1985;2.5421495;2.1909799;1.7007657;1.6188734;5113.691;17384.116;0.585377702;0.762737991
DNK;1986;4.9685124;2.8117128;1.9021492;1.4320517;5120.534;17993.241;0.519946322;0.796508128
DNK;1987;-3.8045778;-1.1344404;-1.6827257;-0.55635832;5127.024;18023.321;0.484122162;0.846759299
DNK;1988;-3.4607989;-2.4599412;-1.8825578;-1.6250904;5129.516;18224.331;0.49901373;0.903240701
DNK;1989;-1.610527;-2.7775845;-1.6265447;-1.7351829;5132.593;18261.335;0.53155402;0.953491872
DNK;1990;-1.0908984;-0.72520722;-0.99843154;-0.969614;5140.954;18452.426;0.515107274;0.987262009
DNK;1991;-0.42457659;-0.67884434;-0.60874058;-1.0592751;5154.352;18643.79;0.525214585;1
DNK;1992;0.53179702;-0.5508394;-0.45366349;-0.86781566;5171.393;18949.445;0.51310497;1
DNK;1993;-3.4340123;-2.8279279;-1.0526811;-1.0630025;5188.386;18870.434;0.494378538;1
DNK;1994;3.9312687;2.7525986;1.3327937;1.2030584;5205.603;19847.266;0.516873417;1
DNK;1995;-0.59602866;0.77045823;-0.21395578;0.54815805;5232.612;20350.03;0.533845784;1
DNK;1996;-0.24980472;0.11239735;0.18990066;0.37381993;5262.075;20809.661;0.523183523;1
DNK;1997;0.91252564;0.52929555;0.22536006;0.38313212;5283.663;21387.538;0.548429295;1
DNK;1998;0.24511359;-0.25744317;-0.35032787;0.070328135;5302.767;21770.865;0.546821546;1
DNK;1999;-2.2609392;0.69416527;-1.3971245;0.29731668;5320.134;22255.437;0.545956396;1
DNK;2000;-1.8572349;1.2077802;-1.2799329;0.44567276;5337.416;22966.118;0.592836972;1
DNK;2001;-1.5846175;-1.3198853;-1.1412995;-0.8000648;5355.826;23048.491;0.59276413;1
DNK;2002;-0.10368741;-1.465325;-0.24921715;-1.1011653;5374.693;23074.607;0.602783417;1
DNK;2003;-0.56687149;-1.4910011;0.057353725;-0.76321908;5394.138;23079.655;0.570413796;1
DNK;2004;3.1871356;0.16503988;1.891399;-0.029867455;5413.392;23525.719;0.566385995;1
DNK;2005;2.5170183;0.44053912;1.6668437;0.15581773;5432.335;24016.886;0.584056666;1
DNK;2006;1.8150032;1.8179313;1.0817133;0.38120159;5450.661;24748.726;0.617010994;1
DNK;2007;0.14447725;-1.2301088;-0.3275296;-1.5287881;5468.12;25060.288;0.621282125;1
DNK;2008;-2.6733731;-2.7926751;-2.2205043;-2.6569643;5484.723;24788.6;0.634318609;1
DNK;2009;-6.3917729;-7.2578496;-3.6522039;-4.0580248;5519.7788;23275.489;0.536555536;1
DNK;2010;-1.025906;-0.28227919;-1.5447288;-1.2811849;5543.817;23512.631;0.555403147;1
DNK;2011;-1.4807024;-0.77560609;-1.7962678;-1.5830608;5569.8584;23715.906;0.604984314;1
DNK;2012;-1.2095888;-1.8418467;-1.3012419;-1.4328205;5589.8903;23685.472;0.606318569;1
DNK;2013;-1.482283;-1.1796678;-1.4075303;-1.2300755;5611.9253;23812.61;0.610198235;1
DNK;2014;-0.94410499;-0.59243724;-1.0910563;-0.76757697;5635.9635;24091.597;0.592942789;1
DNK;2015;-0.48926511;-0.80437114;-0.67266845;-1.0358837;5669.0161;24338.067;0.593105449;1
DNK;2016;-0.090947217;-0.52714152;-0.84357387;-0.9226522;5716.091;24610.052;0.583680048;1
ESP;1875;-2.4514379;0.93577035;-0.28237018;0.34262939;16538.415;1542.1315;0.136061637;nan
ESP;1876;8.9334137;1.2240607;3.1456869;1.1852472;16574.727;1589.1632;0.134236336;nan
ESP;1877;6.9725379;8.5520081;1.9717541;2.7740164;16634.488;1762.1401;0.127268578;nan
ESP;1878;-8.5002746;-5.9546926;-3.1640421;-2.9702385;16732.149;1690.0928;0.122201814;nan
ESP;1879;-6.9687873;-9.2124832;-2.9557862;-3.5111116;16848.28;1569.0338;0.134974556;nan
ESP;1880;2.1757984;6.6526184;-0.43233082;1.7066945;16967.672;1707.0855;0.151282993;nan
ESP;1881;0.93093261;-1.0820445;-0.91054793;-0.86656789;17094.463;1719.0442;0.155262167;nan
ESP;1882;-3.622417;-1.402761;-1.8894742;-0.98869057;17201.33;1725.5438;0.151704543;nan
ESP;1883;-1.0612345;-0.39271679;-1.535442;-1.2958517;17263.319;1749.6511;0.157895608;nan
ESP;1884;0.59649323;-1.4992513;-1.5594434;-2.1454668;17335.969;1754.5726;0.14369297;nan
ESP;1885;-7.0641459;-5.5935563;-3.5987777;-3.6161044;17373.395;1688.9231;0.150086765;nan
ESP;1886;-2.7558987;-4.1468854;-2.6614603;-3.1701046;17430.485;1649.4198;0.155347325;nan
ESP;1887;-5.3562162;-4.0087942;-2.4107422;-2.5493397;17515.661;1613.0665;0.160879594;nan
ESP;1888;5.9788272;2.0827869;0.64374925;-0.64965362;17562.245;1676.5972;0.167987712;nan
ESP;1889;-3.0108726;-2.0339924;-1.4086715;-1.4839169;17591.189;1672.3465;0.194905601;nan
ESP;1890;-2.1547375;-2.0333634;-1.0647165;-0.90918825;17590.227;1668.117;0.193955434;0.5
ESP;1891;-1.4477985;0.09070352;-0.31057858;-0.082774925;17609.213;1699.6186;0.193583114;0.5
ESP;1892;8.1441212;6.2916322;1.4708956;1.4643066;17658.203;1842.4967;0.193455143;0.5
ESP;1893;-6.0180647;-6.1851216;-2.5585798;-2.6851462;17721.597;1763.0966;0.192820728;0.5
ESP;1894;0.33784504;-0.6478123;-2.0837135;-1.8651023;17780.326;1783.174;0.201428823;0.5
ESP;1895;-5.9643068;-3.4845984;-5.2609772;-3.6379056;17848.052;1753.0381;0.180544828;0.5
ESP;1896;-19.978801;-12.238361;-8.2311614;-5.1911648;17936.048;1578.9626;0.225842023;0.5
ESP;1897;6.4715561;3.9676346;1.2774987;0.60413127;18071.61;1672.3767;0.22271752;0.5
ESP;1898;7.2388025;4.4522265;2.516403;1.2986113;18254.136;1779.9218;0.223951842;0.5
ESP;1899;-0.043942614;-1.4694363;0.65058077;-0.03689468;18438.911;1785.4606;0.223618876;0.5
ESP;1900;-2.7241953;-0.28146086;0.89752312;0.29911921;18583.514;1812.4204;0.237477417;0.5
ESP;1901;14.814887;5.7519631;4.6104914;1.2828785;18707.89;1954.2064;0.217433264;0.5
ESP;1902;-8.5895694;-6.9559896;-3.021963;-3.2509621;18882.144;1855.6326;0.220280352;0.5
ESP;1903;-2.8901554;-2.7826346;-2.315371;-2.5474787;19093.332;1837.1229;0.218974256;0.5
ESP;1904;-5.5223616;-3.7084902;-3.1659908;-2.5347166;19268.119;1802.036;0.213300346;0.5
ESP;1905;-4.5167362;-3.2284519;-2.2379452;-1.6138958;19382.496;1776.125;0.238405331;0.5
ESP;1906;5.0408235;3.864042;1.1004963;0.92235743;19470.775;1879.2557;0.216373814;0.5
ESP;1907;-1.0161303;0.12230833;-0.19931806;0.22011337;19574.641;1915.3498;0.212725663;0.5
ESP;1908;5.0322585;1.3101953;0.90353527;0.29885434;19694.022;1975.4645;0.190040323;0.5
ESP;1909;-2.4835086;0.30789889;-2.0896601;-0.61969411;19819.512;2017.1466;0.176623308;0.5
ESP;1910;-11.524188;-7.1320039;-4.3803818;-2.4544557;19938.823;1912.0295;0.204938218;0.5
ESP;1911;6.8816826;5.2191716;-0.87679816;0.51732621;20035.553;2050.6531;0.216891886;0.496815502
ESP;1912;-13.012207;-5.5745173;-4.9485505;-2.1044752;20141.093;1974.3013;0.230578382;0.48518847
ESP;1913;5.9734488;3.3169742;-0.55846257;0.012489133;20266.841;2077.5424;0.231822685;0.460998645
ESP;1914;-5.4910148;-5.2718076;-4.301439;-2.4002213;20472.193;2006.2533;0.17062429;0.42268847
ESP;1915;-13.429897;-1.4295006;-5.18274;-1.26567;20747.347;2013.3003;0.168534971;0.371815502
ESP;1916;8.8119979;1.6703392;2.3237751;-0.56820096;20982.257;2083.9811;0.18178023;0.3125
ESP;1917;-0.000610139;-3.8392494;0.68141192;-2.1068999;21150.561;2041.5084;0.188079045;0.253184498
ESP;1918;5.4589764;-2.9351097;2.3083447;-1.3313838;21192.701;2018.0652;0.131178748;0.20231153
ESP;1919;-8.084726;-0.27169538;-0.96548709;0.073481044;21235.824;2048.7373;0.229594795;0.164001355
ESP;1920;14.126066;5.2027761;6.2714803;2.3935151;21361.206;2196.912;0.240912822;0.13981153
ESP;1921;-4.0391096;0.61539011;1.3740693;0.76271569;21536.019;2250.1751;0.178683869;0.128184498
ESP;1922;12.64755;1.3461884;6.5834532;0.96047636;21757.408;2321.6341;0.155745573;0.125
ESP;1923;-1.4265283;-1.615907;0.86098466;-0.24792657;21934.499;2325.45;0.193852605;0.125
ESP;1924;-3.1011817;0.66805146;-0.3219328;0.96795985;22099.314;2383.084;0.1776041;0.125
ESP;1925;5.6291174;3.9266606;1.9541574;1.6149146;22290.779;2523.0373;0.172629857;0.125
ESP;1926;-7.4949151;-3.8058042;-1.20198;-0.47250564;22527.928;2472.4431;0.140470672;0.125
ESP;1927;13.454969;6.3454302;4.2725191;2.4631307;22781.149;2681.7309;0.144189127;0.125
ESP;1928;-8.9361358;-3.1127044;-2.781992;-0.79314205;23030.967;2646.232;0.156214132;0.125
ESP;1929;5.6575649;4.8312719;-0.003022072;0.75674179;23279.776;2827.0983;0.168416993;0.118631004
ESP;1930;-14.91634;-7.9713905;-6.615566;-4.5517577;23583.396;2657.3737;0.169069151;0.101745936
ESP;1931;1.5743143;-5.3213164;-0.62936701;-3.5571982;23967.305;2564.918;0.151242125;0.07662035
ESP;1932;2.8105086;0.030357618;-0.35238156;-2.1654336;24378.748;2611.7786;0.152561734;0.04837965
ESP;1933;-6.4050168;-6.1667369;-3.4757155;-4.0940928;24792.067;2499.6868;0.112444988;0.023254064
ESP;1934;3.2429536;0.68749758;-0.4006567;-2.1999933;25177.001;2562.1373;0.101710801;0.006368996
ESP;1935;-1.2428557;-1.1342931;-6.4297765;-5.2704387;25542.523;2578.7383;0.092770077;0
ESP;1936;-54.295956;-29.836161;-39.810472;-19.859057;25874.735;1947.8769;0.103809957;0.00053075
ESP;1937;-14.561276;-9.8247797;-15.63747;-9.6743772;26046.89;1797.3144;0.099850526;0.002468588
ESP;1938;7.9212539;-2.4451757;5.4598055;-2.7418514;26122.962;1785.4013;0.078731095;0.006500226
ESP;1939;13.292037;7.2513806;11.684373;4.8043938;25929.386;1954.156;0.06654562;0.012885255
ESP;1940;19.641281;7.6703973;14.143729;5.1490111;25699.593;2147.8422;0.049777252;0.021364083
ESP;1941;-6.2181313;-1.1399808;-1.7695543;1.1432903;25659.869;2161.6358;0.04533661;0.03125
ESP;1942;1.9742258;4.3581903;0.89366861;3.1420484;25633.098;2298.4812;0.040761547;0.041666667
ESP;1943;-4.1581753;2.7629462;-1.7405068;1.6688975;25795.525;2405.3114;0.058236568;0.052083333
ESP;1944;6.6180839;1.663074;1.2396444;-0.59288544;26038.583;2489.5737;0.062238542;0.0625
ESP;1945;-14.680601;-10.83887;-5.6877123;-5.1027259;26293.768;2273.963;0.05631966;0.072916667
ESP;1946;16.215558;1.6000932;7.8636225;-0.29414772;26557.638;2352.1421;0.05677833;0.083333333
ESP;1947;-2.8909434;-0.60845512;-2.1482535;-1.3829519;26837.639;2379.8638;0.063905082;0.09375
ESP;1948;-9.9291691;-2.7870495;-5.6171281;-1.7913149;27249.361;2356.0209;0.062768844;0.103635917
ESP;1949;-2.9616135;-3.0320162;-1.6071895;-1.5223157;27709.705;2326.7102;0.079052535;0.112114745
ESP;1950;2.6547488;-0.94601204;2.4579273;0.31343905;28000.277;2346.199;0.083251002;0.118499774
ESP;1951;11.343738;7.2391145;6.7941361;4.1607516;28155.692;2567.6449;0.137092988;0.122531412
ESP;1952;3.2796301;6.1739751;2.7045726;3.9339799;28341.541;2780.2205;0.141303675;0.12446925
ESP;1953;-5.3490651;-2.7011304;-1.5589326;0.46507109;28570.961;2754.7324;0.162340522;0.125
ESP;1954;2.4242192;4.4289241;1.6632605;3.3748369;28800.581;2931.1971;0.150277852;0.125
ESP;1955;1.3284082;0.83969175;1.9536846;1.8447996;29027.268;3009.0042;0.167509696;0.125
ESP;1956;5.8262868;5.3359039;4.7878232;4.0353058;29255.078;3230.9286;0.153749501;0.137737991
ESP;1957;5.5433128;0.90243687;4.8436314;1.5586798;29499.414;3318.7736;0.151524646;0.171508128
ESP;1958;6.2209655;3.6955137;4.6281829;1.85537;29786.417;3505.5655;0.148631319;0.221759299
ESP;1959;-0.25168278;-3.5337796;0.65422749;-1.2342808;30100.212;3444.6263;0.124846225;0.278240701
ESP;1960;-5.94307;-2.7295727;-1.4497935;0.073420097;30436.647;3412.0765;0.151499247;0.334860867
ESP;1961;8.2401232;8.5881125;5.7151121;5.7030183;30772.853;3784.8397;0.163425718;0.385516073
ESP;1962;6.3517398;6.7056681;5.9421512;6.1527354;31060.833;4120.0347;0.181452328;0.42337965
ESP;1963;8.1262214;6.96805;6.7964657;6.3463847;31326.376;4496.6985;0.176438132;0.45162035
ESP;1964;2.4890785;2.7400424;3.9217259;3.891051;31602.525;4704.6212;0.185168343;0.476745936
ESP;1965;5.1605065;4.8215001;4.7294175;4.5296477;31949.111;5025.6843;0.197104978;0.493631004
ESP;1966;4.3929895;4.2503987;4.2313894;4.1265566;32368.082;5338.085;0.207465493;0.5
ESP;1967;3.5678207;2.3723476;3.6146574;2.8443304;32798.888;5564.4148;0.189462732;0.5
ESP;1968;2.691683;2.8786825;3.3363458;3.404144;33205.585;5829.7844;0.214860158;0.5
ESP;1969;4.5975889;6.0466617;3.9196689;4.4235138;33552.639;6304.4013;0.228007342;0.506368996
ESP;1970;1.5945416;0.38135547;2.3685578;1.8672349;33878.187;6442.1538;0.240874146;0.516885069
ESP;1971;2.7592678;2.1616532;3.2763683;3.0797623;34216.856;6701.1612;0.237029253;0.525125586
ESP;1972;5.8989611;6.9500893;5.1203073;5.6420355;34595.886;7312.4845;0.252414797;0.528240701
ESP;1973;5.1230903;5.735184;4.3791323;4.9892723;34980.317;7883.2188;0.265005361;0.525125586
ESP;1974;2.6103751;4.4709984;2.8972465;4.0384941;35363.89;8391.738;0.317388963;0.516885069
ESP;1975;0.94516449;0.080707647;1.6765127;1.3358111;35750.033;8549.3572;0.28955982;0.506368996
ESP;1976;2.549225;1.5764158;1.7681435;1.2279492;36127.525;8841.1913;0.311103321;0.5
ESP;1977;0.22753014;0.40598433;0.34491754;0.34861854;36506.811;9036.5986;0.301310261;0.5
ESP;1978;0.3590479;-0.05973859;0.096226872;0.089117125;36868.1;9193.4091;0.286786087;0.5
ESP;1979;-1.3970633;-0.98634262;-0.92558724;-0.60588943;37194.315;9266.6762;0.295009866;0.5
ESP;1980;-0.22313903;0.58414497;-0.82028588;-0.43483231;37493.072;9488.3771;0.336577836;0.5
ESP;1981;-3.2791309;-2.5893322;-2.0294488;-1.3386399;37764.458;9411.9074;0.374166874;0.5
ESP;1982;-2.0067356;-0.70504539;-1.7359691;-0.6861839;37987.108;9513.6399;0.383658878;0.512737991
ESP;1983;-1.4781482;-0.41740469;-1.1519552;-0.43798355;38160.263;9644.1727;0.418702006;0.546508128
ESP;1984;-1.9505383;-1.2950478;-0.93622667;-0.5978353;38325.244;9691.0692;0.434047284;0.596759299
ESP;1985;1.7933889;0.86040681;1.0116966;0.92076074;38467.025;9950.3746;0.43028763;0.653240701
ESP;1986;1.6844367;1.8750121;1.648504;1.8791847;38571.941;10320.804;0.371258842;0.703491872
ESP;1987;4.0995795;4.769183;3.1783482;3.8487908;38682.322;11019.373;0.378788837;0.737262009
ESP;1988;3.3357404;4.2079316;3.3813235;3.9828937;38764.307;11699.377;0.379427521;0.75
ESP;1989;4.1043819;4.3257389;3.3483298;3.8851022;38821.377;12435.985;0.38307192;0.75
ESP;1990;2.2283148;2.7740876;2.3160242;2.5376486;38860.827;13015.443;0.36169051;0.75
ESP;1991;1.3943767;1.2128274;1.2024161;1.1654294;38941.622;13410.879;0.358458049;0.75
ESP;1992;0.41302835;-0.73774144;-0.054451997;-0.56610959;39147.94;13551.404;0.362358706;0.75
ESP;1993;-4.0183761;-3.9356329;-1.883521;-1.7481699;39356.082;13262.43;0.373444549;0.75
ESP;1994;-0.82604731;0.45423872;-0.7079512;0.091891882;39547.353;13562.098;0.41857414;0.75
ESP;1995;-0.098874696;1.4397594;-0.10470245;0.96670926;39718.895;14005.89;0.448302662;0.75
ESP;1996;0.51764317;0.45403246;0.46268382;0.6849343;39884.246;14322.327;0.463284234;0.762737991
ESP;1997;0.92083417;1.5149289;1.1872704;1.5822259;40049.974;14802.118;0.512922523;0.796508128
ESP;1998;2.4590814;2.3623594;1.9642433;2.0202866;40214.066;15428.173;0.528642233;0.846759299
ESP;1999;2.9115844;2.497395;2.3929076;2.2623907;40369.667;16102.436;0.547380518;0.903240701
ESP;2000;2.4716824;2.9238269;2.0180322;2.2837997;40554.387;16877.986;0.602378337;0.953491872
ESP;2001;1.6707745;1.6190621;1.477907;1.2920905;40766.049;17461.565;0.580741586;0.987262009
ESP;2002;-0.11533906;-0.47265039;0.42944184;0.18334128;41423.52;17691.372;0.549828637;1
ESP;2003;-0.98935372;-0.45252084;-0.077947068;-0.039106458;42196.231;17927.811;0.531113716;1
ESP;2004;0.90165469;-0.17292466;0.4196584;-0.097890018;42859.172;18218.277;0.542124631;1
ESP;2005;0.61583235;0.034805194;0.28794631;0.024868066;43662.613;18551.947;0.543351036;1
ESP;2006;0.62624811;0.67477504;-0.037390641;-0.064319209;44360.521;19013.017;0.55659273;1
ESP;2007;-0.20293579;-0.019123169;-1.1466215;-0.78933041;45236.004;19350.805;0.574064565;1
ESP;2008;-3.7786016;-2.2477274;-3.0885861;-2.3755955;45983.169;19260.534;0.557579341;1
ESP;2009;-5.9985157;-6.2209551;-3.8423251;-3.9047289;46367.55;18423.922;0.464972031;1
ESP;2010;-1.662195;-2.2129612;-2.9355894;-2.9271936;46562.483;18344.351;0.523435729;1
ESP;2011;-4.2630411;-3.1677678;-3.8346448;-3.1969708;46736.257;18091.557;0.580860928;1
ESP;2012;-5.1836508;-4.9812788;-4.0070486;-3.671143;46766.403;17521.592;0.599311416;1
ESP;2013;-4.3163141;-3.2032872;-3.113619;-2.2442036;46591.857;17273.999;0.611796122;1
ESP;2014;0.3199404;0.014808804;-0.57674575;-0.5806735;46455.123;17586.858;0.629964734;1
ESP;2015;1.5564757;1.813397;0.37680962;0.25979234;46410.149;18230.34;0.636103956;1
ESP;2016;1.3428542;1.2912273;-0.016045624;-0.048350111;46450.439;18798.948;0.628760096;1
FIN;1875;3.4669405;-1.334677;1.1069309;-0.91804644;1912.647;1211.1848;0.449263828;nan
FIN;1876;-1.8602204;1.8789317;-1.3549646;-1.0401843;1942.656;1259.2427;0.427264239;nan
FIN;1877;-4.291219;-5.9528831;-2.7436354;-3.8352031;1971.431;1211.2003;0.454948871;nan
FIN;1878;-5.5329814;-5.4764029;-3.4272223;-3.6909878;1994.573;1172.7665;0.44685612;nan
FIN;1879;-1.8779324;-2.6047494;-2.4129185;-3.0589196;2032.669;1167.4042;0.445252052;nan
FIN;1880;-2.6798483;-3.0338851;-2.0491044;-2.8377313;2060.782;1154.8266;0.507936508;nan
FIN;1881;-4.3503521;-6.0750539;-1.4367184;-2.6734202;2082.643;1110.0579;0.506094998;nan
FIN;1882;8.2296118;6.0566409;2.3443906;1.3845262;2113.302;1202.8861;0.529319166;nan
FIN;1883;-0.83174605;0.17568223;-0.53280123;-0.46408424;2146.395;1229.8075;0.483776957;nan
FIN;1884;-2.471197;-3.0627352;-1.5604996;-1.3794797;2180.547;1219.3424;0.467273087;nan
FIN;1885;-4.4274778;-1.0835373;-1.9721684;-0.69353628;2208.518;1231.2287;0.400443012;nan
FIN;1886;2.198759;1.5694093;0.10102169;-0.037612951;2238.572;1275.5018;0.361794977;nan
FIN;1887;0.01163063;-1.9542121;-0.46996914;-0.87399851;2278.14;1275.5374;0.377631036;nan
FIN;1888;-2.3497529;-0.12840122;-1.190197;-0.32808165;2314.179;1302.2875;0.399566332;nan
FIN;1889;0.1480487;-0.13864256;-0.48788774;-0.25261065;2347.702;1326.5877;0.420060466;nan
FIN;1890;1.6329768;2.1092137;-0.63064355;-0.17356373;2380.14;1381.0402;0.391333557;nan
FIN;1891;-4.6105369;-4.3434438;-3.3668801;-2.877623;2408.3;1350.3901;0.399267399;nan
FIN;1892;-10.285942;-7.5638021;-4.7055661;-3.2632073;2422.5;1279.8854;0.390757675;nan
FIN;1893;1.3664022;2.4974799;0.40016035;0.7843289;2436.7;1340.9012;0.389715395;nan
FIN;1894;6.1018415;2.3401393;3.5155288;1.7401021;2465.7;1399.4225;0.430092375;nan
FIN;1895;5.6448305;4.2908274;4.252301;2.8302723;2499.9;1492.3963;0.441101249;nan
FIN;1896;2.354496;2.9757795;2.7932853;2.3101212;2530.9;1569.9412;0.45990566;nan
FIN;1897;4.4973484;1.3762317;3.2495618;1.2191924;2567.5;1624.1946;0.466624764;nan
FIN;1898;1.7418998;0.75940579;1.287491;-0.29055852;2610.3;1668.1978;0.476136104;nan
FIN;1899;-4.1636538;-5.8997736;-1.0927012;-2.5614686;2635.3;1606.9893;0.482136932;nan
FIN;1900;5.3121964;1.7516853;1.0786685;-0.70245754;2655.9;1668.4803;0.482687552;nan
FIN;1901;-7.9277072;-4.1523648;-3.9688942;-2.6687692;2678.5;1636.1781;0.426406697;nan
FIN;1902;-4.0098814;-4.8358348;-1.6467344;-2.1088722;2693.9;1591.3034;0.474267101;nan
FIN;1903;6.3248078;3.7408858;1.8733937;0.79013252;2717.1;1685.7894;0.474649832;nan
FIN;1904;-2.3270059;0.67191331;-0.61895801;0.03690588;2751.9;1730.9868;0.465737167;nan
FIN;1905;-0.079886307;-1.5412821;0.26579363;-0.40276199;2773;1741.8237;0.474868869;nan
FIN;1906;1.8814135;0.92815244;1.1031545;0.23482067;2803.7;1794.3282;0.513130615;nan
FIN;1907;2.6548475;0.2331964;0.41720138;-0.30292729;2838.7;1834.4878;0.525703565;nan
FIN;1908;-4.0285876;-2.4093657;-1.4214044;-0.90468928;2883;1828.9378;0.486126473;nan
FIN;1909;-0.31042757;0.98072316;-0.60571888;-0.10300868;2914.8;1884.3032;0.483683473;nan
FIN;1910;-0.52840616;-0.92041694;-0.61726152;-0.34789867;2943.4;1906.4479;0.50483665;nan
FIN;1911;-0.37132034;-0.35058863;-0.44247411;-0.052919296;2980;1939.1327;0.53957242;nan
FIN;1912;0.76174789;2.1845492;-0.3630131;0.54474106;3015.5;2022.4019;0.530117477;nan
FIN;1913;1.6961006;2.2671894;-1.0147518;-0.29794916;3035.8;2110.6706;0.563806601;nan
FIN;1914;-10.194899;-7.4472489;-5.485969;-5.1963476;3069.5;2000.6171;0.422583513;nan
FIN;1915;-2.2733814;-8.3439907;-2.9832281;-6.4431771;3096.3;1881.6776;0.488890175;nan
FIN;1916;2.2483652;-1.4100746;-2.7361469;-5.3274586;3114.2;1893.037;0.606911892;nan
FIN;1917;-15.986506;-20.275663;-12.486366;-14.957257;3134.3;1580.8889;0.445282418;nan
FIN;1918;-28.734108;-16.344216;-17.362287;-10.91658;3115.3;1369.8016;0.13541281;nan
FIN;1919;20.68816;16.961608;10.521495;10.115061;3118;1658.2294;0.39513986;0.5
FIN;1920;1.44409;8.7137934;1.8565244;6.9437093;3147.6;1845.5298;0.47950037;0.5
FIN;1921;1.2631329;0.04029951;2.5449264;2.4941779;3193.2;1884.4527;0.433109589;0.5
FIN;1922;7.2528969;6.8213233;5.2247488;5.6242702;3227.8;2058.0143;0.476977868;0.5
FIN;1923;4.3665088;4.0833292;3.1651753;3.2455087;3258.6;2186.7993;0.473534554;0.525475982
FIN;1924;-2.2378368;-0.38941779;-0.30049458;1.0360552;3286.2;2224.0437;0.481337554;0.593016257
FIN;1925;-1.612999;2.5496642;-0.19098487;2.2367132;3322.1;2328.1949;0.511278265;0.693518599
FIN;1926;3.6269683;0.67419457;2.2526109;1.5227019;3355.2;2391.8089;0.49946758;0.806481401
FIN;1927;2.4803134;4.6300536;2.1605079;3.2295664;3380.6;2557.1176;0.501829998;0.906983743
FIN;1928;6.6326311;3.7002087;2.5972915;2.0603445;3412.1;2707.2353;0.521504727;0.949048035
FIN;1929;-4.1202603;-1.6802307;-3.4117658;-1.1547619;3435.3;2716.8178;0.506442186;0.919721735
FIN;1930;-9.4587358;-4.0221147;-6.9271324;-2.9988484;3462.7;2665.6338;0.441173286;0.85298953
FIN;1931;-9.3719496;-5.3399939;-6.9711124;-3.3709017;3489.6;2580.5972;0.369123801;0.790277898
FIN;1932;-7.5115491;-3.3002262;-4.8522611;-1.4886436;3516;2549.7636;0.37478129;0.746256957
FIN;1933;2.4611871;3.8044106;1.1095388;2.3743481;3536.6;2701.6446;0.398508732;0.728967854
FIN;1934;7.5147419;8.0611926;4.0157544;4.7474892;3561.6;2988.3742;0.419016052;0.737262009
FIN;1935;1.077447;1.3992989;2.5197253;2.6962699;3589.6;3092.6619;0.41959311;0.75
FIN;1936;4.6628709;3.7706174;4.091738;3.1787947;3612.4;3278.7759;0.446623705;0.746815502
FIN;1937;7.4148616;2.7971048;4.4299529;2.1643119;3640.2;3441.1795;0.521242082;0.73518847
FIN;1938;2.1255322;2.1949532;0.26528597;0.079957856;3672.1;3589.4437;0.442091115;0.710998645
FIN;1939;-7.4778574;-7.2856302;-6.9024571;-4.3523493;3699.7;3407.6978;0.408278902;0.67268847
FIN;1940;-19.581104;-7.8362444;-12.704756;-4.4019344;3695.617;3220.4154;0.280885297;0.621815502
FIN;1941;-5.0474353;1.1245258;-5.7609297;-0.78542976;3707.815;3322.211;0.273464392;0.5625
FIN;1942;-3.5281956;-2.2335601;-3.1154985;-0.57321465;3708.801;3327.1734;0.269182281;0.5
FIN;1943;4.4158956;8.6684834;0.31654574;3.058059;3732.532;3696.7259;0.256015015;0.4375
FIN;1944;-10.538052;-2.4479128;-3.6192106;-1.701232;3737.096;3684.5799;0.161145664;0.375
FIN;1945;12.08419;-8.7173647;6.7251821;-3.7647461;3778.89;3449.516;0.082634952;0.3125
FIN;1946;4.1170438;4.4584559;4.1039173;1.67989;3833.072;3682.9916;0.216301612;0.25
FIN;1947;4.834525;-1.181776;5.371338;0.15559441;3885.284;3716.845;0.309998373;0.1875
FIN;1948;7.9966037;4.1773256;6.5202026;2.9340061;3937.84;3957.195;0.299502316;0.128184498
FIN;1949;1.8776109;2.7254826;3.2813563;2.2932546;3987.996;4143.2576;0.297140321;0.07731153
FIN;1950;5.839065;0.6365157;5.3200966;1.6521353;4029.803;4253.2864;0.31178344;0.039001355
FIN;1951;4.465866;5.1538967;3.7821919;3.2647499;4064.727;4571.1956;0.428887184;0.01481153
FIN;1952;2.9569537;0.29618957;2.1779861;0.95652947;4116.228;4674.4897;0.409488217;0.009553493
FIN;1953;-5.2134459;-2.4302055;-1.6658442;-0.25028463;4162.609;4651.6403;0.310904096;0.023254064
FIN;1954;3.5759428;5.222317;2.3480936;2.9702712;4211.191;5001.5525;0.34149143;0.04837965
FIN;1955;5.0454734;1.6734506;3.00058;1.6446397;4258.571;5196.8169;0.357974188;0.07662035
FIN;1956;1.0152077;-0.28367668;0.090918782;0.42373653;4304.832;5295.3266;0.342918446;0.101745936
FIN;1957;-5.0435372;1.8114684;-2.9635986;1.2294559;4343.19;5490.0555;0.361497964;0.118631004
FIN;1958;-5.61215;-2.5636577;-2.4479826;-0.34875955;4376.314;5474.3337;0.365175662;0.125
FIN;1959;4.1281601;3.0359866;2.2650444;2.7183391;4413.046;5753.5213;0.376742715;0.125
FIN;1960;5.0900896;5.9790722;3.9591131;4.3847875;4446.222;6230.3594;0.405440651;0.125
FIN;1961;4.6155933;4.8039094;4.0327463;3.6585727;4475.787;6657.9183;0.384721446;0.125
FIN;1962;3.1155957;0.17803439;3.1568118;1.341933;4507.098;6818.9666;0.379521998;0.125
FIN;1963;1.5649509;0.32377777;2.0931598;1.0770612;4539.519;6993.9949;0.353357344;0.125
FIN;1964;2.7666048;2.5775783;2.5412127;2.0777414;4557.567;7306.7338;0.371567961;0.131368996
FIN;1965;3.0411702;2.7643694;2.5260116;1.8931215;4569.896;7669.6002;0.369116134;0.148254064
FIN;1966;0.075465161;-0.18152088;0.38273033;0.52504821;4591.842;7824.4979;0.362168022;0.179748645
FIN;1967;-0.52612896;-0.39611027;0.18959605;0.3144042;4619.645;7946.5989;0.352018901;0.224874414
FIN;1968;-2.4607436;-0.13828094;0.12716076;1.3275944;4633.292;8092.9971;0.378331375;0.275125586
FIN;1969;8.171224;7.143763;5.1656907;4.8835989;4614.277;8877.5754;0.411105031;0.320251355
FIN;1970;5.5734952;5.4126806;4.2865626;4.373314;4598.336;9576.8693;0.453798815;0.358114931
FIN;1971;-0.53816581;-0.044484238;1.7660652;1.941701;4625.912;9764.6984;0.430420296;0.391885069
FIN;1972;5.4211858;4.7201482;4.2880714;3.9378726;4653.401;10447.54;0.429656785;0.42337965
FIN;1973;3.1654448;3.7748174;2.1977694;2.8372648;4678.761;11085.105;0.437286786;0.45162035
FIN;1974;-0.83050827;0.46272194;0.22094756;0.50565106;4702.387;11361.296;0.514716332;0.476745936
FIN;1975;0.59053793;-1.3194868;-0.010306254;-0.86236299;4720.492;11441.303;0.447006758;0.493631004
FIN;1976;-1.2272822;-2.1061002;-0.76888725;-1.3818221;4730.836;11358.404;0.432888265;0.5
FIN;1977;-3.0135714;-2.020407;-1.6296417;-0.99667977;4746.967;11354.529;0.458167962;0.5
FIN;1978;-0.3350359;0.21649567;-0.10544091;0.67257245;4758.088;11558.901;0.453224582;0.5
FIN;1979;3.108266;4.438062;1.3754977;2.4700729;4771.292;12331.547;0.507123916;0.5
FIN;1980;0.51946885;2.622592;0.31978986;1.673433;4787.778;12948.958;0.554492425;0.5
FIN;1981;-1.2276091;-1.2338317;0.041265353;-0.019990793;4812.15;13134.057;0.536774954;0.5
FIN;1982;1.9124264;0.36154116;1.1361648;0.42973881;4841.715;13484.753;0.501754414;0.5
FIN;1983;0.50831872;0.25253988;0.69019965;0.23767258;4869.858;13766.872;0.496997726;0.5
FIN;1984;0.43236028;0.40516315;0.52363893;0.43403499;4893.748;14106.717;0.489133139;0.5
FIN;1985;1.0247387;0.75915848;1.0171784;0.79677295;4910.664;14522.063;0.477707609;0.506368996
FIN;1986;0.94788357;0.21073445;1.2378946;0.54043843;4925.644;14819.459;0.429398705;0.52962306
FIN;1987;2.4246929;1.1429467;2.1044916;1.0149004;4938.602;15382.232;0.41785117;0.578002709
FIN;1988;2.9036852;2.6154357;1.8341639;1.5699355;4954.359;16087.913;0.405427145;0.648254064
FIN;1989;2.8263706;2.8994829;0.83235587;0.67648664;4974.383;16945.693;0.401825961;0.726745936
FIN;1990;-3.6964346;-2.473632;-2.9748855;-2.6349319;4998.478;16866.375;0.377643656;0.796997291
FIN;1991;-6.5370135;-9.1055569;-5.0261056;-5.821773;5029.002;15767.888;0.349259615;0.851745936
FIN;1992;-6.7588103;-6.4443036;-5.2462639;-4.8286124;5054.982;15136.115;0.401203619;0.891885069
FIN;1993;-6.4399122;-3.4733472;-4.2475947;-2.7286205;5077.912;14942.828;0.465404482;0.92337965
FIN;1994;-0.054918267;1.0375584;-0.81987136;-0.22715619;5098.754;15424.269;0.509021532;0.95162035
FIN;1995;3.4189012;1.4266986;1.3394018;0.7335547;5116.826;15976.988;0.519766892;0.976745936
FIN;1996;1.1369931;1.2593755;1.0460069;1.4095188;5132.32;16496.669;0.540610779;0.993631004
FIN;1997;0.97488696;3.5818272;1.1500185;2.660272;5147.349;17472.304;0.567777429;1
FIN;1998;1.791645;2.7518112;1.4479251;2.3982929;5159.646;18306.525;0.563580616;1
FIN;1999;1.2154287;1.5350182;1.0386646;1.9434573;5171.302;18981.003;0.543137813;1
FIN;2000;0.60910047;2.6243794;0.51445748;1.9027432;5181.115;19950.892;0.633503086;1
FIN;2001;-0.45404685;0.30978233;-0.1044843;0.49006759;5194.901;20360.392;0.579429742;1
FIN;2002;-0.86904897;-0.68397096;-0.024493173;0.071695308;5206.295;20683.001;0.558748399;1
FIN;2003;1.983798;-0.52801431;1.3506718;0.046243836;5219.732;21053.138;0.548614616;1
FIN;2004;0.92445871;1.4013075;1.1098615;0.58311862;5236.611;21879.093;0.56567624;1
FIN;2005;1.5845282;0.32855802;1.5969253;0.6003499;5255.58;22478.604;0.605155004;1
FIN;2006;3.4180657;1.5201454;1.9951688;0.96727903;5276.955;23434.467;0.676317521;1
FIN;2007;0.28875906;2.5582235;0.18260669;0.53259838;5300.484;24651.34;0.67156699;1
FIN;2008;-1.0488648;-1.8186744;-0.90486538;-2.3824567;5326.314;24694.058;0.660688278;1
FIN;2009;-4.5047093;-11.180476;-2.4645146;-5.6463459;5351.427;22561.74;0.490076435;1
FIN;2010;0.48661469;0.4197369;-0.42735261;-1.5308999;5375.276;23290.483;0.557659011;1
FIN;2011;0.34808159;0.003559984;-0.76340699;-1.7803185;5401.267;23783.247;0.596284519;1
FIN;2012;-2.2160415;-3.9834759;-1.6529289;-3.1300765;5426.674;23331.24;0.58257958;1
FIN;2013;-2.9913457;-3.292857;-2.2588899;-2.9106921;5451.27;23045.852;0.562876378;1
FIN;2014;-1.7316713;-3.1185013;-1.5753901;-2.7149423;5471.753;22796.939;0.553562499;1
FIN;2015;-0.75165959;-2.4091701;-1.2009069;-2.3019945;5487.308;22742.28;0.517037275;1
FIN;2016;-0.54536807;-0.4497349;-1.438267;-1.4658272;5503.297;23162.072;0.493340117;1
FRA;1875;8.5162129;-3.6906137;2.9994354;-2.2199039;38221;2219.0692;0.282425582;nan
FRA;1876;0.004833681;-2.8789627;-0.54368794;-2.4096589;38398;2028.2195;0.30747033;nan
FRA;1877;-7.7924885;-2.0489709;-3.5607514;-2.7290099;38576;2127.4822;0.277719237;nan
FRA;1878;-3.9887547;-7.3997006;-2.5637604;-3.6300588;38763;2091.1263;0.294664317;nan
FRA;1879;0.80534388;-2.6565364;-0.77636891;-1.558754;38909;1953.3068;0.34104676;nan
FRA;1880;-2.8051246;4.2170814;-1.1440267;1.2240353;39045;2120.4302;0.334566492;nan
FRA;1881;2.6788736;4.5865062;1.1450355;1.5706124;39191;2193.6402;0.317958783;nan
FRA;1882;5.3095152;1.713468;1.2397821;-0.2541048;39337;2288.3455;0.301472172;nan
FRA;1883;-5.6379385;-6.0726138;-2.8797188;-3.6248294;39472;2287.8401;0.303050325;nan
FRA;1884;-6.0969319;-7.0060763;-3.1072822;-4.6721396;39629;2253.254;0.290999193;nan
FRA;1885;0.54410655;-4.616068;-0.96712442;-3.6263444;39733;2207.3547;0.285896414;nan
FRA;1886;-1.4200609;-2.9175687;-1.2604068;-2.6403308;39858;2236.683;0.295607706;nan
FRA;1887;-2.0255118;-0.80611969;-0.44962736;-1.2960774;39889;2249.4339;0.289214127;nan
FRA;1888;6.0533733;0.68174018;1.558474;-0.510997;39920;2269.4039;0.286326117;nan
FRA;1889;-5.3145843;-1.3165766;-1.6043106;-0.48693027;40004;2322.4284;0.29245971;nan
FRA;1890;0.76933757;1.9907141;0.37276662;0.48474555;40014;2376.0124;0.283116704;1
FRA;1891;2.5142586;-0.53523991;0.96141323;-0.33195397;39983;2432.0611;0.284272613;1
FRA;1892;1.8924973;0.47028742;0.53906646;-0.37522406;39993;2492.8715;0.266534253;1
FRA;1893;-1.5386146;-5.4689695;-1.6083273;-1.2913746;40014;2534.8947;0.251856062;1
FRA;1894;-4.6140655;7.6667303;-2.9563229;2.1163155;40056;2626.0234;0.243874965;1
FRA;1895;-5.6094825;-3.6868184;-3.5333147;-1.0621858;40098;2569.2218;0.261135243;1
FRA;1896;-0.087976496;1.4843625;-1.9641391;0.23342314;40192;2685.442;0.250365116;1
FRA;1897;-6.7917825;-4.5711169;-2.6459868;-1.3119791;40348;2639.2484;0.248290598;1
FRA;1898;5.7625126;4.1113562;1.3489318;1.236344;40473;2759.6174;0.250250784;1
FRA;1899;-0.12892706;1.8372438;-0.22893561;0.55228072;40546;2911.4466;0.266218415;1
FRA;1900;-0.20571689;-0.36308722;-0.83962678;-0.99712361;40598;2875.6863;0.26845699;1
FRA;1901;-2.5733362;-6.7089291;-1.8178838;-3.3004725;40640;2826.495;0.270928955;1
FRA;1902;-5.2786603;-2.8811358;-2.4805245;-1.7841445;40713;2775.2904;0.271204517;1
FRA;1903;0.21622483;1.6155544;-0.62531383;-0.008501972;40786;2830.5475;0.267150571;1
FRA;1904;2.1966373;0.29661224;-0.047586947;-0.023202156;40859;2846.7081;0.270720571;1
FRA;1905;-2.8144454;0.84363117;-0.93680635;0.14165622;40890;2894.0203;0.290410959;1
FRA;1906;-0.75075508;-3.0682886;-0.17426644;-0.53162002;40942;2943.2814;0.305826197;1
FRA;1907;4.4674544;6.0913462;1.109828;2.2922559;40942;3070.3295;0.305077308;1
FRA;1908;-3.0920514;-2.0175774;-1.0032745;-0.42734191;41046;3044.9492;0.286422333;1
FRA;1909;2.0650105;1.4733073;-0.51414919;0.21999175;41109;3166.8148;0.298346675;1
FRA;1910;-10.463779;-6.5994235;-3.3297231;-1.5642435;41224;2965.207;0.327711786;1
FRA;1911;9.1282825;8.0669466;2.7297851;3.5281994;41307;3249.5771;0.313668522;1
FRA;1912;-0.2105904;6.3380853;-0.85338707;2.2842023;41359;3514.4934;0.302755267;1
FRA;1913;-2.2982224;-2.4871154;-3.1749902;-3.3501054;41463;3484.7696;0.308668375;0.974524018
FRA;1914;-10.956592;-19.233415;-8.2230974;-11.850257;41476;3236.3362;0.239853213;0.906983743
FRA;1915;-15.181205;-14.355271;-9.4153171;-9.219791;40481;3248.0667;0.276492859;0.806481401
FRA;1916;2.8040003;12.012499;-1.0684318;3.2707819;39884;3463.3308;0.410461247;0.693518599
FRA;1917;-0.88779084;-2.5645456;-1.4543827;-3.6082732;39288;2978.9272;0.515836417;0.593016257
FRA;1918;-5.829049;-17.06704;-1.0342126;-8.4394362;38542;2395.5288;0.406169959;0.525475982
FRA;1919;15.976435;8.1559424;8.4324028;3.6554427;38700;2811.3751;0.483645672;0.5
FRA;1920;2.4100729;4.9928381;3.0392012;2.4370344;39000;3226.921;0.437923032;0.5
FRA;1921;-4.0914332;-6.7473143;0.63918062;-0.46575458;39240;3074.6258;0.318001331;0.5
FRA;1922;13.879733;16.487254;7.035762;9.7933803;39420;3610.3923;0.293338302;0.5
FRA;1923;-5.1465747;2.9322124;-1.0596093;4.7603414;39880;3753.5257;0.337244193;0.5
FRA;1924;0.66176093;8.7489588;0.56088058;6.2559915;40310;4179.4635;0.379827694;0.525475982
FRA;1925;2.1341138;-0.98519185;0.51653466;1.0292854;40610;4166.3782;0.362378753;0.593016257
FRA;1926;-5.8321767;1.7011979;-1.885544;1.0211944;40870;4249.4685;0.36840187;0.693518599
FRA;1927;5.387953;-3.740259;1.7510863;-0.81937825;40940;4153.9705;0.354590714;0.806481401
FRA;1928;-2.4671909;4.0732778;-0.91045219;2.2558386;41050;4431.4653;0.317254343;0.906983743
FRA;1929;2.6123654;6.4904447;0.14984127;2.139347;41230;4709.998;0.312794074;0.974524018
FRA;1930;-4.6423803;-5.1808398;-2.3421774;-3.4299956;41610;4531.5584;0.285396144;1
FRA;1931;-1.3251842;-6.1870148;-1.3337122;-5.1559067;41860;4235.2605;0.243124655;1
FRA;1932;-1.9906759;-10.837625;-1.4438568;-6.6933693;41860;3959.1229;0.185982481;1
FRA;1933;2.2320304;1.2608087;-0.66873938;-1.9613761;41890;4239.1258;0.188570395;1
FRA;1934;-6.4163875;-5.1929743;-3.0229666;-4.2731622;41950;4191.7309;0.178038176;0.961786026
FRA;1935;-0.64971524;-4.1350308;-1.9011285;-3.0530951;41940;4085.9312;0.178414183;0.860475615
FRA;1936;-3.6019656;-0.22931952;-2.4937889;-1.3417264;41910;4243.9981;0.166069877;0.711314351
FRA;1937;-0.78482788;0.65620247;-1.1880045;-1.2635906;41930;4486.6367;0.191282832;0.547683663
FRA;1938;2.4026693;-4.1625711;-0.62377174;-3.2612582;41960;4466.2115;0.185178475;0.409025062
FRA;1939;-8.9138382;2.4271743;-6.8207724;-3.0734687;41900;4793.3105;0.1601547;0.326869739
FRA;1940;-5.7045872;-25.298262;-8.6644422;-15.100931;41000;4042.1679;0.137097787;0.314092249
FRA;1941;-38.544776;-4.9392171;-32.142185;-6.4973497;39600;3309.3819;0.095140557;0.34375
FRA;1942;-24.733272;-0.94714124;-25.290249;-3.6280437;39400;2981.4608;0.120237928;0.375
FRA;1943;-16.049931;-1.8756161;-15.172715;-4.9245833;39000;2860.1412;0.090714189;0.40625
FRA;1944;12.531841;-28.313673;11.668151;-17.138518;38900;2421.7694;0.0627735;0.4375
FRA;1945;26.322496;19.097493;24.120416;13.791645;39700;2573.1416;0.075646696;0.46875
FRA;1946;22.559295;27.293595;21.807826;22.325301;40290;3855.1917;0.174563802;0.5
FRA;1947;9.0754262;3.5903026;9.7125097;6.0844671;40680;4137.8979;0.182935816;0.53125
FRA;1948;5.6286538;9.8479571;5.6752317;9.1774714;41110;4393.3654;0.191714394;0.560907751
FRA;1949;2.7224024;3.6097071;3.3105355;4.2668329;41480;4946.3447;0.194120318;0.586344235
FRA;1950;2.9155485;5.5067545;3.0010256;4.8833337;42518;5185.8507;0.213181368;0.605499323
FRA;1951;5.1063419;3.1120519;4.3600763;2.8454332;42862;5461.1077;0.250768608;0.617594235
FRA;1952;1.6697833;0.070143408;2.1292613;0.68421438;43184;5564.2599;0.206593407;0.623407751
FRA;1953;1.8131084;0.3975995;1.8642034;0.94532123;43495;5683.9407;0.188689065;0.625
FRA;1954;1.6356787;2.6990356;2.0783061;2.5426078;43822;5915.1796;0.188649658;0.625
FRA;1955;3.0135205;3.17811;2.7539835;2.7046431;44218;6198.7878;0.198371146;0.625
FRA;1956;3.4172975;3.0402839;2.728316;3.0175335;44657;6448.4627;0.188565445;0.631368996
FRA;1957;2.294798;3.601314;1.5528423;2.7788235;45152;6761.7824;0.195430183;0.648254064
FRA;1958;-2.0914296;0.6026575;-0.47216645;1.3645136;45654;6855.1715;0.184307315;0.67337965
FRA;1959;-0.34802383;0.47739967;0.40666217;1.5131052;46129;6978.7769;0.197990269;0.70162035
FRA;1960;2.6927903;4.8345101;2.1781905;3.6040728;46584;7397.5829;0.218940978;0.726745936
FRA;1961;3.2958793;2.7668392;3.0205968;2.8136633;47128;7718.4264;0.212238022;0.743631004
FRA;1962;3.8967072;3.1544504;3.4737012;2.9351256;48089;8067.0632;0.202151163;0.75
FRA;1963;4.0125398;1.9487748;3.6978782;2.5586379;48799;8362.6714;0.206653495;0.75
FRA;1964;3.0274977;3.7458978;3.0048369;3.0223959;49357;8819.3367;0.21109528;0.75
FRA;1965;1.6253357;2.1839666;2.2864327;2.3757622;49802;9165.415;0.209942089;0.737262009
FRA;1966;2.493211;2.6937459;2.4141037;2.6271736;50254;9544.1358;0.21545663;0.703491872
FRA;1967;2.698309;2.2382612;2.7043055;2.4362609;50650;9907.1866;0.209480014;0.665978692
FRA;1968;2.0380984;1.8635452;2.4016969;2.4140235;51034;10267.018;0.216291294;0.643267428
FRA;1969;4.1975375;4.4051623;3.418566;3.513485;51470;10885.564;0.241003282;0.643267428
FRA;1970;2.0329137;3.1213438;2.5345341;3.0018691;51918;11410.089;0.260593573;0.665978692
FRA;1971;2.9531056;2.173563;2.9117123;2.4634825;52432;11844.961;0.263973083;0.703491872
FRA;1972;2.6938293;1.8967837;2.645374;2.0123173;52894;12263.546;0.272877822;0.737262009
FRA;1973;3.5675332;2.9349562;2.9720299;2.0386097;53333;12824.424;0.291834838;0.75
FRA;1974;1.3623551;0.82939934;1.6276214;0.65750277;53690;13112.535;0.365521105;0.75
FRA;1975;-0.16152304;-2.3311239;1.1034337;-0.32426709;53955;12957.205;0.312266503;0.75
FRA;1976;3.4945167;2.1789205;2.2396628;1.3443092;54159;13466.386;0.341854052;0.75
FRA;1977;0.73935559;1.139403;1.2569983;1.1220786;54378;13912.704;0.347053916;0.75
FRA;1978;1.8751039;1.2794471;1.5953775;0.9765053;54602;14240.211;0.319875787;0.75
FRA;1979;0.93226051;1.4560142;0.7465324;0.8936018;54836;14634.383;0.342068767;0.743631004
FRA;1980;-0.58234371;-0.30977739;0.10444163;0.090240444;55110;14766.159;0.364254705;0.726745936
FRA;1981;0.10025137;-0.70391387;0.17150534;-0.093601258;55399;14839.907;0.375500515;0.70162035
FRA;1982;1.2042973;0.68858634;0.34866761;0.21056476;55697;15131.641;0.370276854;0.679748645
FRA;1983;-1.0859282;0.11237288;-0.58577206;-0.000470242;55929;15245.114;0.363137154;0.671508128
FRA;1984;-1.1304155;-0.41397464;-0.30167853;-0.093427728;56246;15381.929;0.383631637;0.679748645
FRA;1985;0.14392823;0.006393116;0.32006904;-0.00119668;56490;15530.271;0.380063995;0.70162035
FRA;1986;1.6916127;0.41504679;0.96007626;0.48474992;56725;15833.037;0.332408664;0.726745936
FRA;1987;1.2758137;0.28216605;1.1950685;0.58660736;56989;16157.89;0.33044645;0.75
FRA;1988;1.1526841;2.5061314;0.90595265;1.5255201;57255;16789.573;0.34368157;0.773254064
FRA;1989;0.57611686;1.3183879;0.62572668;1.3008091;57821;17299.701;0.368949396;0.79837965
FRA;1990;0.47410366;0.54881083;0.009126409;0.13395978;58168;17647.005;0.363193253;0.82662035
FRA;1991;-1.2690605;-0.7681187;-0.81819198;-0.30992975;58514;17724.135;0.361315287;0.851745936
FRA;1992;-1.0310286;-0.28723985;-0.94671202;-0.71007009;58859;17879.522;0.346662939;0.868631004
FRA;1993;-2.2880455;-3.1024196;-1.4101257;-1.6088933;59169;17666.018;0.31977056;0.875
FRA;1994;-0.4143956;0.091762416;-0.60943308;-0.19057969;59445;17978.2;0.342141475;0.875
FRA;1995;-0.16468427;0.27320536;-0.34905308;-0.17756788;59712;18261.961;0.360394104;0.881368996
FRA;1996;-0.18024878;-0.83396364;-0.26194831;-0.28872561;59981;18373.418;0.361874859;0.898254064
FRA;1997;-1.2737729;0.28882257;-0.15077487;0.14476897;60254;18690.444;0.394289293;0.92337965
FRA;1998;2.0281438;1.5039968;1.2425735;1.1078059;60535;19233.286;0.404355461;0.95162035
FRA;1999;1.6167974;1.2180414;1.21446;0.95262397;60824;19771.392;0.39647083;0.976745936
FRA;2000;1.6823572;1.9023766;1.4408283;1.0871524;61137;20391.877;0.44518286;0.993631004
FRA;2001;0.58515613;-0.25298536;0.61106456;-0.23722473;61479;20648.034;0.436433777;1
FRA;2002;0.097974395;-1.2539135;0.24829814;-0.67722576;61829;20719.526;0.416472156;1
FRA;2003;-0.19878516;-1.440393;0.13658831;-0.8866136;62171;20789.047;0.401171645;1
FRA;2004;0.54488527;0.10154905;0.31919043;-0.30017568;62534;21193.4;0.409527285;1
FRA;2005;0.22234926;-0.75274603;0.1531969;-0.52652278;62912;21450.001;0.424223913;1
FRA;2006;0.37597164;0.055613877;-0.13612409;-0.42442837;63293;21841.592;0.445462437;1
FRA;2007;-0.88151367;0.12098346;-0.65009603;-0.63858947;63682;22202.173;0.442780141;1
FRA;2008;-1.5195733;-1.9581176;-1.019298;-2.0133149;64058;22057.35;0.45057509;1
FRA;2009;-1.3006579;-5.0943167;-0.94954311;-2.6737682;64399.244;21244.207;0.3834654;1
FRA;2010;-0.089741964;-0.14180482;-0.72840034;-1.0896756;64707.498;21477.477;0.424925231;1
FRA;2011;-1.4297993;-0.020105676;-1.3721386;-0.95505611;65021.937;22268.372;0.45308952;1
FRA;2012;-2.1223153;-1.8958188;-1.4626182;-1.3947776;65337.407;22610.446;0.45727478;1
FRA;2013;-1.4420919;-1.5344174;-1.1799579;-1.4058531;65669.373;22991.207;0.442201795;1
FRA;2014;-1.1535802;-1.1551068;-1.2676581;-1.1438028;66009.586;23503.817;0.434143273;1
FRA;2015;-0.44153248;-0.97196677;-0.56284534;-1.1532719;66335.366;23894.297;0.43518881;1
FRA;2016;0.35672077;-0.81536466;-0.55345595;-1.3267185;66604.443;24387.769;0.425648662;1
GBR;1875;-0.94272555;0.21383263;-0.71407622;-0.51582771;32839;3433.6684;0.507193937;nan
GBR;1876;-1.3812245;-1.9030244;-0.87190287;-1.3331029;33200;3430.1604;0.493459989;nan
GBR;1877;-1.1311072;-1.1436862;-0.99121859;-1.4117663;33576;3425.197;0.510481571;nan
GBR;1878;-1.2562244;-3.0647267;-1.4531131;-1.9092292;33932;3402.5006;0.498682208;nan
GBR;1879;-3.7192865;-1.7103;-1.7342449;-0.91393895;34304;3352.5075;0.515937328;nan
GBR;1880;2.8760023;1.3476432;0.11822572;0.33029064;34623;3477.3199;0.55253723;nan
GBR;1881;-2.9256225;1.7956479;-1.2396353;0.72013206;34935;3568.4268;0.541609151;nan
GBR;1882;-0.32671723;0.52058411;-0.36421895;0.001944606;35206;3643.0403;0.544142954;nan
GBR;1883;1.2994441;-1.0379987;-0.031598431;-0.59203379;35450;3643.3103;0.551159254;nan
GBR;1884;-1.7402262;-1.6521419;-1.0903389;-1.1234913;35724;3621.654;0.532699415;nan
GBR;1885;-1.1980386;-2.9229955;-0.81055903;-1.6392094;36015;3573.6808;0.507468551;nan
GBR;1886;-1.5600661;-0.485866;-0.92734898;-0.31051411;36313;3600.0241;0.486617269;nan
GBR;1887;1.5990761;1.3818101;0.21443698;0.60807106;36598;3713.1507;0.485413893;nan
GBR;1888;-0.73352667;1.9145724;-0.32531231;1.368816;36881;3849.0978;0.498133911;nan
GBR;1889;-0.043286238;3.558823;-0.014472906;1.4641709;37178;4023.7664;0.512474443;nan
GBR;1890;-0.28713807;-1.6269763;-0.049075411;-0.98472013;37485;4008.7886;0.503622817;1
GBR;1891;1.9897379;-2.8565709;0.37163084;-2.0464145;37802;3975.1717;0.497554418;1
GBR;1892;-2.6512786;-4.7418895;-1.2475166;-2.5653806;38134;3846.3197;0.49115234;1
GBR;1893;-1.8230099;-2.4960623;-0.66275682;-1.0333573;38490;3810.7445;0.467105789;1
GBR;1894;1.7244459;5.2808175;0.64064761;1.9398286;38859;4028.8928;0.443326273;1
GBR;1895;0.19569517;0.64905915;0.34193848;0.6201267;39221;4117.7008;0.445763449;1
GBR;1896;1.799156;1.0750365;0.72300615;0.73246404;39599;4248.5639;0.456191024;1
GBR;1897;-1.7357676;-1.7116302;-0.29030573;-0.013416215;39987;4263.5122;0.4458754;1
GBR;1898;1.8692648;2.8536696;0.82782382;1.3120034;40381;4427.7241;0.434268877;1
GBR;1899;1.03203;2.1209302;0.061209743;0.45512687;40773;4566.9517;0.432717847;1
GBR;1900;-2.5121161;-3.8211661;-1.2077381;-1.6100722;41155;4491.8142;0.449387792;1
GBR;1901;-0.32313746;-1.227601;-0.81022688;-1.0985076;41538;4450.3976;0.443966932;1
GBR;1902;-1.6162851;-0.43916466;-1.167961;-1.1670985;41893;4525.2809;0.444515891;1
GBR;1903;-1.7667622;-3.8255269;-1.4358674;-2.147019;42246;4439.6163;0.463888698;1
GBR;1904;-0.72164915;-1.1758062;-1.0086703;-0.88483059;42611;4427.944;0.473542218;1
GBR;1905;-1.6167287;1.5229289;-1.2797131;0.00371535;42981;4520.4758;0.48375454;1
GBR;1906;-0.4764513;0.12660939;-0.79799572;-0.37747658;43361;4631.0854;0.51049153;1
GBR;1907;-0.87564272;-0.13561645;-1.220983;-1.0516372;43737;4678.5787;0.534848378;1
GBR;1908;-2.5541646;-6.266856;-1.7958698;-2.7432465;44124;4449.1916;0.5044958;1
GBR;1909;-1.7672088;0.43846206;-1.3691009;-0.35461199;44520;4510.5232;0.516027931;1
GBR;1910;-0.57220804;0.15396608;-0.70795164;-0.21846528;44916;4610.78;0.549912455;1
GBR;1911;0.88784682;1.2675204;0.044295579;0.53264548;45268;4708.8999;0.539670248;1
GBR;1912;-1.0281087;-0.49117944;-0.45930774;0.23661966;45426;4761.7473;0.560501718;1
GBR;1913;1.7760824;2.1027368;0.10664784;1.2560169;45649;4920.5459;0.564479221;0.987262009
GBR;1914;-1.7414995;0.011237445;-1.4941113;0.89090211;46049;4926.5821;0.493269394;0.953491872
GBR;1915;0.22306056;4.1617408;-2.0418573;2.1763627;46340;5288.2658;0.457728644;0.903240701
GBR;1916;-10.437923;0.14022942;-6.7446528;0.14737674;46514;5384.3804;0.471739388;0.834021308
GBR;1917;-9.6833279;-0.89736727;-6.0029841;-0.73271129;46614;5421.0162;0.390457326;0.75
GBR;1918;-2.1503867;0.80525652;-1.0317943;-1.991552;46575;5459.3146;0.337127946;0.665978692
GBR;1919;12.249998;-11.733803;5.0410844;-7.6590361;46534;4870.4079;0.449712584;0.596759299
GBR;1920;-1.70834;-10.175112;-0.46469709;-7.2283857;46821;4547.9136;0.577171409;0.546508128
GBR;1921;-1.465186;-3.6616502;0.053925408;-3.3011369;44072;4439.1513;0.400139455;0.512737991
GBR;1922;1.5242141;2.9460404;0.83106017;0.67437146;44372;4636.9352;0.427193206;0.525475982
GBR;1923;1.0752527;1.2322925;0.75229524;0.86739172;44596;4759.7096;0.468590784;0.593016257
GBR;1924;0.29167491;1.999513;0.37593249;1.279071;44915;4920.942;0.505194904;0.693518599
GBR;1925;0.6696509;3.0295623;0.34640577;1.2389305;45059;5144.4945;0.494079307;0.806481401
GBR;1926;-2.0371243;-5.595435;-0.53247723;-1.3922406;45232;4936.1136;0.460516353;0.906983743
GBR;1927;2.1360621;6.0144266;0.83074887;2.3651928;45389;5314.9382;0.441319471;0.974524018
GBR;1928;-0.10705431;-0.56513358;0.068848667;0.059157669;45578;5356.9653;0.43974333;0.974524018
GBR;1929;0.47166331;1.3148731;0.15298428;0.085697997;45672;5503.3181;0.435017667;0.919721735
GBR;1930;-0.226218;-2.5762155;-0.23520209;-2.2175777;45866;5440.8625;0.364161502;0.85298953
GBR;1931;-0.69379399;-7.1586896;-0.64617569;-3.6995212;46074;5138.4159;0.299870909;0.790277898
GBR;1932;-2.5302955;-1.1810191;-0.96967654;-0.93812641;46335;5148.2533;0.261656667;0.746256957
GBR;1933;0.80243676;1.0992582;0.2919335;0.72839594;46520;5277.4607;0.251751094;0.728967854
GBR;1934;1.2408889;4.6495087;0.58549729;2.6483074;46666;5607.508;0.262704274;0.737262009
GBR;1935;0.98119762;1.9405992;0.66340949;2.0898274;46868;5799.0053;0.277526265;0.75
GBR;1936;1.1209518;2.6107975;0.55328253;2.0963599;47081;6035.1685;0.271371188;0.748407751
GBR;1937;-0.06413504;1.6393779;-0.34859557;1.329758;47289;6217.6185;0.30341297;0.742594235
GBR;1938;-0.97923501;-0.64928711;-1.4366731;0.47294719;47494;6266.4516;0.265946107;0.730499323
GBR;1939;-1.8093254;-1.4301141;-3.0751703;0.88458847;47991;6262.401;0.22727919;0.711344235
GBR;1940;-11.758073;7.6894779;-7.3028727;5.0752469;48226;6856.005;0.202103408;0.685907751
GBR;1941;-5.4341202;7.3235481;-4.9346699;4.73339;48216;7481.6764;0.179601779;0.65625
GBR;1942;-2.7733973;0.65105024;-3.4690322;1.3412718;48400;7638.8683;0.120124458;0.625
GBR;1943;-3.3371241;-0.007759633;-2.1782209;-0.8186465;48789;7743.702;0.10670453;0.59375
GBR;1944;1.1870581;-5.9188263;0.93091565;-4.3169973;49016;7405.3919;0.112904785;0.5625
GBR;1945;4.4757032;-6.2257901;3.4892908;-4.7737995;49182;7056.1346;0.120188944;0.53125
GBR;1946;8.484935;-5.9434754;5.1401011;-4.6432627;49217;6745.3401;0.213676151;0.5
GBR;1947;1.1459847;-3.5139717;1.6416464;-2.7087498;49519;6604.4106;0.265112549;0.46875
GBR;1948;-1.3555594;0.50462472;0.048719148;-0.30331605;50014;6745.6359;0.300423253;0.439092249
GBR;1949;-0.32728633;1.2802271;0.19353003;0.44776955;50312;6955.6934;0.317897981;0.413655765
GBR;1950;1.6333124;2.0850186;0.24678422;1.2966897;50127;6939.374;0.359823228;0.407238669
GBR;1951;-3.0360605;0.97196462;-1.4146696;0.54254273;50290;7123.3645;0.431788354;0.428913893
GBR;1952;-1.6077878;-1.628879;-0.48888257;-0.13345167;50430;7090.7198;0.375946548;0.473351548
GBR;1953;2.5853076;2.0503667;1.3645074;1.5111829;50593;7345.7988;0.338657009;0.528240701
GBR;1954;2.3715376;2.2998193;1.5631173;1.5518106;50765;7619.2061;0.330648795;0.56575388
GBR;1955;2.304919;1.6625436;1.4921155;0.92017357;50946;7868.1349;0.340711176;0.572122876
GBR;1956;-1.3186658;-0.94210587;-0.095785072;-0.063566095;51184;7928.7473;0.326470167;0.551494765
GBR;1957;0.19043327;-0.23117314;0.59542154;-0.1977169;51430;8017.0134;0.323940487;0.520138949
GBR;1958;1.0121483;-1.5152095;0.9361798;-0.20185056;51652;7965.8096;0.297292651;0.498128479
GBR;1959;2.3192105;2.2153778;1.6389741;1.5192751;51956;8239.7991;0.299532365;0.489483927
GBR;1960;1.5809456;3.0240714;1.198941;1.7065247;52372;8645.2303;0.306595297;0.493631004
GBR;1961;-0.01486641;0.067635108;0.52490869;0.5522673;52807;8856.6667;0.291518098;0.493631004
GBR;1962;-0.088497277;-1.2769804;0.4849775;0.26152633;53292;8865.3832;0.284316091;0.476745936
GBR;1963;2.2286967;2.1904239;1.4615417;1.5425249;53625;9149.1841;0.288953582;0.45162035
GBR;1964;1.1746883;3.2807758;0.77915187;1.862961;53991;9567.965;0.291781594;0.42337965
GBR;1965;-0.86466587;0.15306406;-0.24123257;0.78563204;54350;9751.5363;0.281966672;0.40462306
GBR;1966;-0.10043044;-0.022845015;0.24901437;0.55084584;54643;9885.3101;0.279554364;0.40462306
GBR;1967;0.5588339;0.46928694;0.57165114;0.52694929;54959;10048.891;0.276000977;0.42337965
GBR;1968;1.0301784;2.254238;0.33835034;1.3805304;55214;10409.95;0.308329621;0.45162035
GBR;1969;-1.2682118;0.21598899;-0.03989544;0.54795989;55461;10551.685;0.309703876;0.476745936
GBR;1970;1.1721229;0.51159886;1.1228295;0.81442457;55632;10767.472;0.305338745;0.493631004
GBR;1971;1.3992884;0.11585493;1.7714738;0.72553849;55907;10941.474;0.300016431;0.5
GBR;1972;4.5393881;1.804374;2.7392004;1.6119251;56079;11293.925;0.293913657;0.5
GBR;1973;3.7654965;5.264552;2.0861953;2.6865791;56210;12025.28;0.341730921;0.5
GBR;1974;-2.7668701;-2.7970359;-1.0153497;-0.79532642;56224;11858.904;0.436013744;0.506368996
GBR;1975;-1.4711879;-2.0149841;-0.72104558;-0.6765538;56215;11847.087;0.386926442;0.523254064
GBR;1976;-0.90521732;1.222901;-0.68122698;0.51958169;56206;12114.952;0.42400927;0.567486637
GBR;1977;-1.6885129;1.0106363;-0.25348226;0.69587304;56179;12383.613;0.441080522;0.646382543
GBR;1978;3.821561;1.808087;1.9314976;1.0435768;56167;12827.835;0.413175157;0.746884885
GBR;1979;3.1157078;1.1439959;1.6028138;0.026162225;56228;13167.283;0.411070321;0.848492055
GBR;1980;-1.5566196;-3.6680624;-0.38599241;-1.8294476;56314;12931.491;0.386109249;0.930237808
GBR;1981;-1.517394;-2.9922473;-0.49299535;-1.5315961;56382.6;12747.426;0.368218221;0.980893013
GBR;1982;-0.52611167;0.56508518;0.080367278;0.19311726;56339.7;12954.647;0.372099018;1
GBR;1983;2.5905006;1.9852233;1.3780935;1.0666077;56382.62;13404.467;0.383469401;1
GBR;1984;0.65452605;0.98977523;1.1093223;1.1112645;56462.23;13720.057;0.423310832;1
GBR;1985;2.0299226;1.8025415;2.4201873;1.6442534;56620.24;14164.546;0.419692591;1
GBR;1986;4.7046224;2.1949913;3.7062486;2.0713862;56796.26;14741.816;0.37926934;1
GBR;1987;3.6555111;2.7655398;3.9269332;2.2585347;56981.62;15393.437;0.374704722;1
GBR;1988;5.7148747;3.1776659;4.1267228;2.1946538;57159.6;16109.996;0.357933759;1
GBR;1989;1.7443834;0.4800739;1.7216822;0.65287329;57324.47;16413.723;0.370843048;1
GBR;1990;-0.88242842;-0.92518187;-0.48747842;-0.59153611;57493.31;16429.912;0.362998341;1
GBR;1991;-3.2673027;-3.0829217;-1.6416921;-1.570086;57665.65;16155.292;0.337080625;1
GBR;1992;-1.1560522;-1.5369444;-0.60773598;-0.75310528;57866.35;16133.495;0.340869666;1
GBR;1993;1.1037494;0.56675117;0.54777891;0.38072417;58026.92;16458.296;0.364424401;1
GBR;1994;1.1168316;2.516532;0.73474133;1.3240504;58212.52;17117.942;0.378148345;1
GBR;1995;0.009189294;1.1413279;0.66869944;1.0443977;58426.01;17585.527;0.409831774;1
GBR;1996;2.214403;1.0230532;1.6144376;1.2299093;58618.66;18044.003;0.420143639;1
GBR;1997;1.8214338;1.3390199;1.8293476;1.2515811;58808.27;19115.072;0.406037886;1
GBR;1998;2.0528705;1.5210963;2.039265;1.5141906;59035.65;19724.085;0.375739546;1
GBR;1999;2.8744855;1.1697601;2.5127795;1.2322799;59293.32;20269.482;0.372091581;1
GBR;2000;2.6594332;1.9559208;2.3253767;1.5492018;59522.47;21045.72;0.396596624;1
GBR;2001;1.4096582;0.611346;1.6956834;0.82688897;59723.24;21567.354;0.391800896;1
GBR;2002;1.916715;0.31899856;1.8656681;0.73211344;59912.43;22008.006;0.374048117;1
GBR;2003;1.3386902;1.0331563;1.48347;0.90571092;60094.65;22762.765;0.356030528;1
GBR;2004;1.8270034;1.520109;1.3883627;1.1017691;60270.71;23306.56;0.351584367;1
GBR;2005;-0.15265079;0.67880129;0.20483337;0.43856093;60441.46;23810.432;0.368723965;1
GBR;2006;0.35526656;0.28880515;0.19444929;0.14806969;60609.15;24285.283;0.399994313;1
GBR;2007;0.39654004;0.14822945;-0.3798239;-0.68399838;60776.24;25002.119;0.357412012;1
GBR;2008;-1.2990079;-2.663164;-1.6638892;-2.2164502;60943.91;24602.134;0.393124624;1
GBR;2009;-5.2576428;-6.4368356;-2.855248;-3.4619428;61067.495;23489.355;0.362372764;1
GBR;2010;-1.115983;-0.50600984;-1.6169167;-1.224728;61556.929;23777.156;0.3981772;1
GBR;2011;-2.819521;-0.74197387;-1.9068702;-1.1653694;62071.865;24429.86;0.426243164;1
GBR;2012;-0.42345383;-0.62732159;-0.90739188;-0.68816004;62483.814;25040.379;0.421079678;1
GBR;2013;-0.27099608;-0.040394023;-0.60498861;-0.082886471;62877.127;25768.825;0.409346588;1
GBR;2014;0.030439614;0.8527167;-0.2167628;0.077553461;63358.715;26831.238;0.377165822;1
GBR;2015;0.41234607;0.12140633;0.014695072;-0.17538305;63861.881;27498.911;0.366126147;1
GBR;2016;0.71456402;-0.33808848;-0.022967081;-0.53345642;64389.568;28120.379;0.376725338;1
ITA;1875;-0.035905643;-1.909934;-0.47008062;-1.5639959;28630;1550.1201;0.249667501;nan
ITA;1876;-1.0429867;-4.2175483;-1.0851544;-2.2323747;28837;1512.2266;0.28254374;nan
ITA;1877;-1.4944547;-1.4622272;-1.467698;-1.1007578;29067;1521.9254;0.206895964;nan
ITA;1878;-2.9463859;1.7262943;-2.3146583;-0.029859907;29252;1559.9755;0.214191276;nan
ITA;1879;-2.8750565;-1.716822;-2.3772415;-0.88115562;29425;1564.482;0.254063216;nan
ITA;1880;-2.4255602;-0.021859553;-2.3062069;-0.15355485;29534;1588.9143;0.236849007;nan
ITA;1881;-0.56334932;0.8710076;-1.7718459;0.014854643;29672;1636.9054;0.253853926;nan
ITA;1882;-4.7919744;-0.52711666;-2.8242031;-0.47270597;29898;1656.9591;0.243858632;nan
ITA;1883;-0.8261945;-0.54117086;-1.2179022;-1.0719363;30113;1672.1133;0.252466398;nan
ITA;1884;-1.0198454;-3.8110349;-1.1313733;-1.9556252;30366;1646.7811;0.245847757;nan
ITA;1885;2.1321631;-0.52009444;-0.27590077;-0.62816058;30644;1671.1025;0.247950292;nan
ITA;1886;-5.0264204;0.95208992;-2.7985804;-0.29523411;30857;1707.576;0.22589832;nan
ITA;1887;-0.085319169;-0.27789813;-1.4368976;-0.95590424;31049;1750.8449;0.251135307;nan
ITA;1888;-4.7174825;-2.212036;-2.3716137;-2.0531165;31243;1741.7469;0.199089313;nan
ITA;1889;-0.72669666;-5.0373041;-1.005083;-2.9353234;31468;1688.6782;0.206846593;nan
ITA;1890;2.1662074;-0.84109265;-0.083289174;-1.4479424;31702;1689.6598;0.183927834;1
ITA;1891;-1.2183386;-0.43185024;-1.4296392;-1.2500567;31892;1712.2909;0.162857436;1
ITA;1892;-4.1960629;-2.5553523;-2.808313;-1.6952917;32091;1714.2247;0.180841354;1
ITA;1893;-3.3048901;-0.37216606;-2.3823295;-0.95858867;32303;1741.1048;0.188258296;1
ITA;1894;-1.1105771;-1.41392;-1.6082575;-1.3702845;32513;1750.8538;0.189635269;1
ITA;1895;-0.63608038;-1.2416169;-1.0429366;-1.3049727;32689;1765.0318;0.179023647;1
ITA;1896;-0.36129814;-0.95736929;-1.1768119;-1.2385971;32863;1791.422;0.176283308;1
ITA;1897;-3.3902461;-1.7782917;-1.8103895;-1.5502629;33078;1794.3988;0.180489187;1
ITA;1898;-0.16363662;-1.9595951;-0.68924865;-1.4604136;33285;1787.219;0.201507454;1
ITA;1899;-1.1174515;-1.056741;-0.38543523;-0.80537072;33487;1807.0696;0.218969555;1
ITA;1900;2.1994093;0.22748246;0.76862981;-0.35314313;33672;1854.6884;0.221073442;1
ITA;1901;0.035039758;-0.44777035;-0.041574372;-0.46562896;33877;1885.2076;0.221211363;1
ITA;1902;-1.1379481;-0.20590471;-0.50915142;-0.35635281;34166;1915.1352;0.233195409;1
ITA;1903;0.53115392;-0.68363002;-0.034175384;-0.30272028;34436;1932.4915;0.240871642;1
ITA;1904;-1.4073088;0.10019944;-0.50899133;-0.15619373;34715;1966.4352;0.240739195;1
ITA;1905;-0.19629718;0.05105467;-0.012938187;0.10421818;35011;2006.7467;0.257190269;1
ITA;1906;0.71651967;0.99685152;0.57173839;0.41625549;35297;2074.7066;0.274352295;1
ITA;1907;2.9470647;0.072651592;1.6002931;0.12221569;35594;2111.6408;0.279481852;1
ITA;1908;0.65445405;-0.13266426;0.47070811;-0.081799656;35899;2156.2114;0.262989778;1
ITA;1909;-0.087082024;-0.67111497;-0.4987289;-0.60543136;36213;2173.4173;0.272548923;1
ITA;1910;-5.0507363;-1.6848445;-2.0775924;-0.98481423;36572;2175.5176;0.281916051;1
ITA;1911;1.9064266;-0.40823816;0.38989651;-0.11073574;36917;2199.1612;0.26635003;1
ITA;1912;1.03927;0.86303637;0.20500587;0.9569742;37150;2201.3766;0.276432622;1
ITA;1913;-1.1916536;1.8950819;-0.98494301;2.2000729;37248;2304.7928;0.26986641;0.987262009
ITA;1914;-2.5582946;6.9328008;-1.242152;4.3090282;37526;2179.1564;0.237335164;0.953491872
ITA;1915;-0.20411426;-1.1427998;-0.49469978;1.8991532;37982;2069.6937;0.296728557;0.903240701
ITA;1916;0.89015899;9.0176806;-0.36462184;6.6351523;38142;2240.2603;0.329974715;0.846162206
ITA;1917;-3.8790685;4.7604973;-1.2668845;4.2272068;37981;2247.1533;0.345605025;0.793730966
ITA;1918;4.2213866;7.9562368;1.1489898;3.2694623;37520;2190.6681;0.281921188;0.755425237
ITA;1919;-4.1651295;-15.88463;-1.0127633;-10.492345;37250;2102.738;0.30350929;0.735504088
ITA;1920;5.6337825;-12.685031;1.5885737;-8.9079006;37398;2152.7843;0.366238433;0.725965407
ITA;1921;-4.6781146;-0.62345899;-1.5143355;-1.9714094;37691;2079.5;0.283485464;0.71484375
ITA;1922;1.6892051;2.6833671;0.6531519;0.5572806;38086;2231.2318;0.229486212;0.703125
ITA;1923;1.45878;-1.2761366;0.25335842;-1.1527678;38460;2413.7768;0.236218359;0.69140625
ITA;1924;-3.7688003;-2.6632115;-1.5029744;-1.1867608;38810;2456.9803;0.282569808;0.6796875
ITA;1925;1.5047704;2.6047937;0.47454829;0.60934692;39165;2602.3414;0.297548767;0.66796875
ITA;1926;0.52056306;-1.9353654;-0.21027676;-1.0590951;39502;2600.2277;0.283359877;0.65625
ITA;1927;-0.9809748;-1.3169217;-0.4212771;-0.33235501;39848;2530.7029;0.263225989;0.64453125
ITA;1928;-0.095830548;3.6957253;-0.629328;1.2562489;40186;2666.1997;0.26415896;0.6328125
ITA;1929;-0.052875409;0.76797079;-1.3095004;-0.67827315;40469;2777.9896;0.258458448;0.62109375
ITA;1930;-4.5910687;-7.5896631;-3.0558083;-3.7143527;40791;2630.9823;0.237584172;0.609375
ITA;1931;-5.6221288;-0.95175361;-3.2716305;-0.92761363;41132;2578.9047;0.199574412;0.59765625
ITA;1932;0.49236558;1.7826335;-1.3104263;-0.20226127;41431;2615.1749;0.144558242;0.5859375
ITA;1933;-1.0364886;-2.7187029;-1.8249445;-0.98132663;41753;2565.0614;0.154181864;0.57421875
ITA;1934;-3.9392412;-1.1055943;-2.5996873;-0.11297047;42093;2538.0526;0.137207405;0.5625
ITA;1935;-0.4299071;5.703914;-1.5280704;2.7321267;42429;2654.1079;0.122803052;0.55078125
ITA;1936;-5.8223783;0.38066001;-2.7793938;0.97448492;42750;2540.3044;0.106793263;0.5390625
ITA;1937;3.2297705;2.1242015;0.68920938;1.1568308;43068;2772.2738;0.177524983;0.52734375
ITA;1938;0.85092963;-1.6342729;-0.10613478;-0.15601549;43419;2830.1222;0.146990383;0.515625
ITA;1939;-0.72472676;3.8442088;-1.1630445;1.0371337;43865;2980.825;0.136542934;0.50390625
ITA;1940;-1.4944547;-5.2820787;-2.4320197;-3.5537392;44341;2897.0929;0.141035246;0.4921875
ITA;1941;-7.3494645;-4.3307169;-5.5933608;-3.6940397;44734;2822.2566;0.132168775;0.48046875
ITA;1942;-5.7857706;-1.9779623;-6.456381;-3.4970948;45004;2648.295;0.129508082;0.46875
ITA;1943;-15.272825;-7.7882081;-11.07121;-8.0913233;45177;2233.8645;0.054866945;0.45703125
ITA;1944;-1.9011247;-18.266805;-4.3832561;-15.973661;45290;1797.1883;0.051275073;0.4453125
ITA;1945;-10.887019;-26.649569;-6.1823368;-19.717514;45442;1608.6346;0.063618868;0.43359375
ITA;1946;10.869023;20.633967;7.7750179;14.171459;45725;2161.6799;0.072525725;0.421875
ITA;1947;16.816784;11.162145;12.917109;9.2723325;46040;2555.5513;0.13683054;0.41015625
ITA;1948;6.9042939;3.5853012;7.0804388;4.1308634;46381;2735.2586;0.324731429;0.399034593
ITA;1949;1.6065689;0.82231042;2.8347475;2.0226825;46733;2948.367;0.362363958;0.389495912
ITA;1950;0.99915083;3.748182;1.4746596;3.5807928;47105;3171.7021;0.191882832;0.382312754
ITA;1951;1.0502118;3.8052354;1.909097;3.370168;47418;3450.71;0.235895546;0.377777162
ITA;1952;4.4135216;2.5597264;3.5791959;2.7165586;47666;3590.6027;0.21991947;0.375597093
ITA;1953;4.2827713;3.8979869;3.1446175;3.6386915;47957;3829.8209;0.217855426;0.381368996
ITA;1954;-0.70276333;2.1877146;0.78193393;2.5160594;48299;3947.2123;0.209869746;0.398254064
ITA;1955;2.4200339;3.5003338;2.2908928;3.0528532;48633;4189.7355;0.212422869;0.42337965
ITA;1956;2.6824865;2.0118812;2.4037486;2.4044818;48921;4368.0079;0.227052771;0.457989346
ITA;1957;2.9507215;2.9295288;2.7326538;2.7222454;49182;4590.974;0.250588114;0.5
ITA;1958;2.0086801;2.3964239;2.4281009;2.6658727;49476;4822.8831;0.223758298;0.542010654
ITA;1959;2.6582488;3.6539946;2.8951265;3.642015;49832;5130.814;0.226270047;0.57662035
ITA;1960;4.0287817;4.2155587;3.8439103;3.9518121;50197.6;5456.19;0.267124911;0.608114931
ITA;1961;5.175912;4.851348;4.94926;4.1240744;50523.2;5852.6749;0.268072501;0.641885069
ITA;1962;5.5591992;3.4427875;5.4660338;3.5419264;50843.2;6203.0071;0.27147066;0.67337965
ITA;1963;7.2786393;2.8317444;6.0795553;2.6668856;51198.3;6531.86;0.275954658;0.70162035
ITA;1964;1.8277122;0.28663878;2.7678923;0.8883852;51600.2;6727.939;0.263724762;0.726745936
ITA;1965;1.20645;0.30067157;2.2766807;1.3653283;51987.1;6963.9393;0.271465161;0.743631004
ITA;1966;4.5916015;3.487253;4.1672587;3.0407463;52331.6;7366.0233;0.282045297;0.75
ITA;1967;4.8514934;3.4857656;4.2213204;3.2845027;52667.1;7872.3138;0.279547142;0.75
ITA;1968;3.1287885;4.657367;3.5490128;3.9532971;52986.6;8382.4053;0.284161954;0.75
ITA;1969;4.8475929;3.4551147;4.3704596;3.2447297;53317;8879.374;0.302596882;0.75
ITA;1970;3.6972135;2.6275988;3.3285121;2.3351268;53661.1;9366.5963;0.311207597;0.75
ITA;1971;1.7254803;-0.55684428;2.2782134;0.71198879;54005.5;9489.2476;0.314256456;0.75
ITA;1972;1.1997956;0.89762108;1.8641562;1.4053168;54365.56;9795.1263;0.328955817;0.75
ITA;1973;3.5892068;4.9792925;2.3773279;3.0532959;54796.84;10413.55;0.352087239;0.75
ITA;1974;0.88774461;1.769331;0.93466143;0.92977613;55226.26;10913.878;0.421857027;0.75
ITA;1975;-1.8529119;-5.2222165;-0.16297011;-1.4986324;55571.89;10618.982;0.386634553;0.75
ITA;1976;2.3432578;4.5087062;1.5079572;2.2806164;55838.54;11307.664;0.426055763;0.75
ITA;1977;1.1618393;-0.17390736;1.2384649;0.74114686;56059.25;11541.918;0.432495496;0.75
ITA;1978;0.7473204;2.1276435;1.6963484;2.0091617;56240.14;11869.49;0.42685971;0.75
ITA;1979;4.7979838;3.9392897;3.3798844;2.6590943;56367.71;12532.288;0.45206306;0.75
ITA;1980;4.1029594;1.2399673;2.8801226;1.0126574;56451.25;12927.018;0.444234198;0.75
ITA;1981;-0.013850731;-0.84089374;0.5628265;-0.078275533;56502.49;13018.322;0.467954591;0.75
ITA;1982;-0.58947119;-0.76753118;-0.006713689;-0.2129014;56535.64;13064.013;0.449596678;0.75
ITA;1983;-1.719934;-0.74698509;-0.50503199;0.087220278;56630.13;13208.597;0.415286332;0.75
ITA;1984;1.3686052;2.9207162;0.93449727;1.5580072;56696.96;13634.095;0.438442976;0.75
ITA;1985;1.3173519;1.2500975;1.3780437;1.1884383;56731.21;14009.773;0.440485136;0.762737991
ITA;1986;2.5052423;0.36127192;2.0671493;1.1882951;56733.83;14408.105;0.373630254;0.796508128
ITA;1987;2.0881381;2.033918;1.9931799;1.9982122;56729.7;14867.919;0.367386234;0.840390304
ITA;1988;2.4722173;3.6738016;2.2557184;2.5669062;56734.03;15484.703;0.36268825;0.879986637
ITA;1989;2.3452416;2.3806531;1.8891389;1.6594594;56737.53;15996.877;0.382767535;0.905112222
ITA;1990;0.4611846;0.019345584;0.80545868;0.33493598;56742.89;16313.128;0.37925998;0.917010654
ITA;1991;1.1364998;-0.93372578;0.48118273;-0.33611694;56747.46;16562.948;0.353930469;0.921508128
ITA;1992;0.088204062;-0.64932015;-0.37532599;-0.78391186;56840.85;16634.007;0.36366712;0.929748645
ITA;1993;-4.6970574;-2.6843244;-2.3004313;-0.95774034;57026.75;16440.838;0.393324712;0.95162035
ITA;1994;0.020636777;1.0830302;-0.35595957;0.74328706;57179.46;16761.74;0.421406105;0.976745936
ITA;1995;-0.024946091;3.4114087;-0.28195105;1.5823929;57274.53;17216.595;0.475879956;0.993631004
ITA;1996;-0.5797445;-0.91606882;0.1271655;0.31087884;57367.03;17378.12;0.446416789;1
ITA;1997;1.5765027;1.3721365;0.95858497;1.0932266;57479.47;17675.655;0.464929211;1
ITA;1998;1.8699429;1.1057886;1.0427791;1.0043054;57550.32;17908.54;0.470856528;1
ITA;1999;1.0034356;0.96029685;0.8960875;0.93802807;57603.63;18140.516;0.451149057;1
ITA;2000;0.80023873;2.0429725;0.4268401;1.098827;57719.34;18761.372;0.526265118;1
ITA;2001;-0.87582289;0.42510885;-0.68586833;0.26157115;57844.92;19062.44;0.52338173;1
ITA;2002;-1.6360978;-1.1535627;-1.2419231;-0.87847164;57927;19100.471;0.500350515;1
ITA;2003;-1.3022734;-2.2897585;-1.2624446;-1.4394205;57998.35;19006.708;0.481460063;1
ITA;2004;-1.8082043;-1.6572801;-1.4158445;-1.4955783;58057.48;19210.52;0.495115509;1
ITA;2005;-1.6466232;-1.3756595;-1.3954767;-1.3062158;58103.03;19283.733;0.515603658;1
ITA;2006;0.016909036;-0.14318822;-1.1428278;-1.165125;58133.51;19629.606;0.557590472;1
ITA;2007;-1.7848761;-0.87116958;-2.1412764;-1.8344446;58147.73;19841.539;0.57700077;1
ITA;2008;-3.9000516;-3.5477763;-2.903793;-3.223263;58145.32;19460.496;0.574292523;1
ITA;2009;-4.1701648;-7.9230096;-2.9534619;-4.8672673;58490.308;18278.626;0.477913601;1
ITA;2010;-0.60985525;-0.46448027;-2.1063587;-2.1949038;58677.672;18520.425;0.533904119;1
ITA;2011;-1.6783447;-1.4263599;-2.5734533;-2.5936943;58918.448;18934.15;0.555829876;1
ITA;2012;-5.793253;-4.9584007;-4.2495837;-3.7545646;59130.724;18672.046;0.561848797;1
ITA;2013;-5.1416731;-4.7318675;-3.697564;-3.542535;59466.828;18540.251;0.554665898;1
ITA;2014;-2.1520625;-2.633244;-2.0954327;-2.6432896;59735.122;18809.769;0.55759769;1
ITA;2015;0.58275031;-0.7402391;-0.79047027;-1.6056694;59747.898;19158.57;0.568940276;1
ITA;2016;0.18303221;-0.72151432;-0.74726232;-1.5558364;59620.139;19615.696;0.562362439;1
JPN;1875;1.433257;4.4551809;-2.1926247;0.25801287;35436;809.85439;0.086503317;nan
JPN;1876;-1.7975508;-5.6411438;-1.3084114;-2.2675035;35713;784.56024;0.093740628;nan
JPN;1877;0.23376407;-0.14288266;-0.69925917;-1.0176109;36018;802.65423;0.095894968;nan
JPN;1878;-2.8151808;-3.5655242;-0.93941195;-1.7203049;36315;793.74914;0.095399599;nan
JPN;1879;2.6508753;2.7047537;0.98701814;0.27219408;36557;835.40772;0.077226983;nan
JPN;1880;4.0747552;0.87664557;0.58537979;-0.67578706;36807;863.39555;0.085283062;nan
JPN;1881;-6.8768672;-6.5057365;-3.038441;-3.2323395;37112;829.3005;0.075374647;nan
JPN;1882;-1.585991;-0.64820245;-1.8818341;-1.7425284;37414;844.17598;0.086332381;nan
JPN;1883;-4.1671345;-3.280081;-2.4801127;-2.2964568;37766;837.20807;0.087627338;nan
JPN;1884;2.9648084;-2.6237774;-0.37905415;-1.3657108;38138;835.70192;0.082222783;nan
JPN;1885;-8.0364341;0.46020111;-3.2058896;0.33586488;38427;860.12439;0.0768477;nan
JPN;1886;2.8102479;5.2680779;1.3317889;2.0050388;38622;916.44658;0.093616726;nan
JPN;1887;5.5890078;1.073466;2.629354;-0.086376538;38866;951.52576;0.110667124;nan
JPN;1888;-1.1839929;-7.9419834;0.50664979;-3.1063745;39251;899.59491;0.15237105;nan
JPN;1889;3.382366;1.6694543;1.2712435;0.57966574;39688;932.67486;0.145149771;nan
JPN;1890;-5.6846903;5.3333516;-1.5327693;1.4722875;40077;1011.942;0.118469275;1
JPN;1891;5.6047931;-8.1251953;1.8001869;-3.0909619;40380;956.43801;0.132260451;1
JPN;1892;-4.0477398;3.3624026;-0.9560937;0.91792801;40684;1012.6948;0.141041268;1
JPN;1893;4.3408776;-2.921638;1.1388841;-0.63483073;41001;1008.3603;0.152358127;1
JPN;1894;-4.9003592;7.9943115;-1.5077931;3.2282937;41350;1119.4157;0.165550997;1
JPN;1895;2.702698;-2.0916869;0.82413756;-1.5339295;41775;1123.4642;0.173736314;1
JPN;1896;0.71159729;-9.1048039;-0.045554886;-4.4199053;42196;1051.1235;0.182723206;1
JPN;1897;-3.2484103;-1.4228901;-0.99279946;-0.18946943;42643;1061.9491;0.203141361;1
JPN;1898;2.7565651;14.002511;0.34349605;5.1740973;43145;1248.883;0.185870549;1
JPN;1899;-1.1370515;-11.352079;-1.532377;-5.017726;43626;1143.1368;0.203626093;1
JPN;1900;-5.4410491;0.62970642;-3.4046217;-0.72121053;44103;1179.5134;0.20258344;1
JPN;1901;-1.8699075;-0.18994021;-2.5416656;-1.9950784;44662;1206.4631;0.207969519;1
JPN;1902;-3.4956035;-9.1058268;-2.9366764;-4.2968163;45255;1128.9049;0.222683602;1
JPN;1903;-3.0836593;3.1392987;-2.9541402;-0.19920386;45841;1192.6275;0.223511407;1
JPN;1904;-0.45207777;-2.8837214;-2.4016216;-1.9552934;46378;1188.0883;0.241779168;1
JPN;1905;-8.9810961;-5.0671427;-4.8780339;-1.5157522;46829;1156.7547;0.273645666;1
JPN;1906;-3.5972948;9.0904545;-1.7447776;3.3325678;47227;1297.2095;0.24580504;1
JPN;1907;9.2302766;-0.26418663;3.2845073;-0.099752917;47691;1325.1546;0.241567684;1
JPN;1908;-1.6522574;-2.9700185;-0.41291974;-1.7869279;48260;1318.439;0.213198473;1
JPN;1909;-1.4277889;-3.9013546;-0.72160906;-2.5305567;48869;1300.5425;0.220646178;1
JPN;1910;0.72731266;-2.1956227;-0.60572698;-1.5054232;49518;1303.7553;0.257820383;1
JPN;1911;-4.8475075;1.5142528;-2.7786769;-0.30312792;50215;1355.578;0.240313452;1
JPN;1912;-0.68067085;-0.2818797;-1.3142446;-0.71954675;50941;1384.0826;0.256047198;1
JPN;1913;-0.39590744;-2.2672491;-1.3838432;-1.7542596;51672;1386.6891;0.285471377;1
JPN;1914;-6.2218767;-6.9840154;-2.6616196;-2.5338431;52396;1326.5022;0.276815182;0.987262009
JPN;1915;2.2599817;5.1821939;0.74993058;3.1026441;53124;1429.715;0.279429018;0.953491872
JPN;1916;2.1905469;10.809165;1.4339626;6.1605045;53815;1629.718;0.321319951;0.915978692
JPN;1917;1.24575;-0.23152222;1.4995535;1.3744107;54437;1665.0632;0.338258877;0.867791445
JPN;1918;2.6493048;-2.229526;2.5964786;0.22276744;54886;1668.4133;0.350630288;0.800251171
JPN;1919;6.2787182;6.6408521;3.5938233;2.2759385;55253;1827.2144;0.311641867;0.722460093
JPN;1920;-4.6632698;-9.9857349;-0.70136438;-3.895706;55818;1695.7543;0.315493504;0.64701047
JPN;1921;3.1609639;6.9350819;1.721955;1.8944114;56490;1859.5025;0.226692125;0.580278265
JPN;1922;2.7059606;-4.0462302;1.51376;-2.5040309;57209;1831.1225;0.264548214;0.525475982
JPN;1923;-1.6325484;-3.5978146;-0.81268461;-2.1977106;57937;1809.3505;0.259362879;0.5
JPN;1924;-1.3097552;-0.95265434;-1.1644257;-1.2648323;58686;1836.3172;0.307059464;0.5
JPN;1925;-1.5621078;0.19062719;-1.5388177;-0.93102932;59522;1885.1618;0.336479636;0.5
JPN;1926;-2.3064235;-3.1557216;-1.5965037;-2.0190752;60490;1871.5778;0.320105661;0.5
JPN;1927;-0.77504652;-2.5498497;-1.4539918;-1.3542073;61430;1869.7665;0.315577578;0.525475982
JPN;1928;-0.71554658;3.9770104;-1.8228859;0.30696302;62361;1992.3719;0.303199953;0.593016257
JPN;1929;-4.2107193;-0.71876622;-3.2347747;-2.1885398;63244;2025.7347;0.312278253;0.668042616
JPN;1930;-3.1769206;-11.652986;-3.3134934;-5.5715451;64203;1850.3913;0.268161063;0.700727153
JPN;1931;-4.2538343;-3.1456461;-3.6664969;-2.0254332;65205;1837.3409;0.243801016;0.666957016
JPN;1932;-3.9694239;4.1993538;-3.5474381;1.4873113;66189;1961.5833;0.262150221;0.571283317
JPN;1933;-3.2761012;5.5505581;-3.1455428;2.2310406;67182;2122.4356;0.297939484;0.439775556
JPN;1934;-1.4619639;-3.6138905;-2.782167;-0.91279218;68090;2098.3416;0.339203675;0.321984111
JPN;1935;-6.8476947;-1.4026947;-4.4260735;-0.16912113;69238;2120.4685;0.361688025;0.262737991
JPN;1936;-0.87469312;3.3374253;-1.8252185;1.9308323;70171;2244.4214;0.363079088;0.24946925
JPN;1937;1.1475688;0.70767619;-1.4835838;1.7525649;71278;2315.1163;0.383952312;0.247531412
JPN;1938;-4.3387726;3.2254805;-4.1410713;3.6369738;71879;2449.2748;0.284029971;0.243499774
JPN;1939;-7.7002408;11.610187;-7.1116021;7.231973;72364;2816.0568;0.275837596;0.237114745
JPN;1940;-13.900709;-0.36618593;-10.881065;0.68242669;72967;2874.2902;0.254878141;0.228635917
JPN;1941;-6.8546917;-2.5062744;-8.0480117;-1.850381;74005;2872.7039;0.188144021;0.21875
JPN;1942;-8.510948;-4.2640309;-8.7685998;-3.662019;75029;2818.217;0.117883209;0.208333333
JPN;1943;-9.0778701;-2.4685827;-10.37058;-3.9648365;76005;2821.6226;0.093636429;0.197916667
JPN;1944;-22.950642;-8.7930554;-22.311294;-9.6508404;77178;2658.9727;0.066733361;0.1875
JPN;1945;-45.414099;-26.947122;-38.924272;-24.059997;76224;1346.1258;0.039830292;0.177083333
JPN;1946;33.640142;-39.683376;27.869885;-34.432053;77199;1444.2165;0.012927224;0.166666667
JPN;1947;12.26137;6.040697;12.0422;2.9972532;78119;1540.9445;0.022494074;0.15625
JPN;1948;4.3311539;10.423988;4.9080906;7.707697;80155;1725.2859;0.041724261;0.146364083
JPN;1949;3.368274;-0.78531986;3.9415798;1.3313842;81971;1799.8259;0.130321345;0.144254251
JPN;1950;7.8848376;7.0912658;7.5862355;6.4749697;83805;1920.7207;0.158506958;0.15475429
JPN;1951;8.4245632;8.7680023;8.8817145;7.692247;85164;2125.6085;0.214475503;0.175848238
JPN;1952;12.726663;6.1307251;11.583521;5.8777352;86459;2336.4247;0.185098698;0.2021511
JPN;1953;8.7609295;1.7509056;8.1935797;2.5209524;87655;2474.3437;0.182965705;0.226745936
JPN;1954;1.5975817;2.3330144;3.1804556;2.9486943;88754;2581.8699;0.180085529;0.243631004
JPN;1955;4.4058484;5.1941489;4.3159502;4.3899342;89815;2770.7491;0.181727674;0.25
JPN;1956;5.4669642;2.6674333;4.9245062;2.9602779;90766;2947.8701;0.205772054;0.256368996
JPN;1957;4.9225229;3.9607245;4.7983593;3.7184789;91563;3135.8734;0.22486142;0.27962306
JPN;1958;3.2764005;2.8385409;4.1258513;3.466229;92389;3288.8953;0.178712577;0.321633714
JPN;1959;4.9506296;4.8755071;5.0829533;5.0255706;93297;3553.9357;0.190151625;0.375
JPN;1960;7.5556075;7.6321619;6.7767328;7.0879372;94092;3986.4329;0.19216475;0.428366286
JPN;1961;6.93304;8.123059;6.7134504;7.399292;94943;4426.2842;0.187029711;0.47037694
JPN;1962;4.3568264;5.2290453;4.8836135;5.6896599;95832;4776.5168;0.173128193;0.493631004
JPN;1963;5.3963659;4.7447919;5.464054;5.3615642;96812;5128.6443;0.174716882;0.5
JPN;1964;6.8935461;7.6593261;6.1443291;6.5436482;97826;5667.6905;0.178049036;0.5
JPN;1965;2.3194085;2.1886875;3.884737;3.5964805;98883;5933.7476;0.182054403;0.5
JPN;1966;6.8429619;6.8354291;6.4006047;6.4592013;99790;6505.5316;0.182017291;0.5
JPN;1967;7.2487713;7.2211838;6.6774222;7.3076608;100825;7152.2936;0.17790322;0.5
JPN;1968;5.9542942;9.3798683;6.1914986;8.7758964;101961;7983.3134;0.176408073;0.5
JPN;1969;5.9873273;7.442296;6.0006726;7.6682364;103172;8874.0889;0.179413424;0.5
JPN;1970;4.569736;6.6991166;4.4405537;5.8694277;104345;9713.9514;0.187492246;0.5
JPN;1971;2.2539806;0.9046482;3.1939662;2.4114068;105697;10040.324;0.189619002;0.5
JPN;1972;5.3590743;4.3269518;4.6303515;3.7236112;107188;10733.6;0.173549479;0.5
JPN;1973;5.7732404;4.5119864;3.6973062;2.3471111;108707;11433.802;0.181654624;0.5
JPN;1974;-4.0849659;-5.6451785;-1.5109596;-2.7238908;110162;11144.52;0.255406954;0.5
JPN;1975;0.76377436;-0.97513858;0.49244064;-0.68025963;111573;11343.781;0.227520797;0.5
JPN;1976;0.073858167;0.73973799;0.38057381;0.30542198;112775;11668.968;0.235084494;0.5
JPN;1977;0.77333991;0.92283475;0.89837493;0.9033179;113872;12063.855;0.219693248;0.506368996
JPN;1978;2.1825127;1.8287126;1.8388228;1.5757481;114913;12584.878;0.182253683;0.523254064
JPN;1979;3.3306792;2.0919226;1.8257639;1.2585279;115890;13163.097;0.211137521;0.54837965
JPN;1980;-1.9435697;-0.43167912;-0.66058541;-0.11574389;116807;13427.73;0.252751312;0.57662035
JPN;1981;-1.4015676;-0.27366678;-0.36506926;-0.032866;117648;13754.452;0.248720832;0.601745936
JPN;1982;1.5102843;-0.37973844;0.65841558;-0.54508494;118455;14078.37;0.244772273;0.618631004
JPN;1983;0.009592779;-1.5181471;0.039034932;-0.56442134;119270;14306.873;0.227760427;0.625
JPN;1984;-0.33497441;0.01034146;0.086577189;0.19005959;120035;14772.587;0.239772338;0.625
JPN;1985;1.2043737;1.9303719;0.85086061;0.85035671;120754;15331.251;0.224445524;0.625
JPN;1986;0.58180254;-0.12140089;0.97826521;0.55077776;121492;15679.381;0.166907692;0.625
JPN;1987;1.4637272;0.80669313;1.529116;1.3708874;122091;16251.294;0.155447861;0.625
JPN;1988;2.2392072;3.7027227;1.9964374;2.6742222;122613;17184.638;0.152163048;0.625
JPN;1989;2.2159266;2.3234427;1.8991559;2.0974501;123108;17942.514;0.162888037;0.631368996
JPN;1990;2.0526779;2.3034216;1.6682781;1.6370647;123537;18789.071;0.170086341;0.648254064
JPN;1991;0.42749555;0.5527225;0.6648796;0.36540694;123946;19347.103;0.158192483;0.67337965
JPN;1992;0.23886909;-1.721016;0.15855763;-1.083369;124329;19440.299;0.150874782;0.70162035
JPN;1993;-0.98668053;-2.4413711;-0.3466971;-1.7982017;124668;19417.436;0.138561846;0.726745936
JPN;1994;0.2221585;-1.6873099;-0.055529068;-1.4521647;125014;19536.819;0.138217876;0.743631004
JPN;1995;-0.66205712;-0.93708064;-0.49254283;-1.0121652;125341;19871.714;0.145634035;0.75
JPN;1996;0.079049194;-0.15385094;-0.56542346;-1.0419734;125645;20343.36;0.16158503;0.75
JPN;1997;-1.4416118;-1.3219401;-1.2865539;-1.6940623;125956;20617.438;0.175639714;0.762737991
JPN;1998;-2.4127854;-4.4715438;-1.8266709;-2.9081994;126246;20154.494;0.170356019;0.796508128
JPN;1999;-2.1340041;-2.8527448;-1.7380001;-2.1690087;126494;20070.399;0.164029461;0.846759299
JPN;2000;-1.3107841;0.28581504;-1.3359649;-1.2506545;126729;20480.951;0.181547876;0.903240701
JPN;2001;-0.65713766;-2.2770502;-1.0595462;-1.8827678;126972;20499.908;0.180819364;0.953491872
JPN;2002;-1.785831;-2.5418069;-1.3909458;-1.673991;127187;20516.849;0.188894254;0.987262009
JPN;2003;-1.1323394;-0.89237402;-0.95777993;-1.2065569;127358;20832.998;0.198189533;1
JPN;2004;-0.21843769;-0.19870889;-0.48623373;-0.84524612;127480;21301.178;0.219002035;1
JPN;2005;-0.22798415;-1.156911;-0.49101501;-1.1863338;127537;21575.023;0.233736374;1
JPN;2006;-0.25514692;-1.095211;-0.70597938;-1.3939368;127515;21938.171;0.270752128;1
JPN;2007;-1.4592591;-0.91599463;-1.504204;-1.7927614;127433;22410.066;0.294882226;1
JPN;2008;-2.7532235;-3.5897613;-1.9772096;-3.1867921;127288;22175.124;0.307225421;1
JPN;2009;-3.002518;-7.9987095;-1.897818;-4.1195742;127147.45;20963.2;0.215600172;1
JPN;2010;0.61135816;1.6469989;-0.64333824;-1.0852942;127190.31;21934.903;0.2558635;1
JPN;2011;-2.3036202;-2.3721366;-1.4440534;-1.8522973;127426.56;22320.485;0.30393003;1
JPN;2012;0.066671328;-0.79816066;-0.55959988;-1.0963344;127148.44;23121.977;0.306361237;1
JPN;2013;0.38356407;-0.3168199;-0.77592867;-0.95781963;126930.14;24006.651;0.341475223;1
JPN;2014;-2.8240684;-1.9740376;-1.8674852;-1.5272007;126717.81;24560.644;0.375587797;1
JPN;2015;-2.4048901;-1.1236466;-2.0113159;-1.4304191;126576.26;25130.958;0.356344971;1
JPN;2016;-1.5954023;-1.3002206;-1.8508265;-1.7203622;126558.32;25717.688;0.312894707;1
NLD;1875;3.0532768;4.0173561;1.0031918;0.79084279;3788;2876.3491;nan;nan
NLD;1876;-0.85350354;-1.3441783;-0.11946017;-0.87027926;3832;2883.4446;nan;nan
NLD;1877;1.7251321;-0.39746107;-0.21818731;-0.78752218;3883;2917.6738;nan;nan
NLD;1878;-3.7547456;-1.8797985;-2.0964838;-1.782586;3834;2909.4275;nan;nan
NLD;1879;-7.2344757;-6.6095614;-2.4557493;-2.5974615;3986;2769.0116;nan;nan
NLD;1880;5.8988755;4.0246499;1.7179162;0.80656484;4043;2927.3858;nan;nan
NLD;1881;0.72334818;-0.99567886;0.88440984;-0.34989486;4079;2944.737;nan;nan
NLD;1882;0.46570721;-0.21183118;0.86572813;0.319116;4130;2985.1723;nan;nan
NLD;1883;4.312118;4.4786924;1.248026;1.982164;4180;3170.0317;nan;nan
NLD;1884;-2.6725455;-0.94347952;-0.9937209;0.00271269;4226;3190.4685;nan;nan
NLD;1885;-2.4613024;-0.57150183;-1.559916;-0.52597062;4276;3222.8696;nan;nan
NLD;1886;-2.2424182;-1.2264772;-1.5166897;-0.77252988;4326;3234.591;nan;nan
NLD;1887;1.0665263;-0.2763944;-0.80581211;-0.83613366;4378;3276.9477;nan;nan
NLD;1888;-3.9522824;-1.4420722;-2.1438292;-1.0638846;4432;3281.8599;nan;nan
NLD;1889;2.173662;0.67944571;-1.0459008;-1.2317564;4485;3356.4344;nan;nan
NLD;1890;-9.4354812;-6.8548918;-4.3442393;-3.5290592;4535;3186.2093;nan;1
NLD;1891;-0.016644585;-2.4771513;-1.4870214;-2.142883;4585;3158.5028;nan;1
NLD;1892;0.12607318;0.31253702;-1.2256637;-1.1997719;4632;3218.7113;nan;1
NLD;1893;-6.5503835;-3.8020834;-2.0332754;-1.6297379;4684;3149.3106;nan;1
NLD;1894;6.3887008;2.8982426;2.0301424;0.21261634;4743;3292.243;nan;1
NLD;1895;0.35637189;-2.2713936;0.64667469;-0.85903913;4803;3270.2607;nan;1
NLD;1896;2.8202693;1.2168615;1.1360479;0.15537602;4866;3362.2063;nan;1
NLD;1897;-4.0013903;-0.44253726;-1.151727;-0.69526189;4935;3400.571;nan;1
NLD;1898;3.9959643;-1.4016618;0.59371397;-1.1104408;5003;3407.0386;nan;1
NLD;1899;-4.6349702;-1.4917046;-2.1907718;-1.3660403;5070;3410.4529;nan;1
NLD;1900;-4.086507;-4.0487422;-1.3579042;-1.8798055;5142;3328.9614;nan;1
NLD;1901;5.1473695;1.753124;1.1969378;-0.006657763;5221;3440.4399;nan;1
NLD;1902;-0.63792682;1.0818749;-0.37647501;-0.24021209;5305;3532.2715;nan;1
NLD;1903;-2.2876547;-3.1663319;-1.0209901;-1.4732715;5389;3478.0005;nan;1
NLD;1904;-1.9784751;-1.6527882;-0.41861328;-1.0681807;5470;3475.9913;nan;1
NLD;1905;6.9477211;1.8989268;1.8655801;-0.0247553;5551;3597.7292;nan;1
NLD;1906;-2.7311135;-0.96547518;-1.1773062;-1.028408;5632;3620.0714;nan;1
NLD;1907;-4.8421911;-4.7707001;-2.1921382;-2.1854721;5710;3508.336;nan;1
NLD;1908;-2.5938438;-0.94653838;-1.4157586;-0.74264171;5786;3530.8259;nan;1
NLD;1909;1.4454944;2.3548832;0.57844228;0.88722551;5862;3671.2543;nan;1
NLD;1910;2.7869843;1.4266425;1.6842541;0.9413748;5922;3782.9472;nan;1
NLD;1911;4.4962908;0.51957038;2.3033478;0.26779095;5984;3862.7039;nan;1
NLD;1912;1.2065128;-0.14895134;0.31196616;-0.11585581;6068;3918.0594;nan;1
NLD;1913;-3.0271602;1.7510098;-2.9542651;-0.47134917;6164;4048.5075;nan;1
NLD;1914;-10.60525;-4.3650208;-6.873831;-3.429819;6277;3868.2834;nan;1
NLD;1915;-5.6432455;-7.0507013;-5.5889607;-5.1939108;6395;3925.681;nan;1
NLD;1916;-5.4733319;-3.2909234;-4.9032352;-5.0944527;6516;3956.1871;nan;0.974524018
NLD;1917;7.2348284;-13.813371;-1.1109176;-9.4993507;6654;3626.6133;nan;0.906983743
NLD;1918;-48.771353;-9.3432571;-32.407132;-5.7687151;6752;3352.2193;nan;0.806481401
NLD;1919;26.266636;9.032041;17.99518;5.3955656;6805;4121.8839;nan;0.693518599
NLD;1920;11.712124;11.04005;10.694644;9.1375861;6848;4219.9022;nan;0.593016257
NLD;1921;10.686586;13.974666;9.8709301;11.155626;6921;4431.3965;0.630524862;0.525475982
NLD;1922;6.8556844;3.1865371;5.4618329;4.2989699;7032;4599.215;0.590621039;0.525475982
NLD;1923;-3.0826416;-1.0734092;-1.2116024;1.1960061;7150;4634.9986;0.625399211;0.593016257
NLD;1924;-1.1852787;3.6709687;-0.86776639;2.6741616;7264;4895.4949;0.724365845;0.693518599
NLD;1925;-3.5173634;0.18639259;-1.4266937;1.2182604;7366;5030.9768;0.743764172;0.806481401
NLD;1926;2.8908274;3.546357;1.195219;2.291686;7471;5357.7593;0.71670371;0.906983743
NLD;1927;1.4630205;1.5507587;0.9893842;1.280403;7576;5504.1981;0.737732095;0.974524018
NLD;1928;1.1179491;1.2073456;0.97227959;0.26729265;7679;5719.5989;0.741597971;1
NLD;1929;0.057493295;-1.1361078;0.48017916;-1.4893726;7782;5688.7908;0.73524426;1
NLD;1930;2.4249957;-4.2388989;0.94093982;-3.6692151;7884;5602.5304;0.665012804;1
NLD;1931;-1.0500185;-6.7847586;-0.7508348;-4.8181734;7999;5185.0494;0.556113613;1
NLD;1932;-1.4410051;-4.2798999;-1.3125569;-3.7040268;8123;5035.2388;0.412000764;1
NLD;1933;-1.9957003;-2.6019918;-2.0925145;-3.0016955;8237;4956.4623;0.398096749;0.974524018
NLD;1934;-4.8110861;-3.882434;-2.8058484;-2.4703679;8341;4804.9071;0.36600121;0.906983743
NLD;1935;-1.9069326;-0.021104899;-1.7030369;-0.36809576;8434;4929.4558;0.345681539;0.806481401
NLD;1936;1.3980173;2.8349161;-0.52847075;1.0052989;8516;5189.6788;0.37679112;0.6913956
NLD;1937;-1.5655973;3.0231811;-1.0893946;0.84059419;8599;5432.6968;0.519319652;0.583141903
NLD;1938;-1.891959;-5.6760405;-1.5973255;-2.5164638;8685;5249.601;0.461133309;0.499475079
NLD;1939;3.2813907;5.3435116;-0.82080817;0.054943406;8782;5543.9769;0.423362481;0.44845898
NLD;1940;-14.53349;-15.525396;-10.840875;-10.242633;8879;4831.36;0.409287657;0.414543668
NLD;1941;-13.580736;-8.0794961;-14.859724;-8.2180223;8966;4531.2001;0.395212832;0.375
NLD;1942;-39.418178;-11.517811;-34.082525;-10.936861;9042;4106.7286;0.381138008;0.333333333
NLD;1943;-13.242773;-4.7166594;-14.458712;-8.5481813;9103;3980.5185;0.367063183;0.291666667
NLD;1944;-4.9388791;-42.677645;-2.913011;-35.577121;9175;2649.1738;0.352988359;0.25
NLD;1945;43.387542;-0.25146881;38.224735;-0.15407217;9262;2686.2594;0.338913534;0.208333333
NLD;1946;24.88473;49.779224;25.019393;43.562732;9424;4456.6283;0.32483871;0.166666667
NLD;1947;14.412215;11.081962;14.389677;12.510185;9630;5048.0789;0.510082645;0.125
NLD;1948;2.8652383;6.9644174;3.0183915;7.43813;9800;5490.2041;0.622535211;0.098194323
NLD;1949;-0.091023649;3.8626796;-0.027571863;3.574205;9956;5880.4741;0.622380952;0.110787139
NLD;1950;-1.3730365;0.99056677;-1.6733549;1.1986126;10113.53;5996.1278;0.790876289;0.169268331
NLD;1951;-4.9439068;-0.68859818;-3.2635377;-0.088185054;10264.31;6031.9684;0.929209302;0.266243349
NLD;1952;-1.9387486;-1.0418525;-1.010889;0.31285994;10381.99;6083.8059;0.855625;0.388478631
NLD;1953;2.8472599;5.4791672;2.138513;4.1795736;10493.18;6542.5328;0.841512605;0.512387594
NLD;1954;3.9025335;3.9833231;3.0897334;3.5206345;10615.38;6906.8653;0.870902256;0.612262009
NLD;1955;3.8910789;4.0672398;3.4150121;3.4124216;10750.84;7325.8448;0.875959596;0.678366286
NLD;1956;4.635873;1.567385;2.8862656;1.4379091;10889.35;7498.5185;0.901826625;0.72037694
NLD;1957;-2.3538377;0.13277626;-0.95349159;0.063004452;11026.38;7613.5574;0.912051282;0.743631004
NLD;1958;-2.5528936;-4.0796708;-0.72935474;-1.5795703;11186.88;7482.0716;0.855734463;0.75
NLD;1959;1.5293443;1.6169705;1.2874592;1.6328753;11347.64;7736.6754;0.884338624;0.75
NLD;1960;3.3745028;5.8993836;2.3702348;3.2247201;11486;8286.6098;0.892948113;0.75
NLD;1961;2.602092;-0.032527392;2.6491685;1.013978;11638.71;8201.5082;0.901252796;0.75
NLD;1962;3.169176;1.2312524;3.232924;1.4700003;11805.69;8639.3094;0.877380457;0.75
NLD;1963;4.194985;0.33230933;3.8695699;1.4236596;11965.97;8832.2163;0.889252874;0.75
NLD;1964;3.0632408;5.4097609;3.2765338;3.6785636;12127.12;9437.1953;0.889284553;0.75
NLD;1965;4.5443218;2.2463985;3.7309199;2.1502692;12292;9797.836;0.857234352;0.75
NLD;1966;0.48233214;-0.11419922;1.8586334;1.102602;12454.8;9936.2495;0.836635514;0.75
NLD;1967;2.7811858;2.4822604;2.8900381;2.4441914;12596.82;10341.259;0.802126367;0.75
NLD;1968;4.0128322;3.9043887;3.7137328;3.4960105;12724.68;10894.341;0.813640351;0.75
NLD;1969;4.9419467;3.8905747;4.2731766;3.5175462;12873;11462.13;0.771906813;0.75
NLD;1970;4.4832844;2.7600458;3.7981509;2.6212726;13032.33;11966.773;0.820638448;0.75
NLD;1971;0.59305684;1.5596246;1.3969074;1.6697298;13193.78;12319.369;0.816670269;0.75
NLD;1972;0.18146283;0.076778901;0.93762439;1.0162302;13329.87;12597.193;0.788892934;0.75
NLD;1973;2.3145198;2.4001646;1.6994502;1.6134897;13438.4;13081.241;0.840054378;0.75
NLD;1974;0.99195014;1.6640856;1.1869334;0.90012097;13540.58;13497.424;0.972746641;0.75
NLD;1975;0.69426035;-2.2895095;1.1152239;-0.3647091;13653.44;13373.628;0.878207779;0.75
NLD;1976;3.2114985;2.0488531;2.5688181;1.1089047;13769.91;13884.91;0.927169996;0.75
NLD;1977;2.0540235;0.29314675;1.875625;0.29450806;13852.99;14176.868;0.875608423;0.75
NLD;1978;2.5114688;0.26827065;1.2956873;0.095482775;13936.75;14424.019;0.823915345;0.75
NLD;1979;-0.78105043;-0.48841905;-0.7815074;-0.57861383;14030;14647.254;0.915789725;0.75
NLD;1980;-2.2925242;-0.69553522;-2.2763512;-0.98174951;14143.9;14704.501;0.972893987;0.762737991
NLD;1981;-5.8752877;-2.7863346;-3.4618618;-1.9875886;14246.05;14525.08;1.034427395;0.796508128
NLD;1982;-2.763159;-3.3726044;-2.2163641;-2.0743566;14310.4;14291.493;1.02221983;0.846759299
NLD;1983;-0.76994206;-0.1809169;-1.0472763;-0.35218709;14362.38;14483.253;1.008008312;0.903240701
NLD;1984;-0.095749701;1.0735712;-0.68038465;0.36328532;14420.02;14899.7;1.099922671;0.953491872
NLD;1985;-0.070862733;0.61042478;-0.10570133;0.4540608;14491.38;15282.879;1.137120935;0.987262009
NLD;1986;0.34216765;0.92241636;0.26174077;0.53100356;14571.88;15617.071;0.844273793;1
NLD;1987;0.085042146;-0.38852104;-0.11168093;0.46916387;14665.28;15737.035;0.814082629;1
NLD;1988;-0.44300246;1.1213628;0.000379902;1.0585403;14761.34;16043.531;0.8403321;1
NLD;1989;1.1732042;2.1329692;0.79083335;1.4325228;14848.91;16695.236;0.890934112;1
NLD;1990;1.8623082;1.85264;1.1232042;1.2898677;14951.51;17262.069;0.87326413;1
NLD;1991;0.50212339;0.004262939;0.4653216;0.43353085;15066.22;17547.904;0.85716901;1
NLD;1992;-1.4073497;-0.61507906;-0.82354169;-0.1490071;15174.24;17719.668;0.817142315;1
NLD;1993;-1.2568403;-0.96176488;-0.67041138;-0.2136551;15274.94;17823.664;0.805553471;1
NLD;1994;-0.067175949;0.71180718;0.10686436;0.51380739;15382.2;18222.905;0.842719713;1
NLD;1995;0.77298496;0.96063477;0.88286251;0.96881725;15459.05;18696.697;0.889289469;1
NLD;1996;2.4653463;1.3925831;1.7644918;1.3188689;15527.81;19247.868;0.904678139;1
NLD;1997;1.4874988;2.0588066;1.7338907;1.6597154;15604.46;19972.661;0.964349753;1
NLD;1998;3.0272585;1.669363;2.5566971;1.5925595;15699.26;20630.887;0.964545865;1
NLD;1999;3.1242916;2.346131;2.5218991;1.7584568;15801.95;21456.949;0.885445914;1
NLD;2000;1.5050364;1.4961137;1.3448558;1.1323049;15907.85;22148.201;0.999663173;1
NLD;2001;-0.35366467;-0.4577735;-0.10311274;-0.11594005;16017.45;22410.665;0.964280449;1
NLD;2002;-1.1316814;-2.1358482;-0.8524377;-1.2570105;16122.83;22290.725;0.886304727;1
NLD;2003;-2.0659124;-1.7667918;-1.3686415;-0.96575894;16223.25;22267.408;0.870452183;1
NLD;2004;-0.74070858;0.2414355;-1.0550895;-0.022184458;16318.2;22695.826;0.92359535;1
NLD;2005;-0.9257991;0.40012229;-1.0850196;0.39326842;16407.49;23113.736;0.973490018;1
NLD;2006;-2.5125289;1.7038612;-1.5814556;0.97478793;16491.46;23867.011;1.04187108;1
NLD;2007;0.21656922;1.820526;-0.78916892;0.60810146;16570.61;24756.362;1.061728737;1
NLD;2008;-0.56509364;-0.29817714;-0.93055143;-0.94639354;16645.31;25112.312;1.105221986;1
NLD;2009;-2.7512803;-5.948349;-2.0573109;-2.8250139;16730.328;24073.415;0.944708035;1
NLD;2010;-1.8785342;-0.71368006;-1.6664759;-1.4258116;16816.358;24302.618;1.094158142;1
NLD;2011;-1.6954409;-0.41016197;-2.1233067;-1.2027963;16895.303;25099.118;1.200127409;1
NLD;2012;-2.9209361;-3.0263916;-2.3838495;-2.0197307;16958.055;25197.783;1.219956247;1
NLD;2013;-2.695534;-2.0790142;-2.2249838;-1.6822658;17007.649;25481.897;1.232105797;1
NLD;2014;-1.4845198;-0.54379396;-1.3188345;-0.89309784;17069.388;26212.736;1.197820785;1
NLD;2015;0.18054673;0.19868772;-0.70468521;-0.36880238;17142.26;26979.35;1.149878814;1
NLD;2016;-0.3804262;0.060024478;-0.8026624;-0.43742303;17236.388;27688.799;1.153559101;1
NOR;1875;0.81764733;-0.31804457;0.36924527;-0.60187619;1803;1551.22;0.363164721;nan
NOR;1876;-1.9968487;-0.40962618;-0.85767064;-1.1615101;1829;1572.45;0.35669587;nan
NOR;1877;1.5895742;-2.5423225;-0.86274248;-2.5725367;1852;1564.75;0.375156838;nan
NOR;1878;-7.8710882;-7.0536393;-4.3642947;-4.1198861;1877;1489.82;0.328611898;nan
NOR;1879;-3.5605405;-2.5250994;-2.5532912;-2.2331436;1902;1483.25;0.333836858;nan
NOR;1880;-1.5587516;0.23021271;-1.810985;-1.2549223;1919;1517.29;0.361111111;nan
NOR;1881;0.42976375;-1.3250556;-0.9562102;-1.6963148;1923;1528.4;0.387009472;nan
NOR;1882;-2.1114833;-2.0825966;-1.3039198;-1.8248561;1920;1527.94;0.372368421;nan
NOR;1883;0.71063822;-2.4139904;-0.55722547;-1.9013522;1919;1523.01;0.369333333;nan
NOR;1884;-1.3553648;-0.79485789;-1.2126845;-1.3287;1929;1542.13;0.375866852;nan
NOR;1885;-1.5697233;-1.908465;-1.4567966;-1.6769264;1944;1544.34;0.365243004;nan
NOR;1886;-3.4994962;-2.2545136;-2.3361484;-1.6191619;1958;1541.74;0.356821589;nan
NOR;1887;-2.7615165;-1.3789668;-1.1100629;-0.66981294;1970;1551.82;0.365705615;nan
NOR;1888;3.1223185;2.1690014;1.1577337;0.77113615;1977;1618.52;0.394366197;nan
NOR;1889;2.1953711;1.3499209;1.0472182;0.60767277;1984;1675.06;0.422077922;nan
NOR;1890;0.97880083;0.004443322;0.72867352;-0.18230408;1997;1709.49;0.435897436;nan
NOR;1891;-0.046896017;-1.8752198;-0.1746544;-1.0715436;2013;1712.28;0.440149626;nan
NOR;1892;-2.550474;-0.83143577;-0.89836581;-0.76266413;2026;1733.8;0.408010013;nan
NOR;1893;-0.063475823;-0.007538046;-0.11149503;-0.75927019;2038;1769.37;0.421508035;nan
NOR;1894;1.29445;-2.3786208;0.52766479;-1.7042948;2057;1763.72;0.414215686;nan
NOR;1895;-0.23370996;-2.1381056;0.094092664;-1.3251752;2083;1762.77;0.432692308;nan
NOR;1896;1.4204049;-0.60429743;0.48327541;-0.68987562;2112;1787.95;0.443428571;nan
NOR;1897;-0.39138909;1.7449601;-0.20278441;-0.10610618;2142;1856.41;0.47007617;nan
NOR;1898;-0.75177891;-2.7324254;-0.62207285;-1.4357913;2174;1844.25;0.43987976;nan
NOR;1899;-0.4244607;-0.38911362;-0.93903182;-1.0148933;2204;1875.18;0.440375587;nan
NOR;1900;-2.3746838;-1.9981959;-1.9498006;-1.5570355;2230;1876.69;0.434080717;nan
NOR;1901;-2.4635696;-0.67513273;-1.9036334;-1.025634;2255;1902.13;0.410535876;nan
NOR;1902;-1.7827159;-1.4405046;-1.7246505;-1.6833934;2275;1914.36;0.432904412;nan
NOR;1903;-1.2716415;-3.2396544;-2.0476177;-2.3368541;2288;1891.49;0.449583719;nan
NOR;1904;-4.7139602;-2.2974251;-2.5519342;-1.7591329;2297;1887.66;0.448658649;nan
NOR;1905;-0.39259792;-1.785976;-1.0682376;-1.1888296;2309;1892.1;0.479638009;nan
NOR;1906;-0.49680017;1.5579882;-0.58198348;0.65356177;2319;1962.05;0.49705139;nan
NOR;1907;0.57429559;1.7844489;-0.14155261;0.86130816;2329;2038.47;0.467193676;nan
NOR;1908;0.03101892;0.37427323;-0.20365141;0.43374084;2346;2088.04;0.441878368;nan
NOR;1909;-1.2124496;-0.81995861;-0.3706772;0.053423268;2367;2114.71;0.462765957;nan
NOR;1910;1.0997895;1.3087955;0.38911471;0.9636922;2384;2185.97;0.477351916;nan
NOR;1911;0.48035378;1.067622;0.2964172;1.1029643;2401;2255.09;0.50130719;nan
NOR;1912;-0.25129238;1.8435144;0.1471561;1.3674256;2423;2344.46;0.513095238;nan
NOR;1913;1.1377463;2.2763139;0.84964962;1.4321746;2447;2447.06;0.508885299;nan
NOR;1914;-0.90100554;-1.0496828;0.48863935;-0.19460226;2472;2472.28;0.509119333;nan
NOR;1915;4.1807257;1.2585212;2.8018373;-0.1228097;2498;2554.23;0.595605243;nan
NOR;1916;8.7395511;0.78989971;2.8591903;-1.6499788;2522;2627.84;0.605011625;nan
NOR;1917;-12.167242;-12.858049;-5.8989887;-6.8311309;2551;2361.31;0.546224103;nan
NOR;1918;-9.8787929;-7.2710376;-3.4682703;-3.2108748;2578;2242.88;0.3977813;nan
NOR;1919;18.845868;12.917165;7.8160281;5.0876055;2603;2601.96;0.543341404;1
NOR;1920;-1.9650313;3.1414468;-2.3985903;0.7451779;2635;2739.06;0.570666667;0.5
NOR;1921;-19.142773;-13.665603;-8.6871344;-5.4880424;2668;2442.9;0.385829662;0.5
NOR;1922;8.5867716;7.2198494;2.7227721;2.87012;2695;2678.08;0.42188755;0.5
NOR;1923;0.41092047;-0.061617875;-0.70532258;-0.29073998;2713;2732.13;0.435061037;0.5
NOR;1924;-4.1722387;-2.6772552;-2.2388189;-0.7345633;2729;2715.12;0.466822095;0.5
NOR;1925;-0.6131119;3.2796448;-0.87199177;1.3932504;2747;2863.16;0.430853897;0.525475982
NOR;1926;-1.9767024;-1.1593135;-0.80519408;2.46E-05;2763;2889.27;0.410030133;0.593016257
NOR;1927;2.1518018;1.2383702;0.87764567;1.1977127;2775;2985.57;0.394025605;0.693518599
NOR;1928;1.3415811;1.9102344;1.2435303;2.2817721;2785;3105.9;0.404169628;0.806481401
NOR;1929;3.331534;6.6293323;2.006197;4.1339905;2795;3387.39;0.420023015;0.894245752
NOR;1930;2.0952637;4.7927086;0.69552145;2.1909748;2807;3627.1;0.399588759;0.928015889
NOR;1931;-5.0323015;-10.838992;-2.2560171;-4.5689146;2824;3323.46;0.345653306;0.903240701
NOR;1932;-2.1821458;2.1922086;-1.5620619;0.54266046;2842;3466.56;0.325996893;0.846759299
NOR;1933;-0.81542526;-0.16526558;-0.80649502;0.03506466;2858;3533.55;0.316347646;0.796508128
NOR;1934;0.068669401;0.87209552;0.21268512;1.039519;2874;3638.02;0.323254671;0.762737991
NOR;1935;1.7666603;2.3064923;1.0156714;1.876781;2889;3799.63;0.32783127;0.75
NOR;1936;2.0072114;4.0045102;1.5214144;2.6611276;2904;4035.13;0.332371134;0.747877001
NOR;1937;2.5635973;1.7886353;1.4995266;1.3608895;2919;4193.04;0.379143523;0.740125647
NOR;1938;-1.0436142;-0.41878038;0.017825292;-0.033993819;2936;4262.21;0.339797494;0.723999097
NOR;1939;3.4300348;2.0433333;0.59501186;-0.98437897;2954;4440.63;0.347673117;0.69845898
NOR;1940;-5.9212375;-11.615629;-2.9161026;-6.2990363;2973;4038.09;0.343057619;0.664543668
NOR;1941;-1.9285239;-0.23189839;-2.2002974;-2.7455772;2990;4112.47;0.338442121;0.625
NOR;1942;-3.2032639;-6.6764628;-2.7017464;-5.087158;3009;3927.7;0.333826623;0.583333333
NOR;1943;-2.4261232;-4.878448;-2.581106;-4.5332584;3032;3820.18;0.329211126;0.541666667
NOR;1944;-5.9394217;-8.3961046;-2.6197172;-4.0031362;3060;3587.54;0.324595628;0.5
NOR;1945;2.9680511;8.4160604;0.91112148;4.5565944;3091;3979.86;0.31998013;0.458333333
NOR;1946;1.7570476;6.5983486;1.5068449;5.5898505;3127;4335.37;0.315364632;0.416666667
NOR;1947;6.2252196;9.5773461;3.2541967;7.7085388;3165;4864.26;0.444549539;0.375
NOR;1948;-1.3877187;3.5891148;0.53589211;3.9418163;3201;5143.89;0.415923475;0.335456332
NOR;1949;1.9994281;-0.44556292;0.95699773;0.96582405;3234;5227.2;0.426158075;0.307910016
NOR;1950;-0.52536486;1.7777376;-0.22823193;1.753829;3265.126;5429.51;0.464840183;0.299254967
NOR;1951;-2.6191909;2.3171551;-0.83496475;1.8602421;3295.871;5670.28;0.522731717;0.308254003
NOR;1952;1.237162;0.46353868;0.49392245;0.89595768;3327.728;5813.92;0.455504343;0.328743349
NOR;1953;1.1486323;0.86969285;0.44245682;0.85449464;3360.888;5985.19;0.443366544;0.351745936
NOR;1954;0.21539173;1.9126779;0.39596781;1.2420063;3394.246;6225.5;0.461339998;0.368631004
NOR;1955;0.29029502;-0.86192034;0.090650013;0.20499527;3427.409;6301.38;0.466750076;0.375
NOR;1956;0.21095557;2.2308883;0.000953314;1.0746539;3459.992;6575.16;0.476350556;0.375
NOR;1957;-0.3773673;0.03175635;-0.14520102;-0.16247562;3491.938;6711.49;0.471125098;0.375
NOR;1958;-2.3351017;-2.9553563;-0.72377406;-1.0287188;3522.993;6652.33;0.459726182;0.375
NOR;1959;1.4152311;1.2500859;1.4146943;0.99500817;3552.851;6874.48;0.448889413;0.375
NOR;1960;5.3594806;2.6527032;3.3010313;1.8389;3581.239;7203.72;0.506291972;0.375
NOR;1961;3.1232541;3.2638521;2.496537;2.1499163;3609.8;7594.66;0.504547723;0.375
NOR;1962;0.44343029;-0.072810847;1.3177722;0.90218334;3638.919;7746.04;0.484694797;0.375
NOR;1963;0.84901495;0.95755339;1.0498889;1.4446821;3666.54;7981.69;0.496065448;0.375
NOR;1964;1.1341576;2.0706143;0.8612156;1.682194;3694.339;8315.95;0.510242817;0.375
NOR;1965;-0.12449606;2.3683296;0.44812854;1.8290254;3723.153;8689.79;0.516108617;0.375
NOR;1966;0.97745366;0.87489365;1.1215613;1.546002;3753.628;8945.22;0.519297024;0.375
NOR;1967;1.1761617;3.204391;1.185357;2.0257088;3786.019;9422.75;0.536649916;0.375
NOR;1968;0.98516201;-0.67035456;1.4292132;0.42998821;3818.983;9551.2;0.52035326;0.375
NOR;1969;4.8564931;1.566227;2.5550374;0.98220067;3850.977;9899.29;0.529430407;0.375
NOR;1970;-2.5295453;-0.81212299;-0.015234858;0.43133289;3877.386;10027.2;0.480629302;0.375
NOR;1971;2.9986826;2.7180086;1.6736476;2.1058839;3903.039;10472.4;0.454017124;0.375
NOR;1972;0.034872222;2.370707;0.69896186;1.9654801;3933.004;10921.9;0.440994386;0.375
NOR;1973;1.1674866;1.6654345;1.0867312;1.7599976;3960.613;11324.4;0.485853704;0.375
NOR;1974;0.77347711;1.066426;1.1574573;1.4114456;3985.258;11726.2;0.5405542;0.375
NOR;1975;3.036192;2.2885644;2.6723183;2.2802804;4007.313;12271.3;0.514794965;0.375
NOR;1976;3.6972639;3.1305596;3.0042212;2.3930367;4026.152;12930;0.529591727;0.381368996
NOR;1977;4.1116049;1.5484198;2.3287013;1.7817735;4043.205;13424.9;0.524247855;0.398254064
NOR;1978;-3.9910676;1.3950648;-1.1479686;1.6037008;4058.671;13840.2;0.480765761;0.42337965
NOR;1979;1.9207113;1.9165998;0.90122776;1.7670281;4072.517;14411.3;0.512385391;0.45162035
NOR;1980;-0.12704892;2.0311999;-0.28568012;1.2110232;4085.62;15076;0.550692945;0.476745936
NOR;1981;-2.0201806;-0.91338754;-1.2323169;-0.3580989;4099.702;15169.4;0.531359157;0.5
NOR;1982;-1.2537589;-2.3302908;-0.71891454;-0.86836756;4114.787;15145.3;0.526761887;0.523254064
NOR;1983;-0.12292674;1.4441342;0.23731021;1.2674299;4128.432;15635.8;0.511067325;0.54837965
NOR;1984;1.1788967;3.403337;1.6675498;2.5835424;4140.095;16512.7;0.52743215;0.57662035
NOR;1985;7.1988458;2.9122242;4.1075287;2.1609231;4152.419;17319.7;0.539286845;0.608114931
NOR;1986;2.7645801;1.5158339;1.6131198;1.0358292;4166.596;17882.1;0.487871898;0.641885069
NOR;1987;-3.065372;-0.73997876;-1.8462564;-0.51824986;4186.147;18164.3;0.467153377;0.686117641
NOR;1988;-4.6670065;-2.8041109;-2.9734984;-1.5979757;4208.729;18059.1;0.447634637;0.748128479
NOR;1989;-2.9921514;-1.4774064;-2.3810859;-1.1089074;4226.142;18156.7;0.494649573;0.823505235
NOR;1990;-1.5268795;-0.51886492;-1.3516664;-0.48481593;4242.006;18466;0.508864321;0.896871705
NOR;1991;0.021415981;0.52664269;-0.34054553;0.32858263;4261.733;18951.362;0.487917153;0.953491872
NOR;1992;0.020254939;0.81714593;-0.26975785;0.55713547;4286.357;19506.318;0.467727554;0.987262009
NOR;1993;0.003454806;0.11708881;0.22186907;0.65759019;4311.964;19930.841;0.464832827;1
NOR;1994;1.0957171;2.3673403;1.0094254;1.5666394;4336.638;20818.486;0.48753905;1
NOR;1995;1.6422269;1.5514255;1.7184833;1.8711901;4359.101;21578.255;0.492677994;1
NOR;1996;4.2270846;2.4274476;2.6043702;1.996719;4381.277;22563.885;0.521354336;1
NOR;1997;0.9358469;2.6800709;1.3829984;2.018969;4405.672;23649.02;0.521020324;1
NOR;1998;0.49552153;0.018960754;0.97641711;0.45253766;4432.718;24135.28;0.50489773;1
NOR;1999;1.1887307;-0.75768681;1.2475003;-0.26025428;4463.377;24455.056;0.491303238;1
NOR;2000;1.7966775;0.55233516;1.1762151;0.054222422;4492.4;25087.599;0.552198243;1
NOR;2001;-0.10438786;-0.58042586;0.54488931;-0.56328348;4515.195;25457.663;0.529452219;1
NOR;2002;0.7402741;-1.1072947;0.74491843;-0.88853206;4535.591;25723.893;0.480320553;1
NOR;2003;0.51078125;-1.651154;1.0217485;-0.81152169;4555.4;25863.904;0.473075976;1
NOR;2004;3.0042433;1.1918779;1.9375943;0.23017631;4574.56;26775.762;0.502620364;1
NOR;2005;0.69900981;-0.18712507;1.2758683;-0.3471112;4593.041;27358.449;0.523973536;1
NOR;2006;2.0082414;-0.50057487;1.7235791;-0.55870576;4610.82;27921.175;0.547826027;1
NOR;2007;2.3548825;-0.15540737;1.1968524;-1.0575578;4627.926;28555.955;0.548151488;1
NOR;2008;-1.3669923;-2.8287351;-0.83774623;-2.474141;4644.457;28464.308;0.569407909;1
NOR;2009;-3.0153819;-5.0286745;-1.2504839;-3.4022959;4698.7895;27893.199;0.487618424;1
NOR;2010;0.66437128;-2.6184263;-0.36004782;-2.7364574;4761.854;27987.201;0.485148239;1
NOR;2011;-0.75803146;-2.3919896;-0.42968294;-2.1155095;4824.9185;28465.385;0.504013928;1
NOR;2012;0.31774727;-0.69023405;-0.16089712;-1.6216802;4887.9829;29401.686;0.487227473;1
NOR;2013;-0.21539314;-2.2322107;-0.31373773;-1.8583934;4944.2559;29830.485;0.465301931;1
NOR;2014;-0.8419918;-1.2339137;-0.68714741;-1.433867;5002.4692;30587.524;0.459771126;1
NOR;2015;-0.22736785;-1.1376329;-0.67704655;-1.5177928;5050.0102;31210.717;0.462240533;1
NOR;2016;-1.1730941;-1.8571846;-1.3607651;-1.8141456;5095.6106;31658.686;0.431653025;1
SWE;1875;-4.7658091;-0.62474967;-0.82050946;-0.56776838;4362;1434.1538;0.341722853;nan
SWE;1876;7.8905156;3.5418249;2.4805881;0.37122015;4406;1524.9753;0.349528073;nan
SWE;1877;-3.0944247;-3.8678417;-1.7021277;-2.0665958;4457;1490.558;0.364852389;nan
SWE;1878;-6.6750862;-4.0626681;-2.3918666;-1.85772;4508;1437.1789;0.326524234;nan
SWE;1879;4.2281686;3.993624;0.85305592;-0.088480892;4555;1516.2235;0.316592919;nan
SWE;1880;-2.6797991;-5.9006228;-0.79083004;-2.6511291;4572;1480.239;0.391966658;nan
SWE;1881;2.7513839;0.20838673;0.77536074;-0.81488863;4570;1533.3631;0.371715809;nan
SWE;1882;-3.7619868;-3.9744834;-0.44821878;-1.6817626;4576;1476.7266;0.410173433;nan
SWE;1883;8.4246492;4.8099701;3.1185016;1.2271226;4591;1588.4364;0.418891061;nan
SWE;1884;-4.2613703;-2.4406207;-1.1721074;-1.0694976;4624;1554.1369;0.408558181;nan
SWE;1885;3.4988249;0.23657742;0.64872045;-0.73672845;4664;1582.1006;0.431729189;nan
SWE;1886;-5.5798416;-2.9827804;-2.5648263;-1.9858034;4700;1597.6657;0.410288104;nan
SWE;1887;-2.1168896;-3.793775;-1.3079074;-1.9684666;4726;1550.1867;0.441245632;nan
SWE;1888;0.74829843;2.6330515;-0.19952774;-0.079222159;4741;1575.4621;0.472662898;nan
SWE;1889;0.59869459;-3.9047905;-0.16251128;-1.5823035;4761;1598.8754;0.491540943;nan
SWE;1890;-0.15361534;2.4900588;-0.47292266;0.27883045;4780;1635.4984;0.476935197;1
SWE;1891;-4.5883911;-4.0506108;-1.4289804;-1.3613713;4794;1724.4526;0.457356494;1
SWE;1892;4.6311662;3.0219905;1.7938994;1.4194531;4805;1701.8361;0.449979877;1
SWE;1893;0.26636308;2.0518313;0.58994516;1.1927898;4816;1743.4944;0.436000581;1
SWE;1894;2.5571108;-1.256216;0.89874839;0.024572491;4849;1751.1557;0.42722537;1
SWE;1895;-3.3450701;1.3477203;-0.9835167;0.99681904;4896;1836.2648;0.405847175;1
SWE;1896;-0.85985999;0.83135851;0.20171824;0.99849094;4941;1884.2574;0.414495494;1
SWE;1897;2.9446037;2.0110777;2.0168233;1.3310161;4986;1958.1172;0.415493156;1
SWE;1898;4.3276876;0.68936301;2.8456606;0.89621789;5036;2024.7586;0.398822915;1
SWE;1899;3.1626251;2.3116819;1.9795218;0.86605416;5080;2074.673;0.398335572;1
SWE;1900;-2.3612525;-2.8765988;-0.58365925;-1.0763882;5117;2083.0276;0.414095048;1
SWE;1901;0.23245937;-0.70092143;0.087237374;-0.80757209;5156;2137.0845;0.373539807;1
SWE;1902;-1.2725322;-2.8195673;-0.43089614;-1.0975796;5187;2108.9337;0.408089791;1
SWE;1903;0.5796155;2.8880316;0.47724803;1.0824541;5210;2219.6553;0.40379513;1
SWE;1904;2.9976842;1.2123678;1.05945;0.76697145;5241;2257.8317;0.410460037;1
SWE;1905;-5.4407979;-2.5315807;-1.2199958;-0.20478239;5278;2225.4132;0.413523806;1
SWE;1906;6.300468;5.3716408;3.2751984;3.019631;5315;2403.4334;0.410636013;1
SWE;1907;5.1994611;3.8868795;2.4420225;1.7732803;5357;2563.377;0.383409927;1
SWE;1908;-4.520924;-4.2891819;-0.96050198;-1.5787392;5404;2484.4041;0.352347139;1
SWE;1909;1.7574497;-2.6824568;0.23501488;-0.80482876;5453;2497.318;0.355109062;1
SWE;1910;-1.5220253;2.604286;-1.2398624;0.89814404;5499;2543.1285;0.355447959;1
SWE;1911;-3.926881;0.77831817;-1.5961631;0.71503207;5542;2606.4083;0.404876248;1
SWE;1912;1.6501731;0.98852429;0.2022541;1.1257349;5583;2705.308;0.427940397;1
SWE;1913;4.1512355;3.5315318;0.44718851;1.3637044;5621;2874.079;0.428898202;1
SWE;1914;-6.5505952;-3.28811;-3.3934898;-1.2331705;5659;2935.0664;0.376906904;1
SWE;1915;-4.098093;0.18962427;-2.9338122;-0.58118517;5696;3036.9984;0.525764675;1
SWE;1916;-0.75146446;3.4600385;-1.9543266;-1.1699557;5735;3205.4945;0.454148735;0.987262009
SWE;1917;-7.7342462;-15.62818;-3.2001694;-8.2834686;5779;3010.5254;0.298935298;0.94075388
SWE;1918;2.6988891;-4.7401629;2.4321598;-4.3708087;5807;2782.2451;0.276579496;0.856732572
SWE;1919;16.441965;-0.9885008;7.7175058;-2.274244;5830;2824.6555;0.360858385;0.75
SWE;1920;0.59741244;1.8652213;0.21525003;-1.54359;5876;3004.1672;0.433354941;0.643267428
SWE;1921;-15.903875;-13.412066;-6.4561002;-5.6034986;5929;2849.5334;0.23644926;0.584722102
SWE;1922;6.2404085;8.3222657;1.8339644;2.9791099;5971;3053.6399;0.263917835;0.605754248
SWE;1923;-0.97452029;0.77550572;-0.64436295;1.134221;5997;3151.3393;0.292033713;0.693518599
SWE;1924;0.7628791;2.8985486;0.13147532;1.7476352;6021;3366.4988;0.303484521;0.806481401
SWE;1925;-3.6773213;-2.2548997;-0.63826732;0.033562638;6045;3442.96;0.308212186;0.906983743
SWE;1926;7.4837728;4.4761564;3.0667364;2.4462168;6064;3610.6161;0.3140674;0.974524018
SWE;1927;-3.0549625;0.82969689;-0.15249305;1.252099;6081;3728.0402;0.337429581;1
SWE;1928;3.3173595;-0.059781759;2.6077396;1.1188645;6097;3834.6593;0.334013687;0.987262009
SWE;1929;3.3521102;5.0309982;2.5570217;2.8857058;6113;4062.7276;0.348497914;0.953491872
SWE;1930;2.8775295;1.5709548;2.5607207;0.48219305;6131;4237.691;0.308358843;0.903240701
SWE;1931;4.4369542;-3.233215;2.32587;-2.0268275;6152;4129.2242;0.261672692;0.846759299
SWE;1932;-4.8231505;-6.7124639;-1.9451973;-3.0907006;6176;3967.8843;0.230192458;0.796508128
SWE;1933;-0.79171544;1.19986;-0.57499501;0.49512672;6201;4033.4331;0.235923062;0.762737991
SWE;1934;-1.2711126;3.836895;-0.52585706;2.6587279;6222;4294.0837;0.26048464;0.75
SWE;1935;1.7491163;3.947809;1.2076352;3.0260386;6242;4491.7284;0.261069679;0.75
SWE;1936;2.5078282;3.5746463;1.4497615;2.8299935;6259;4640.375;0.280797306;0.746815502
SWE;1937;0.64441835;0.18077387;0.80281194;1.2491453;6276;4754.8563;0.33835676;0.73518847
SWE;1938;1.5447426;1.5286112;1.0220254;1.4941154;6297;4900.87;0.309648934;0.710998645
SWE;1939;4.7338813;6.4794662;0.59022636;1.9522748;6326;5251.1559;0.316313339;0.67268847
SWE;1940;-9.6588858;-11.708673;-5.2473737;-5.9219546;6356;4854.6377;0.226436842;0.621815502
SWE;1941;-6.4202737;-2.3507883;-4.8212591;-2.0877481;6389;4711.673;0.185316225;0.5625
SWE;1942;-6.084774;-1.4334271;-4.2270325;-1.1690736;6432;4740.5201;0.174610397;0.5
SWE;1943;1.8867216;2.4565399;-0.57115126;0.82930956;6490;4880.2854;0.156646728;0.4375
SWE;1944;0.57217346;-0.030829076;-1.1276263;0.29540593;6560;5011.0805;0.127419772;0.375
SWE;1945;-10.837773;-1.1081714;-3.2073656;0.4977909;6635;5145.1157;0.136603837;0.3125
SWE;1946;17.949334;7.089626;10.006914;4.4489317;6719;5645.518;0.250377335;0.25
SWE;1947;7.1313089;3.3100013;5.2362793;2.5061607;6803;6091.2617;0.320534849;0.1875
SWE;1948;-3.4513149;-1.6880409;-0.74498929;-0.096670202;6883;6161.8995;0.309712619;0.128184498
SWE;1949;-4.6751936;-0.80245011;-1.0547584;0.46113275;6955;6353.2054;0.284381148;0.083680525
SWE;1950;9.5247337;3.9439982;4.3288435;1.9441411;7014;6739.2262;0.368770661;0.062255419
SWE;1951;-3.6529976;-0.045566069;-0.98172408;0.31842395;7070;6948.8451;0.465183239;0.06319118
SWE;1952;1.1319247;-1.1601484;0.81016517;-0.081634151;7125;6996.1135;0.395884983;0.079804848
SWE;1953;0.21119462;0.73632535;0.35414338;0.7406454;7171;7144.5703;0.356257173;0.101745936
SWE;1954;1.720006;2.9757176;1.1670798;1.9434752;7213;7402.1036;0.367774276;0.118631004
SWE;1955;0.62546281;0.27712449;0.57389517;0.62043179;7262;7565.5535;0.379129203;0.144106987
SWE;1956;0.36451274;0.55176648;0.38432915;0.53642258;7315;7797.062;0.389221774;0.201131188
SWE;1957;-0.8990974;-0.33873165;-0.42830976;0.052813074;7364;8092.4251;0.400708919;0.293393013
SWE;1958;0.080825552;-0.2499395;0.25612967;0.38814041;7409;8082.8544;0.370152082;0.403240701
SWE;1959;1.333411;2.7177719;0.71319203;1.8467629;7446;8287.9302;0.360887614;0.506858158
SWE;1960;-0.64590721;1.1154438;0.38005255;1.5486966;7480;8687.5033;0.391929158;0.582638949
SWE;1961;2.9199235;2.9939441;1.7875476;2.2173557;7520;9136.9681;0.373755126;0.618631004
SWE;1962;0.97736436;1.6089366;1.2928508;2.2416862;7562;9468.7757;0.367200338;0.625
SWE;1963;2.0413244;2.6228448;1.7400607;2.535995;7604;9916.85;0.374916215;0.625
SWE;1964;1.4592318;3.8642935;1.3931964;2.8223702;7661;10515.379;0.383812113;0.625
SWE;1965;1.5214691;0.80492875;1.0192821;1.2341269;7734;10815.183;0.386749534;0.625
SWE;1966;-0.77928944;-0.90150097;0.23667074;-0.0691304;7808;10935.603;0.376386525;0.618631004
SWE;1967;-0.24421189;0.53224205;0.24026118;0.66081274;7868;11219.215;0.361493496;0.601745936
SWE;1968;1.7490733;1.0023283;1.0659973;1.1823672;7912;11561.231;0.370786437;0.57662035
SWE;1969;1.9250108;2.1846448;1.2159885;1.7948117;7968;12055.191;0.394604508;0.554748645
SWE;1970;0.78313585;3.3546556;0.47068158;1.9127805;8043;12716.343;0.414577358;0.546508128
SWE;1971;-2.3495275;-1.7749351;-0.62105388;-0.24189277;8098;12748.431;0.39962409;0.554748645
SWE;1972;1.3421323;-0.056480367;0.63968059;0.31294844;8122;13001.752;0.394423777;0.57662035
SWE;1973;0.63092586;1.6880484;0.8301041;0.83606557;8137;13493.561;0.443905903;0.601745936
SWE;1974;1.298078;0.83471333;0.8441661;0.60741219;8161;13884.586;0.563642256;0.618631004
SWE;1975;0.62193126;0.10762699;0.52415411;-0.12517236;8193;14183.339;0.480083781;0.625
SWE;1976;1.986708;-1.3371182;0.45239386;-1.2188436;8222;14281.631;0.486468135;0.625
SWE;1977;-3.1491909;-4.0021713;-1.7678152;-2.1937517;8252;14003.624;0.475379443;0.631368996
SWE;1978;-2.7578481;-0.58126862;-1.6569703;-0.66248079;8276;14207.362;0.46298218;0.648254064
SWE;1979;0.44059411;1.5292202;-0.94723856;0.095271486;8294;14721.018;0.521670665;0.67337965
SWE;1980;-2.7459904;-0.57340213;-2.0966828;-0.64094161;8310;14936.58;0.495963221;0.70162035
SWE;1981;-2.4316217;-2.3531051;-1.9156092;-1.3679049;8320;14916.549;0.485324294;0.726745936
SWE;1982;-0.88814966;-0.90055865;-1.6154699;-0.67403228;8325;15057.548;0.521377631;0.743631004
SWE;1983;-3.903788;-0.28071507;-1.9842322;-0.11237089;8329;15314.508;0.558082804;0.75
SWE;1984;-0.073747178;2.0655455;-0.22641146;0.93192426;8337;15908.312;0.558491786;0.75
SWE;1985;1.256401;-0.025612658;0.73644196;0.27778332;8350;16188.547;0.561385668;0.75
SWE;1986;3.1728724;0.56426189;1.9904024;0.60805544;8370;16505.23;0.505025562;0.75
SWE;1987;3.251278;1.0453758;2.0234873;0.66932498;8398;16948.845;0.504387842;0.756368996
SWE;1988;0.512576;0.15194591;0.46435891;-0.040286793;8436;17232.275;0.500611767;0.773254064
SWE;1989;-1.1305879;0.057937159;-0.97485231;-0.43051931;8493;17524.055;0.50091819;0.79837965
SWE;1990;-2.9860069;-1.7954984;-2.0516346;-1.8579375;8559;17608.902;0.464620541;0.82662035
SWE;1991;-1.4892247;-3.8516431;-2.0314525;-2.8715959;8617;17276.292;0.413743601;0.851745936
SWE;1992;-3.6748831;-3.8377536;-3.0745784;-3.1601818;8668;16969.003;0.403425181;0.868631004
SWE;1993;-5.9787923;-4.7057251;-3.8880819;-2.8279596;8719;16524.278;0.442186092;0.875
SWE;1994;-0.66806258;1.1096149;-1.498538;-0.17944597;8781;17066.265;0.499147861;0.875
SWE;1995;-1.3877468;1.2935154;-1.2197099;0.13910883;8827;17645.718;0.545880624;0.875
SWE;1996;-0.26971242;-0.85518416;-0.4707233;-0.11941799;8841;17901.289;0.526856537;0.875
SWE;1997;0.6901166;0.22123748;0.36059195;0.32590348;8846;18374.994;0.561542069;0.875
SWE;1998;1.1316312;1.5143429;0.80775255;1.245711;8851;19136.77;0.57523749;0.875
SWE;1999;1.9124913;2.321443;1.463324;1.6557145;8858;20012.53;0.567016436;0.875
SWE;2000;2.9576077;2.0578643;1.480627;1.3302975;8872;20871.247;0.620326858;0.875
SWE;2001;-1.5693679;-1.2332012;-0.22081367;-0.22865293;8940;21096.053;0.592866395;0.875
SWE;2002;-0.59605928;-0.37304272;-0.27955399;-0.14276094;8954;21585.525;0.569093606;0.875
SWE;2003;-0.35395271;-0.71828947;-0.14876104;0.059635193;8970;22049.978;0.562140189;0.875
SWE;2004;0.09714287;1.6348579;-0.13126343;0.85138132;8986;22942.612;0.585858334;0.875
SWE;2005;0.18662767;0.34956159;0.095825693;0.37458572;9002;23627.368;0.622937986;0.875
SWE;2006;0.47058161;1.9892276;-0.10243463;0.92539121;9017;24602.147;0.654677951;0.875
SWE;2007;-0.23519111;0.57687001;-0.96444403;-0.34701329;9031;25376.742;0.659467713;0.875
SWE;2008;-3.5527695;-3.3674793;-2.1875829;-2.5559077;9045;25181.204;0.676673951;0.875
SWE;2009;-2.9648205;-8.2056421;-1.6816966;-3.9910392;9128.0623;23877.515;0.580688695;0.875
SWE;2010;1.2203123;2.9340779;-0.21606383;0.023931711;9201.3526;25306.371;0.625881749;0.875
SWE;2011;-0.64952359;-0.1554605;-0.97972471;-1.0296094;9266.8253;26328.803;0.642130605;0.875
SWE;2012;-1.6971407;-3.0563357;-1.0027319;-1.8634927;9338.1612;26532.674;0.619192358;0.875
SWE;2013;-0.74937994;-1.6436247;-0.93154159;-1.269686;9425.1323;27044.003;0.565398263;0.875
SWE;2014;-0.63058857;-0.45106935;-0.64269336;-0.61493446;9524.8072;27949.337;0.560052987;0.875
SWE;2015;0.27016065;1.3354138;-0.46697899;0.11192378;9626.4364;29097.046;0.557613825;0.875
SWE;2016;-0.8552104;-0.10257569;-1.0310016;-0.64280873;9767.1537;29966.256;0.543066408;0.875
USA;1875;-2.0409023;0.84963177;-0.53069573;-0.77537684;45245;2598.5855;0.130841121;nan
USA;1876;2.2247102;-2.8815382;1.5479919;-1.4747672;46287;2570.3545;0.12327134;nan
USA;1877;3.9338315;-0.73819246;2.5684569;-0.19137495;47325;2595.3936;0.127615063;nan
USA;1878;-0.002591768;0.27553087;1.985529;1.3560402;48362;2645.9617;0.138652482;nan
USA;1879;6.4915209;7.9155954;4.9818811;4.9010141;49400;2909.4332;0.126045084;nan
USA;1880;9.0664869;7.3633879;5.2008397;4.9703864;50458;3183.955;0.146243548;nan
USA;1881;-5.7597674;-0.78489731;-1.3348087;0.98105273;51743;3215.4494;0.133986371;nan
USA;1882;3.3420066;1.60592;0.97055246;0.92473263;53027;3337.9599;0.121725732;nan
USA;1883;-4.340111;-2.4194748;-2.4385638;-1.614573;54311;3338.587;0.126658625;nan
USA;1884;-1.497642;-2.6985017;-1.3412768;-2.058673;55595;3320.2806;0.121889711;nan
USA;1885;-1.0810649;-3.5294338;-1.524848;-2.2670498;56879;3269.959;0.117129432;nan
USA;1886;-2.2905234;-0.91334208;-2.030343;-1.2332868;58164;3294.0651;0.110840042;nan
USA;1887;-1.9008544;0.64569432;-2.1484517;-0.68817067;59448;3368.2546;0.109319672;nan
USA;1888;-3.691048;-4.5611018;-2.7077985;-2.2624141;60732;3281.6637;0.1045;nan
USA;1889;-0.99465485;2.07416;-1.8036956;-0.30693458;62016;3413.2804;0.110245228;nan
USA;1890;-4.058687;-2.3893186;-2.0966368;-1.4194555;63302;3391.8983;0.111870196;1
USA;1891;2.3352108;-0.86897921;-0.37168312;-1.0620782;64612;3467.2637;0.113767836;1
USA;1892;-2.0049773;0.4062321;-1.6876743;-1.1613476;65922;3727.9956;0.11565944;1
USA;1893;-2.3487431;-4.3746919;-2.2526718;-2.9086887;67231;3478.412;0.114223307;1
USA;1894;-7.605523;-7.1291819;-2.8773582;-2.7021064;68541;3313.7996;0.112745098;1
USA;1895;7.5069769;7.6087645;1.8845904;1.6969015;69851;3644.2204;0.10200584;1
USA;1896;-4.1510992;-5.8804985;-1.2824182;-1.7205109;71161;3504.4281;0.112062904;1
USA;1897;3.4598091;4.2671518;1.7119911;1.8197641;72471;3769.4833;0.117051935;1
USA;1898;-2.2417005;-1.1764274;0.081766978;0.87967757;73781;3779.6917;0.105842414;1
USA;1899;6.9963017;7.5877181;3.0620977;3.8374515;75091;4051.3671;0.102112318;1
USA;1900;-3.0347792;-1.7234916;-0.0645195;1.2661012;76391;4090.7873;0.112491573;1
USA;1901;4.1451313;7.8481478;1.8860966;4.0720953;77888;4463.8632;0.107231809;1
USA;1902;-1.403411;-2.2669616;-0.40893102;-0.17605019;79469;4420.6301;0.097266815;1
USA;1903;-0.73655317;-0.93328592;-0.069166191;0.14942496;80946;4550.8944;0.096027502;1
USA;1904;-0.41504393;-0.077751561;0.1103896;0.45886508;82485;4409.532;0.09753934;1
USA;1905;3.393148;4.9769511;1.4230176;1.9385817;84147;4642.1639;0.093339297;1
USA;1906;0.43800182;0.19704605;-0.21967039;-0.64589336;85770;5079.1242;0.098321419;1
USA;1907;-2.9285688;-5.3753734;-1.7251077;-3.4445035;87339;5064.8904;0.099362163;1
USA;1908;-4.3456204;-9.6595101;-1.81912;-4.091145;89055;4560.616;0.103441475;1
USA;1909;3.1187517;7.2721177;0.29745315;1.2806593;90845;5017.496;0.093577136;1
USA;1910;-1.0426394;-3.6314251;-1.092976;-1.6052146;92767;4963.7357;0.100515617;1
USA;1911;-3.7509336;-0.35280518;-1.8738553;-0.335139;94234;5045.6839;0.106330209;1
USA;1912;0.37966503;2.1846603;-0.63014029;0.063127386;95703;5200.6985;0.105153;1
USA;1913;-0.088835347;-0.006546953;-0.98807845;-1.4221821;97606;5300.7295;0.11114204;1
USA;1914;-2.9765851;-11.946598;-2.1629652;-4.9902506;99505;4799.2011;0.117944123;0.987262009
USA;1915;-5.1637467;0.28653846;-2.3469789;0.53181158;100941;4864.1926;0.115831797;0.953491872
USA;1916;4.9536205;11.87311;0.93295103;4.6009311;102364;5458.6929;0.159187501;0.915978692
USA;1917;-0.43875118;-3.4002872;-1.4691413;-0.37336378;103817;5247.7369;0.154666711;0.893267428
USA;1918;-4.3627103;4.4423209;-3.3444663;1.1845408;104958;5658.9844;0.124126582;0.893267428
USA;1919;-5.4697627;-5.3845676;-4.2881553;-3.320488;105473;5680.4065;0.153647743;0.915978692
USA;1920;-6.5407032;-5.464915;-5.0455689;-3.8104693;106881;5552.3274;0.15359792;0.953491872
USA;1921;-8.4882304;-7.5760291;-4.1571165;-3.5307721;108964;5322.7336;0.095661652;0.987262009
USA;1922;6.3372903;3.6870161;2.3695435;2.0016666;110484;5539.8437;0.095481521;1
USA;1923;5.6733194;9.626802;2.5359362;4.3435284;112387;6164.199;0.093984091;1
USA;1924;-1.4221855;-1.2279364;0.524907;0.44768545;114558;6232.5507;0.095516369;1
USA;1925;2.6819451;-1.1887084;1.6588448;0.058822866;116284;6282.4189;0.101706962;1
USA;1926;1.0881897;2.6066919;0.62860359;0.76981868;117857;6602.4422;0.096051489;1
USA;1927;-1.4564016;-2.789673;-0.36381897;-1.5647237;119502;6576.4989;0.095173429;1
USA;1928;0.83904578;-1.3349739;-0.10231927;-1.2266354;120971;6569.3454;0.095356289;1
USA;1929;1.4031238;3.3068185;-1.1073912;-0.90091928;122245;6898.7222;0.093565966;1
USA;1930;-8.3621718;-12.133257;-5.5728985;-8.6176758;123668;6212.7127;0.075932755;1
USA;1931;-5.6583492;-9.4175103;-5.7047542;-8.8494085;124633;5691.3666;0.059043928;0.987262009
USA;1932;-11.733041;-16.617226;-7.8519139;-12.045326;125436;4908.3658;0.049865546;0.953491872
USA;1933;-4.5322665;-3.833962;-3.4532935;-3.257496;126180;4776.9155;0.056013986;0.903240701
USA;1934;4.4999037;7.7521892;1.9422366;4.2896301;126978;5113.6076;0.058488024;0.846759299
USA;1935;3.5748523;5.951344;3.0443961;5.4489239;127859;5466.8379;0.063310902;0.796508128
USA;1936;7.330974;9.723738;4.4429145;7.074108;128681;6203.8838;0.05975265;0.762737991
USA;1937;1.3115386;2.4850844;1.3776169;2.3578328;129464;6430.1215;0.070290323;0.751157999
USA;1938;-4.1497012;-6.2594698;-0.8034271;-2.081216;130476;6126.4657;0.060560641;0.755386011
USA;1939;2.9076796;5.061336;1.7405108;4.1064478;131539;6560.7527;0.059839572;0.764182311
USA;1940;2.0882313;5.2583485;1.73713;5.6314659;132637;7009.6372;0.065199223;0.778113284
USA;1941;4.2483088;13.015237;1.8806022;11.664908;133922;8205.6831;0.066035549;0.796612545
USA;1942;-5.1653439;14.120391;-1.9453742;13.186229;135386;9741.1052;0.06553012;0.818181818
USA;1943;-0.27680659;12.042426;-0.13477669;11.14181;137272;11518.172;0.080773018;0.840909091
USA;1944;-0.047287403;4.7287521;0.47828885;3.8962753;138937;12333.45;0.081647373;0.863636364
USA;1945;3.2099189;-4.2054932;2.9347672;-4.3139025;140474;11708.648;0.061713409;0.886363636
USA;1946;8.8489135;-14.805861;5.0932331;-10.823564;141940;9196.543;0.064859526;0.909090909
USA;1947;-1.8349266;-4.8642927;-0.096610309;-4.4346223;144688;8885.9944;0.084805922;0.931818182
USA;1948;-1.2529251;0.64605041;-0.27267357;-0.83151028;147203;9064.5623;0.072270742;0.953387455
USA;1949;-0.72038024;-4.2276444;-0.046117385;-1.7507774;149770;8943.7443;0.068720674;0.971886716
USA;1950;2.8820902;4.8733083;1.1146109;2.7946154;152271;9561.3479;0.079780147;0.985817689
USA;1951;-1.848058;3.9187604;-0.63460851;2.5371057;154878;10116.246;0.091275554;0.994613989
USA;1952;-0.30398817;0.13688055;-0.017713777;0.57160524;157553;10315.545;0.086347566;0.998842001
USA;1953;1.3037523;0.93167487;0.43012203;0.12362065;160184;10612.608;0.080382345;1
USA;1954;-1.4721005;-4.4281521;-0.058546824;-1.8136189;163026;10359.108;0.07996676;1
USA;1955;3.6252496;3.2752615;1.4553161;0.93729081;165931;10896.855;0.081769122;1
USA;1956;-0.64426338;-1.7916043;-0.27950278;-1.3380541;168903;10914.282;0.089369029;1
USA;1957;-1.0853743;-1.7617046;-0.63782432;-1.3628129;171984;10919.987;0.092598442;1
USA;1958;-2.6273066;-4.615271;-1.0411803;-2.3241607;174882;10630.528;0.084180498;1
USA;1959;2.0972142;3.3400649;0.60134472;0.70718834;177830;11230.169;0.086267943;1
USA;1960;-0.58294651;-1.067979;-0.3912089;-0.46006964;180671;11328.476;0.09180011;1
USA;1961;-1.3410465;-1.2900596;-0.25897159;-0.22069581;183691;11401.734;0.089295225;1
USA;1962;1.6137932;2.4704625;0.94806485;1.5046288;186538;11904.985;0.089365394;1
USA;1963;0.90722132;0.93997014;1.2182711;1.36451;189242;12242.34;0.089610085;0.993631004
USA;1964;2.7589353;2.3724579;2.4241942;2.2255415;191889;12772.566;0.092009332;0.976745936
USA;1965;3.2065905;3.0897858;2.7069976;2.5637275;194303;13418.702;0.092342342;0.95162035
USA;1966;2.6904311;3.2750563;2.1729105;2.4510485;196560;14133.527;0.095674847;0.92337965
USA;1967;0.13500523;-0.53287471;1.0838298;0.57208328;198712;14330.03;0.096727399;0.898254064
USA;1968;2.8989215;1.8051403;2.0844799;1.1412751;200706;14862.939;0.100212202;0.881368996
USA;1969;0.9653368;0.13787421;1.0329244;-0.023755183;202677;15179.409;0.100426512;0.875
USA;1970;-0.59563649;-2.9480868;0.52721713;-1.2467715;205052;15029.846;0.107328748;0.875
USA;1971;0.78202532;0.12273342;1.0942256;0.20939791;207661;15304.299;0.107317178;0.881368996
USA;1972;3.1899805;2.1867018;1.908089;1.1965109;209896;15943.867;0.113127729;0.898254064
USA;1973;2.1380924;2.7468346;1.0758575;1.0399642;211909;16689.343;0.130521526;0.92337965
USA;1974;-3.4225077;-3.3759064;-1.1665054;-1.6258614;213854;16491.27;0.164078642;0.95162035
USA;1975;-0.43292225;-3.13461;0.01083231;-1.0740791;215973;16283.633;0.1547901;0.976745936
USA;1976;2.7246641;2.3373109;1.6135441;0.9105026;218035;16975.087;0.160124627;0.993631004
USA;1977;1.4447124;1.5977774;1.0918229;1.1947407;220239;17566.503;0.163842282;1
USA;1978;1.5406873;2.4600382;0.90874678;1.199642;222585;18372.972;0.169364763;1
USA;1979;-0.41819444;0.085554938;-0.47884324;-0.15769886;225055;18789.394;0.183437179;1
USA;1980;-2.9805419;-3.1425239;-1.5715785;-1.5021025;227726.5;18577.367;0.200733624;1
USA;1981;-1.2929858;-0.42140025;-0.90810247;-1.2308577;229966.2;18855.555;0.194012769;1
USA;1982;-1.2846008;-4.8807914;-0.35045305;-2.1647899;232187.8;18325.12;0.175306428;1
USA;1983;2.953399;1.5940596;1.6841583;0.91479222;234307.2;18920.156;0.16648113;1
USA;1984;2.6101691;4.1829122;2.1521714;2.3241865;236348.3;20122.667;0.175093424;1
USA;1985;2.4829846;1.2453703;2.0530704;1.1820798;238466.3;20717.323;0.165476108;1
USA;1986;1.3478534;0.56349404;1.4004111;1.0290052;240650.8;21236.085;0.168445819;1
USA;1987;0.67349264;0.50431686;0.8176331;0.70997338;242803.5;21787.694;0.17914562;1
USA;1988;1.3608107;1.2266156;0.899122;0.75228777;245021.4;22499.442;0.189977345;1
USA;1989;0.11969153;0.61538781;0.26208226;0.22114133;247341.7;23059.278;0.193395726;1
USA;1990;-0.83495625;-1.2049452;-0.84700284;-0.96477444;250131.9;23200.56;0.197651181;1
USA;1991;-2.9131158;-3.4687814;-1.3610604;-1.9931834;253492.5;22832.79;0.197416586;1
USA;1992;0.1276762;-0.03318101;-0.30296135;-0.64122373;256894.2;23284.982;0.198931843;1
USA;1993;0.26385422;-0.60771955;0.06968875;-0.4050651;260255.4;23640.113;0.199859712;1
USA;1994;0.74591138;0.80507112;0.47395635;0.20863813;263435.7;24312.789;0.209935283;1
USA;1995;-0.24174252;-0.64658241;0.055614643;-0.015228088;266557.1;24637.33;0.223819496;1
USA;1996;0.49515252;0.55591183;0.62253306;0.50588187;269667.4;25263.102;0.226111701;1
USA;1997;0.80712129;1.2937087;0.90931085;0.93961473;272911.8;26074.239;0.233443689;1
USA;1998;2.0610625;1.0107028;1.7638868;0.73892582;276115.3;26893.451;0.227594288;1
USA;1999;2.1430014;1.2984905;1.6280425;1.0506179;279294.7;27869.812;0.231934352;1
USA;2000;1.7719827;0.57903942;1.4135674;0.05131342;282158;28701.934;0.249832277;1
USA;2001;-0.30139957;-2.1905826;0.26659534;-1.1162104;284915;28726.094;0.228033384;1
USA;2002;-0.081322873;-1.2893103;0.24530858;-0.83032483;287501;28976.93;0.221496242;1
USA;2003;0.16515591;-0.31048821;0.33618437;-0.25185397;289986;29458.923;0.224504157;1
USA;2004;0.9019213;0.7341622;0.43166273;0.18798543;292806;30199.801;0.242949026;1
USA;2005;0.50799075;0.42585196;0.36194683;-0.10437066;295583;30841.645;0.255008134;1
USA;2006;0.45581966;-0.27604628;-0.041029349;-0.44179383;298442;31357.54;0.268733897;1
USA;2007;-0.97977109;-1.1315999;-1.0966909;-1.4490739;301280;31654.927;0.279587086;1
USA;2008;-2.8601076;-3.1813962;-1.983913;-2.6010373;304228;31251.266;0.299415366;1
USA;2009;-3.2014603;-5.63491;-2.1946515;-3.4333231;306879.73;29898.644;0.24765929;1
USA;2010;-0.6631296;-0.27950648;-0.98141451;-1.3168849;309262.89;30491.344;0.281822191;1
USA;2011;-0.2395932;-1.1003311;-0.60566366;-1.1530937;311522.29;31389.825;0.308853002;1
USA;2012;-1.0293395;-0.49024334;-0.87903962;-0.81787049;313783.68;32443.543;0.307145333;1
USA;2013;-0.98152981;-0.98032604;-0.67119287;-0.90553394;315972.19;33288.243;0.302263128;1
USA;2014;0.35253931;-0.14986325;-0.064681936;-0.34815227;318281.51;34504.07;0.301784239;1
USA;2015;1.1160784;0.14819292;0.35781328;-0.57636774;320568.86;35620.355;0.278717158;1
USA;2016;0.27171375;-1.1619278;-0.3287063;-1.193004;322783.33;36359.375;0.266644742;1